solid 
 facet normal -1.000000e+00  0.000000e+00  0.000000e+00
   outer loop
     vertex  0.000000e+00  0.000000e+00  6.000000e+01
     vertex  0.000000e+00  9.220086e+01  0.000000e+00
     vertex  0.000000e+00  0.000000e+00  0.000000e+00
   endloop
 endfacet
 facet normal -1.000000e+00  0.000000e+00  0.000000e+00
   outer loop
     vertex  0.000000e+00  0.000000e+00  6.000000e+01
     vertex  0.000000e+00  9.220086e+01  6.000000e+01
     vertex  0.000000e+00  9.220086e+01  0.000000e+00
   endloop
 endfacet
 facet normal  0.000000e+00 -1.000000e+00  0.000000e+00
   outer loop
     vertex  1.381340e+02  0.000000e+00  0.000000e+00
     vertex  0.000000e+00  0.000000e+00  6.000000e+01
     vertex  0.000000e+00  0.000000e+00  0.000000e+00
   endloop
 endfacet
 facet normal -0.000000e+00 -1.000000e+00 -0.000000e+00
   outer loop
     vertex  1.381340e+02  0.000000e+00  6.000000e+01
     vertex  0.000000e+00  0.000000e+00  6.000000e+01
     vertex  1.381340e+02  0.000000e+00  0.000000e+00
   endloop
 endfacet
 facet normal  0.000000e+00  0.000000e+00  1.000000e+00
   outer loop
     vertex  9.530015e+01  4.776155e+01  6.000000e+01
     vertex  9.201009e+01  5.067630e+01  6.000000e+01
     vertex  0.000000e+00  0.000000e+00  6.000000e+01
   endloop
 endfacet
 facet normal  0.000000e+00  0.000000e+00  1.000000e+00
   outer loop
     vertex  8.951317e+01  5.429370e+01  6.000000e+01
     vertex  0.000000e+00  0.000000e+00  6.000000e+01
     vertex  9.201009e+01  5.067630e+01  6.000000e+01
   endloop
 endfacet
 facet normal  0.000000e+00  0.000000e+00  1.000000e+00
   outer loop
     vertex  9.919215e+01  4.571887e+01  6.000000e+01
     vertex  0.000000e+00  0.000000e+00  6.000000e+01
     vertex  1.381340e+02  0.000000e+00  6.000000e+01
   endloop
 endfacet
 facet normal  0.000000e+00  0.000000e+00  1.000000e+00
   outer loop
     vertex  9.919215e+01  4.571887e+01  6.000000e+01
     vertex  9.530015e+01  4.776155e+01  6.000000e+01
     vertex  0.000000e+00  0.000000e+00  6.000000e+01
   endloop
 endfacet
 facet normal  0.000000e+00  0.000000e+00  1.000000e+00
   outer loop
     vertex  8.795451e+01  5.840355e+01  6.000000e+01
     vertex  0.000000e+00  9.220086e+01  6.000000e+01
     vertex  0.000000e+00  0.000000e+00  6.000000e+01
   endloop
 endfacet
 facet normal  0.000000e+00  0.000000e+00  1.000000e+00
   outer loop
     vertex  8.795451e+01  5.840355e+01  6.000000e+01
     vertex  0.000000e+00  0.000000e+00  6.000000e+01
     vertex  8.951317e+01  5.429370e+01  6.000000e+01
   endloop
 endfacet
 facet normal  0.000000e+00  0.000000e+00  1.000000e+00
   outer loop
     vertex  1.034599e+02  4.466697e+01  6.000000e+01
     vertex  9.919215e+01  4.571887e+01  6.000000e+01
     vertex  1.381340e+02  0.000000e+00  6.000000e+01
   endloop
 endfacet
 facet normal  0.000000e+00  0.000000e+00  1.000000e+00
   outer loop
     vertex  8.742470e+01  6.276697e+01  6.000000e+01
     vertex  0.000000e+00  9.220086e+01  6.000000e+01
     vertex  8.795451e+01  5.840355e+01  6.000000e+01
   endloop
 endfacet
 facet normal  0.000000e+00  0.000000e+00  1.000000e+00
   outer loop
     vertex  1.078554e+02  4.466697e+01  6.000000e+01
     vertex  1.034599e+02  4.466697e+01  6.000000e+01
     vertex  1.381340e+02  0.000000e+00  6.000000e+01
   endloop
 endfacet
 facet normal  0.000000e+00  0.000000e+00  1.000000e+00
   outer loop
     vertex  8.795451e+01  6.713040e+01  6.000000e+01
     vertex  0.000000e+00  9.220086e+01  6.000000e+01
     vertex  8.742470e+01  6.276697e+01  6.000000e+01
   endloop
 endfacet
 facet normal  0.000000e+00  0.000000e+00  1.000000e+00
   outer loop
     vertex  1.121231e+02  4.571887e+01  6.000000e+01
     vertex  1.078554e+02  4.466697e+01  6.000000e+01
     vertex  1.381340e+02  0.000000e+00  6.000000e+01
   endloop
 endfacet
 facet normal  0.000000e+00  0.000000e+00  1.000000e+00
   outer loop
     vertex  8.951317e+01  7.124025e+01  6.000000e+01
     vertex  0.000000e+00  9.220086e+01  6.000000e+01
     vertex  8.795451e+01  6.713040e+01  6.000000e+01
   endloop
 endfacet
 facet normal  0.000000e+00  0.000000e+00  1.000000e+00
   outer loop
     vertex  1.160151e+02  4.776155e+01  6.000000e+01
     vertex  1.121231e+02  4.571887e+01  6.000000e+01
     vertex  1.381340e+02  0.000000e+00  6.000000e+01
   endloop
 endfacet
 facet normal  0.000000e+00  0.000000e+00  1.000000e+00
   outer loop
     vertex  9.201009e+01  7.485765e+01  6.000000e+01
     vertex  0.000000e+00  9.220086e+01  6.000000e+01
     vertex  8.951317e+01  7.124025e+01  6.000000e+01
   endloop
 endfacet
 facet normal  0.000000e+00  0.000000e+00  1.000000e+00
   outer loop
     vertex  1.193052e+02  5.067630e+01  6.000000e+01
     vertex  1.160151e+02  4.776155e+01  6.000000e+01
     vertex  1.381340e+02  0.000000e+00  6.000000e+01
   endloop
 endfacet
 facet normal  0.000000e+00  0.000000e+00  1.000000e+00
   outer loop
     vertex  9.530015e+01  7.777239e+01  6.000000e+01
     vertex  0.000000e+00  9.220086e+01  6.000000e+01
     vertex  9.201009e+01  7.485765e+01  6.000000e+01
   endloop
 endfacet
 facet normal  0.000000e+00  0.000000e+00  1.000000e+00
   outer loop
     vertex  1.218021e+02  5.429370e+01  6.000000e+01
     vertex  1.193052e+02  5.067630e+01  6.000000e+01
     vertex  1.381340e+02  0.000000e+00  6.000000e+01
   endloop
 endfacet
 facet normal  0.000000e+00  0.000000e+00  1.000000e+00
   outer loop
     vertex  1.233608e+02  5.840355e+01  6.000000e+01
     vertex  1.218021e+02  5.429370e+01  6.000000e+01
     vertex  1.381340e+02  0.000000e+00  6.000000e+01
   endloop
 endfacet
 facet normal  2.291302e-15 -1.350190e-15  1.000000e+00
   outer loop
     vertex  1.381340e+02  9.220086e+01  6.000000e+01
     vertex  1.233608e+02  6.713040e+01  6.000000e+01
     vertex  1.238906e+02  6.276697e+01  6.000000e+01
   endloop
 endfacet
 facet normal  0.000000e+00  0.000000e+00  1.000000e+00
   outer loop
     vertex  1.381340e+02  9.220086e+01  6.000000e+01
     vertex  1.218021e+02  7.124025e+01  6.000000e+01
     vertex  1.233608e+02  6.713040e+01  6.000000e+01
   endloop
 endfacet
 facet normal  0.000000e+00  0.000000e+00  1.000000e+00
   outer loop
     vertex  1.381340e+02  9.220086e+01  6.000000e+01
     vertex  1.193052e+02  7.485765e+01  6.000000e+01
     vertex  1.218021e+02  7.124025e+01  6.000000e+01
   endloop
 endfacet
 facet normal  0.000000e+00  0.000000e+00  1.000000e+00
   outer loop
     vertex  1.381340e+02  9.220086e+01  6.000000e+01
     vertex  1.160151e+02  7.777239e+01  6.000000e+01
     vertex  1.193052e+02  7.485765e+01  6.000000e+01
   endloop
 endfacet
 facet normal  0.000000e+00  0.000000e+00  1.000000e+00
   outer loop
     vertex  1.381340e+02  9.220086e+01  6.000000e+01
     vertex  1.121231e+02  7.981507e+01  6.000000e+01
     vertex  1.160151e+02  7.777239e+01  6.000000e+01
   endloop
 endfacet
 facet normal  0.000000e+00  0.000000e+00  1.000000e+00
   outer loop
     vertex  1.381340e+02  9.220086e+01  6.000000e+01
     vertex  1.078554e+02  8.086698e+01  6.000000e+01
     vertex  1.121231e+02  7.981507e+01  6.000000e+01
   endloop
 endfacet
 facet normal  0.000000e+00  0.000000e+00  1.000000e+00
   outer loop
     vertex  1.381340e+02  9.220086e+01  6.000000e+01
     vertex  1.034599e+02  8.086698e+01  6.000000e+01
     vertex  1.078554e+02  8.086698e+01  6.000000e+01
   endloop
 endfacet
 facet normal -5.158242e-15  2.254728e-15  1.000000e+00
   outer loop
     vertex  1.381340e+02  9.220086e+01  6.000000e+01
     vertex  1.238906e+02  6.276697e+01  6.000000e+01
     vertex  1.233608e+02  5.840355e+01  6.000000e+01
   endloop
 endfacet
 facet normal  0.000000e+00  0.000000e+00  1.000000e+00
   outer loop
     vertex  1.381340e+02  9.220086e+01  6.000000e+01
     vertex  1.233608e+02  5.840355e+01  6.000000e+01
     vertex  1.381340e+02  0.000000e+00  6.000000e+01
   endloop
 endfacet
 facet normal  0.000000e+00  0.000000e+00  1.000000e+00
   outer loop
     vertex  1.381340e+02  9.220086e+01  6.000000e+01
     vertex  0.000000e+00  9.220086e+01  6.000000e+01
     vertex  1.034599e+02  8.086698e+01  6.000000e+01
   endloop
 endfacet
 facet normal  0.000000e+00  0.000000e+00  1.000000e+00
   outer loop
     vertex  1.034599e+02  8.086698e+01  6.000000e+01
     vertex  0.000000e+00  9.220086e+01  6.000000e+01
     vertex  9.919215e+01  7.981507e+01  6.000000e+01
   endloop
 endfacet
 facet normal  0.000000e+00  0.000000e+00  1.000000e+00
   outer loop
     vertex  9.919215e+01  7.981507e+01  6.000000e+01
     vertex  0.000000e+00  9.220086e+01  6.000000e+01
     vertex  9.530015e+01  7.777239e+01  6.000000e+01
   endloop
 endfacet
 facet normal  0.000000e+00  1.000000e+00  0.000000e+00
   outer loop
     vertex  1.381340e+02  9.220086e+01  0.000000e+00
     vertex  0.000000e+00  9.220086e+01  0.000000e+00
     vertex  0.000000e+00  9.220086e+01  6.000000e+01
   endloop
 endfacet
 facet normal  0.000000e+00  1.000000e+00  0.000000e+00
   outer loop
     vertex  1.381340e+02  9.220086e+01  6.000000e+01
     vertex  1.381340e+02  9.220086e+01  0.000000e+00
     vertex  0.000000e+00  9.220086e+01  6.000000e+01
   endloop
 endfacet
 facet normal  0.000000e+00  0.000000e+00 -1.000000e+00
   outer loop
     vertex  1.381340e+02  0.000000e+00  0.000000e+00
     vertex  0.000000e+00  0.000000e+00  0.000000e+00
     vertex  0.000000e+00  9.220086e+01  0.000000e+00
   endloop
 endfacet
 facet normal -0.000000e+00 -0.000000e+00 -1.000000e+00
   outer loop
     vertex  1.381340e+02  9.220086e+01  0.000000e+00
     vertex  1.381340e+02  0.000000e+00  0.000000e+00
     vertex  0.000000e+00  9.220086e+01  0.000000e+00
   endloop
 endfacet
 facet normal  1.000000e+00  0.000000e+00  0.000000e+00
   outer loop
     vertex  1.381340e+02  0.000000e+00  6.000000e+01
     vertex  1.381340e+02  0.000000e+00  0.000000e+00
     vertex  1.381340e+02  9.220086e+01  0.000000e+00
   endloop
 endfacet
 facet normal  1.000000e+00 -0.000000e+00  0.000000e+00
   outer loop
     vertex  1.381340e+02  0.000000e+00  6.000000e+01
     vertex  1.381340e+02  9.220086e+01  0.000000e+00
     vertex  1.381340e+02  9.220086e+01  6.000000e+01
   endloop
 endfacet
 facet normal -1.148192e-01 -6.945284e-03  9.933621e-01
   outer loop
     vertex  1.099424e+02  6.328724e+01  3.652408e+01
     vertex  1.056576e+02  6.276697e+01  3.602518e+01
     vertex  1.099739e+02  6.276697e+01  3.652408e+01
   endloop
 endfacet
 facet normal -3.383398e-01 -2.046579e-02  9.408014e-01
   outer loop
     vertex  1.099424e+02  6.328724e+01  3.652408e+01
     vertex  1.099739e+02  6.276697e+01  3.652408e+01
     vertex  1.140625e+02  6.276697e+01  3.799447e+01
   endloop
 endfacet
 facet normal -1.122934e-01 -2.767783e-02  9.932896e-01
   outer loop
     vertex  1.096934e+02  6.429754e+01  3.652408e+01
     vertex  1.056576e+02  6.276697e+01  3.602518e+01
     vertex  1.099424e+02  6.328724e+01  3.652408e+01
   endloop
 endfacet
 facet normal -1.024066e-01 -5.374713e-02  9.932896e-01
   outer loop
     vertex  1.092098e+02  6.521888e+01  3.652408e+01
     vertex  1.056576e+02  6.276697e+01  3.602518e+01
     vertex  1.096934e+02  6.429754e+01  3.652408e+01
   endloop
 endfacet
 facet normal -3.263518e-01 -8.043851e-02  9.418196e-01
   outer loop
     vertex  1.138183e+02  6.477839e+01  3.799447e+01
     vertex  1.096934e+02  6.429754e+01  3.652408e+01
     vertex  1.099424e+02  6.328724e+01  3.652408e+01
   endloop
 endfacet
 facet normal -3.404578e-01 -4.133906e-02  9.393506e-01
   outer loop
     vertex  1.138183e+02  6.477839e+01  3.799447e+01
     vertex  1.099424e+02  6.328724e+01  3.652408e+01
     vertex  1.140625e+02  6.276697e+01  3.799447e+01
   endloop
 endfacet
 facet normal -8.656833e-02 -7.669284e-02  9.932896e-01
   outer loop
     vertex  1.085198e+02  6.599773e+01  3.652408e+01
     vertex  1.056576e+02  6.276697e+01  3.602518e+01
     vertex  1.092098e+02  6.521888e+01  3.652408e+01
   endloop
 endfacet
 facet normal -3.206716e-01 -1.216147e-01  9.393506e-01
   outer loop
     vertex  1.130998e+02  6.667291e+01  3.799447e+01
     vertex  1.096934e+02  6.429754e+01  3.652408e+01
     vertex  1.138183e+02  6.477839e+01  3.799447e+01
   endloop
 endfacet
 facet normal -2.976185e-01 -1.562022e-01  9.418196e-01
   outer loop
     vertex  1.130998e+02  6.667291e+01  3.799447e+01
     vertex  1.092098e+02  6.521888e+01  3.652408e+01
     vertex  1.096934e+02  6.429754e+01  3.652408e+01
   endloop
 endfacet
 facet normal -5.438583e-01 -3.289737e-02  8.385320e-01
   outer loop
     vertex  1.176200e+02  6.421947e+01  4.035881e+01
     vertex  1.140625e+02  6.276697e+01  3.799447e+01
     vertex  1.177079e+02  6.276697e+01  4.035881e+01
   endloop
 endfacet
 facet normal -7.205131e-01 -4.358301e-02  6.920704e-01
   outer loop
     vertex  1.176200e+02  6.421947e+01  4.035881e+01
     vertex  1.177079e+02  6.276697e+01  4.035881e+01
     vertex  1.207178e+02  6.276697e+01  4.349240e+01
   endloop
 endfacet
 facet normal -5.338528e-01 -6.482146e-02  8.430892e-01
   outer loop
     vertex  1.176200e+02  6.421947e+01  4.035881e+01
     vertex  1.138183e+02  6.477839e+01  3.799447e+01
     vertex  1.140625e+02  6.276697e+01  3.799447e+01
   endloop
 endfacet
 facet normal -6.569901e-02 -9.518145e-02  9.932896e-01
   outer loop
     vertex  1.076635e+02  6.658882e+01  3.652408e+01
     vertex  1.056576e+02  6.276697e+01  3.602518e+01
     vertex  1.085198e+02  6.599773e+01  3.652408e+01
   endloop
 endfacet
 facet normal -2.515886e-01 -2.228880e-01  9.418196e-01
   outer loop
     vertex  1.119488e+02  6.834043e+01  3.799447e+01
     vertex  1.085198e+02  6.599773e+01  3.652408e+01
     vertex  1.092098e+02  6.521888e+01  3.652408e+01
   endloop
 endfacet
 facet normal -2.822492e-01 -1.948226e-01  9.393506e-01
   outer loop
     vertex  1.119488e+02  6.834043e+01  3.799447e+01
     vertex  1.092098e+02  6.521888e+01  3.652408e+01
     vertex  1.130998e+02  6.667291e+01  3.799447e+01
   endloop
 endfacet
 facet normal -5.028272e-01 -1.906972e-01  8.430892e-01
   outer loop
     vertex  1.169248e+02  6.704005e+01  4.035881e+01
     vertex  1.130998e+02  6.667291e+01  3.799447e+01
     vertex  1.138183e+02  6.477839e+01  3.799447e+01
   endloop
 endfacet
 facet normal -5.374251e-01 -1.324634e-01  8.328431e-01
   outer loop
     vertex  1.169248e+02  6.704005e+01  4.035881e+01
     vertex  1.138183e+02  6.477839e+01  3.799447e+01
     vertex  1.176200e+02  6.421947e+01  4.035881e+01
   endloop
 endfacet
 facet normal -4.101150e-02 -1.081384e-01  9.932896e-01
   outer loop
     vertex  1.066906e+02  6.695780e+01  3.652408e+01
     vertex  1.056576e+02  6.276697e+01  3.602518e+01
     vertex  1.076635e+02  6.658882e+01  3.652408e+01
   endloop
 endfacet
 facet normal -2.274235e-01 -2.567080e-01  9.393506e-01
   outer loop
     vertex  1.104322e+02  6.968405e+01  3.799447e+01
     vertex  1.085198e+02  6.599773e+01  3.652408e+01
     vertex  1.119488e+02  6.834043e+01  3.799447e+01
   endloop
 endfacet
 facet normal -1.909373e-01 -2.766204e-01  9.418196e-01
   outer loop
     vertex  1.104322e+02  6.968405e+01  3.799447e+01
     vertex  1.076635e+02  6.658882e+01  3.652408e+01
     vertex  1.085198e+02  6.599773e+01  3.652408e+01
   endloop
 endfacet
 facet normal -4.901080e-01 -2.572285e-01  8.328431e-01
   outer loop
     vertex  1.155748e+02  6.961230e+01  4.035881e+01
     vertex  1.130998e+02  6.667291e+01  3.799447e+01
     vertex  1.169248e+02  6.704005e+01  4.035881e+01
   endloop
 endfacet
 facet normal -4.425791e-01 -3.054903e-01  8.430892e-01
   outer loop
     vertex  1.155748e+02  6.961230e+01  4.035881e+01
     vertex  1.119488e+02  6.834043e+01  3.799447e+01
     vertex  1.130998e+02  6.667291e+01  3.799447e+01
   endloop
 endfacet
 facet normal -7.285716e-01 -8.846460e-02  6.792330e-01
   outer loop
     vertex  1.202802e+02  6.637110e+01  4.349240e+01
     vertex  1.176200e+02  6.421947e+01  4.035881e+01
     vertex  1.207178e+02  6.276697e+01  4.349240e+01
   endloop
 endfacet
 facet normal -6.904970e-01 -1.701922e-01  7.030281e-01
   outer loop
     vertex  1.202802e+02  6.637110e+01  4.349240e+01
     vertex  1.169248e+02  6.704005e+01  4.035881e+01
     vertex  1.176200e+02  6.421947e+01  4.035881e+01
   endloop
 endfacet
 facet normal -1.394056e-02 -1.148108e-01  9.932896e-01
   outer loop
     vertex  1.056576e+02  6.708322e+01  3.652408e+01
     vertex  1.056576e+02  6.276697e+01  3.602518e+01
     vertex  1.066906e+02  6.695780e+01  3.652408e+01
   endloop
 endfacet
 facet normal -1.593807e-01 -3.036746e-01  9.393506e-01
   outer loop
     vertex  1.086381e+02  7.062566e+01  3.799447e+01
     vertex  1.076635e+02  6.658882e+01  3.652408e+01
     vertex  1.104322e+02  6.968405e+01  3.799447e+01
   endloop
 endfacet
 facet normal -1.191894e-01 -3.142766e-01  9.418196e-01
   outer loop
     vertex  1.086381e+02  7.062566e+01  3.799447e+01
     vertex  1.066906e+02  6.695780e+01  3.652408e+01
     vertex  1.076635e+02  6.658882e+01  3.652408e+01
   endloop
 endfacet
 facet normal -3.566100e-01 -4.025294e-01  8.430892e-01
   outer loop
     vertex  1.136484e+02  7.178672e+01  4.035881e+01
     vertex  1.104322e+02  6.968405e+01  3.799447e+01
     vertex  1.119488e+02  6.834043e+01  3.799447e+01
   endloop
 endfacet
 facet normal -4.143075e-01 -3.670444e-01  8.328431e-01
   outer loop
     vertex  1.136484e+02  7.178672e+01  4.035881e+01
     vertex  1.119488e+02  6.834043e+01  3.799447e+01
     vertex  1.155748e+02  6.961230e+01  4.035881e+01
   endloop
 endfacet
 facet normal -6.297027e-01 -3.304935e-01  7.030281e-01
   outer loop
     vertex  1.189927e+02  6.976577e+01  4.349240e+01
     vertex  1.155748e+02  6.961230e+01  4.035881e+01
     vertex  1.169248e+02  6.704005e+01  4.035881e+01
   endloop
 endfacet
 facet normal -6.862296e-01 -2.602526e-01  6.792330e-01
   outer loop
     vertex  1.189927e+02  6.976577e+01  4.349240e+01
     vertex  1.169248e+02  6.704005e+01  4.035881e+01
     vertex  1.202802e+02  6.637110e+01  4.349240e+01
   endloop
 endfacet
 facet normal -8.590483e-01 -5.196285e-02  5.092502e-01
   outer loop
     vertex  1.228075e+02  6.484935e+01  4.723000e+01
     vertex  1.207178e+02  6.276697e+01  4.349240e+01
     vertex  1.229335e+02  6.276697e+01  4.723000e+01
   endloop
 endfacet
 facet normal -9.522745e-01 -5.760199e-02  2.997588e-01
   outer loop
     vertex  1.228075e+02  6.484935e+01  4.723000e+01
     vertex  1.229335e+02  6.276697e+01  4.723000e+01
     vertex  1.242381e+02  6.276697e+01  5.137450e+01
   endloop
 endfacet
 facet normal -8.428797e-01 -1.023441e-01  5.282797e-01
   outer loop
     vertex  1.228075e+02  6.484935e+01  4.723000e+01
     vertex  1.202802e+02  6.637110e+01  4.349240e+01
     vertex  1.207178e+02  6.276697e+01  4.349240e+01
   endloop
 endfacet
 facet normal  1.394056e-02 -1.148108e-01  9.932896e-01
   outer loop
     vertex  1.046247e+02  6.695780e+01  3.652408e+01
     vertex  1.056576e+02  6.276697e+01  3.602518e+01
     vertex  1.056576e+02  6.708322e+01  3.652408e+01
   endloop
 endfacet
 facet normal -8.207531e-02 -3.329926e-01  9.393506e-01
   outer loop
     vertex  1.066707e+02  7.111056e+01  3.799447e+01
     vertex  1.066906e+02  6.695780e+01  3.652408e+01
     vertex  1.086381e+02  7.062566e+01  3.799447e+01
   endloop
 endfacet
 facet normal -4.051465e-02 -3.336682e-01  9.418196e-01
   outer loop
     vertex  1.066707e+02  7.111056e+01  3.799447e+01
     vertex  1.056576e+02  6.708322e+01  3.652408e+01
     vertex  1.066906e+02  6.695780e+01  3.652408e+01
   endloop
 endfacet
 facet normal -3.144290e-01 -4.555291e-01  8.328431e-01
   outer loop
     vertex  1.112577e+02  7.343694e+01  4.035881e+01
     vertex  1.104322e+02  6.968405e+01  3.799447e+01
     vertex  1.136484e+02  7.178672e+01  4.035881e+01
   endloop
 endfacet
 facet normal -2.499159e-01 -4.761750e-01  8.430892e-01
   outer loop
     vertex  1.112577e+02  7.343694e+01  4.035881e+01
     vertex  1.086381e+02  7.062566e+01  3.799447e+01
     vertex  1.104322e+02  6.968405e+01  3.799447e+01
   endloop
 endfacet
 facet normal -5.323124e-01 -4.715877e-01  7.030281e-01
   outer loop
     vertex  1.169303e+02  7.275370e+01  4.349240e+01
     vertex  1.136484e+02  7.178672e+01  4.035881e+01
     vertex  1.155748e+02  6.961230e+01  4.035881e+01
   endloop
 endfacet
 facet normal -6.040065e-01 -4.169156e-01  6.792330e-01
   outer loop
     vertex  1.169303e+02  7.275370e+01  4.349240e+01
     vertex  1.155748e+02  6.961230e+01  4.035881e+01
     vertex  1.189927e+02  6.976577e+01  4.349240e+01
   endloop
 endfacet
 facet normal -7.938946e-01 -3.010845e-01  5.282797e-01
   outer loop
     vertex  1.218108e+02  6.889307e+01  4.723000e+01
     vertex  1.189927e+02  6.976577e+01  4.349240e+01
     vertex  1.202802e+02  6.637110e+01  4.349240e+01
   endloop
 endfacet
 facet normal -8.474751e-01 -2.088839e-01  4.880096e-01
   outer loop
     vertex  1.218108e+02  6.889307e+01  4.723000e+01
     vertex  1.202802e+02  6.637110e+01  4.349240e+01
     vertex  1.228075e+02  6.484935e+01  4.723000e+01
   endloop
 endfacet
 facet normal  4.101150e-02 -1.081384e-01  9.932896e-01
   outer loop
     vertex  1.036518e+02  6.658882e+01  3.652408e+01
     vertex  1.056576e+02  6.276697e+01  3.602518e+01
     vertex  1.046247e+02  6.695780e+01  3.652408e+01
   endloop
 endfacet
 facet normal  4.051465e-02 -3.336682e-01  9.418196e-01
   outer loop
     vertex  1.046445e+02  7.111056e+01  3.799447e+01
     vertex  1.046247e+02  6.695780e+01  3.652408e+01
     vertex  1.056576e+02  6.708322e+01  3.652408e+01
   endloop
 endfacet
 facet normal  0.000000e+00 -3.429584e-01  9.393506e-01
   outer loop
     vertex  1.046445e+02  7.111056e+01  3.799447e+01
     vertex  1.056576e+02  6.708322e+01  3.652408e+01
     vertex  1.066707e+02  7.111056e+01  3.799447e+01
   endloop
 endfacet
 facet normal -1.286977e-01 -5.221470e-01  8.430892e-01
   outer loop
     vertex  1.085415e+02  7.446707e+01  4.035881e+01
     vertex  1.066707e+02  7.111056e+01  3.799447e+01
     vertex  1.086381e+02  7.062566e+01  3.799447e+01
   endloop
 endfacet
 facet normal -1.962770e-01 -5.175400e-01  8.328431e-01
   outer loop
     vertex  1.085415e+02  7.446707e+01  4.035881e+01
     vertex  1.086381e+02  7.062566e+01  3.799447e+01
     vertex  1.112577e+02  7.343694e+01  4.035881e+01
   endloop
 endfacet
 facet normal -4.866808e-01 -5.493490e-01  6.792330e-01
   outer loop
     vertex  1.142128e+02  7.516123e+01  4.349240e+01
     vertex  1.136484e+02  7.178672e+01  4.035881e+01
     vertex  1.169303e+02  7.275370e+01  4.349240e+01
   endloop
 endfacet
 facet normal -4.039861e-01 -5.852749e-01  7.030281e-01
   outer loop
     vertex  1.142128e+02  7.516123e+01  4.349240e+01
     vertex  1.112577e+02  7.343694e+01  4.035881e+01
     vertex  1.136484e+02  7.178672e+01  4.035881e+01
   endloop
 endfacet
 facet normal -6.987712e-01 -4.823270e-01  5.282797e-01
   outer loop
     vertex  1.198754e+02  7.258076e+01  4.723000e+01
     vertex  1.169303e+02  7.275370e+01  4.349240e+01
     vertex  1.189927e+02  6.976577e+01  4.349240e+01
   endloop
 endfacet
 facet normal -7.728599e-01 -4.056282e-01  4.880096e-01
   outer loop
     vertex  1.198754e+02  7.258076e+01  4.723000e+01
     vertex  1.189927e+02  6.976577e+01  4.349240e+01
     vertex  1.218108e+02  6.889307e+01  4.723000e+01
   endloop
 endfacet
 facet normal -9.554215e-01 -1.160092e-01  2.714989e-01
   outer loop
     vertex  1.236982e+02  6.721356e+01  5.137450e+01
     vertex  1.228075e+02  6.484935e+01  4.723000e+01
     vertex  1.242381e+02  6.276697e+01  5.137450e+01
   endloop
 endfacet
 facet normal -9.178041e-01 -2.262184e-01  3.262834e-01
   outer loop
     vertex  1.236982e+02  6.721356e+01  5.137450e+01
     vertex  1.218108e+02  6.889307e+01  4.723000e+01
     vertex  1.228075e+02  6.484935e+01  4.723000e+01
   endloop
 endfacet
 facet normal  6.569901e-02 -9.518145e-02  9.932896e-01
   outer loop
     vertex  1.027954e+02  6.599773e+01  3.652408e+01
     vertex  1.056576e+02  6.276697e+01  3.602518e+01
     vertex  1.036518e+02  6.658882e+01  3.652408e+01
   endloop
 endfacet
 facet normal  1.191894e-01 -3.142766e-01  9.418196e-01
   outer loop
     vertex  1.026772e+02  7.062566e+01  3.799447e+01
     vertex  1.036518e+02  6.658882e+01  3.652408e+01
     vertex  1.046247e+02  6.695780e+01  3.652408e+01
   endloop
 endfacet
 facet normal  8.207531e-02 -3.329926e-01  9.393506e-01
   outer loop
     vertex  1.026772e+02  7.062566e+01  3.799447e+01
     vertex  1.046247e+02  6.695780e+01  3.652408e+01
     vertex  1.046445e+02  7.111056e+01  3.799447e+01
   endloop
 endfacet
 facet normal  0.000000e+00 -5.377737e-01  8.430892e-01
   outer loop
     vertex  1.056576e+02  7.481723e+01  4.035881e+01
     vertex  1.046445e+02  7.111056e+01  3.799447e+01
     vertex  1.066707e+02  7.111056e+01  3.799447e+01
   endloop
 endfacet
 facet normal -6.671815e-02 -5.494734e-01  8.328431e-01
   outer loop
     vertex  1.056576e+02  7.481723e+01  4.035881e+01
     vertex  1.066707e+02  7.111056e+01  3.799447e+01
     vertex  1.085415e+02  7.446707e+01  4.035881e+01
   endloop
 endfacet
 facet normal -2.521815e-01 -6.649481e-01  7.030281e-01
   outer loop
     vertex  1.109980e+02  7.684846e+01  4.349240e+01
     vertex  1.085415e+02  7.446707e+01  4.035881e+01
     vertex  1.112577e+02  7.343694e+01  4.035881e+01
   endloop
 endfacet
 facet normal -3.410709e-01 -6.498563e-01  6.792330e-01
   outer loop
     vertex  1.109980e+02  7.684846e+01  4.349240e+01
     vertex  1.112577e+02  7.343694e+01  4.035881e+01
     vertex  1.142128e+02  7.516123e+01  4.349240e+01
   endloop
 endfacet
 facet normal -5.630378e-01 -6.355383e-01  5.282797e-01
   outer loop
     vertex  1.171136e+02  7.569811e+01  4.723000e+01
     vertex  1.142128e+02  7.516123e+01  4.349240e+01
     vertex  1.169303e+02  7.275370e+01  4.349240e+01
   endloop
 endfacet
 facet normal -6.533288e-01 -5.787988e-01  4.880096e-01
   outer loop
     vertex  1.171136e+02  7.569811e+01  4.723000e+01
     vertex  1.169303e+02  7.275370e+01  4.349240e+01
     vertex  1.198754e+02  7.258076e+01  4.723000e+01
   endloop
 endfacet
 facet normal -8.369968e-01 -4.392898e-01  3.262834e-01
   outer loop
     vertex  1.221098e+02  7.140173e+01  5.137450e+01
     vertex  1.198754e+02  7.258076e+01  4.723000e+01
     vertex  1.218108e+02  6.889307e+01  4.723000e+01
   endloop
 endfacet
 facet normal -8.998959e-01 -3.412855e-01  2.714989e-01
   outer loop
     vertex  1.221098e+02  7.140173e+01  5.137450e+01
     vertex  1.218108e+02  6.889307e+01  4.723000e+01
     vertex  1.236982e+02  6.721356e+01  5.137450e+01
   endloop
 endfacet
 facet normal -9.756933e-01 -1.184706e-01 -1.843562e-01
   outer loop
     vertex  1.244250e+02  6.504574e+01  5.570733e+01
     vertex  1.238906e+02  6.276697e+01  6.000000e+01
     vertex  1.233608e+02  6.713040e+01  6.000000e+01
   endloop
 endfacet
 facet normal -9.953938e-01 -6.021023e-02  7.460548e-02
   outer loop
     vertex  1.244250e+02  6.504574e+01  5.570733e+01
     vertex  1.242381e+02  6.276697e+01  5.137450e+01
     vertex  1.245628e+02  6.276697e+01  5.570733e+01
   endloop
 endfacet
 facet normal -9.861994e-01 -5.965407e-02 -1.544412e-01
   outer loop
     vertex  1.244250e+02  6.504574e+01  5.570733e+01
     vertex  1.245628e+02  6.276697e+01  5.570733e+01
     vertex  1.238906e+02  6.276697e+01  6.000000e+01
   endloop
 endfacet
 facet normal -9.871559e-01 -1.198624e-01  1.056230e-01
   outer loop
     vertex  1.244250e+02  6.504574e+01  5.570733e+01
     vertex  1.236982e+02  6.721356e+01  5.137450e+01
     vertex  1.242381e+02  6.276697e+01  5.137450e+01
   endloop
 endfacet
 facet normal  8.656833e-02 -7.669284e-02  9.932896e-01
   outer loop
     vertex  1.021054e+02  6.521888e+01  3.652408e+01
     vertex  1.056576e+02  6.276697e+01  3.602518e+01
     vertex  1.027954e+02  6.599773e+01  3.652408e+01
   endloop
 endfacet
 facet normal  1.909373e-01 -2.766204e-01  9.418196e-01
   outer loop
     vertex  1.008831e+02  6.968405e+01  3.799447e+01
     vertex  1.027954e+02  6.599773e+01  3.652408e+01
     vertex  1.036518e+02  6.658882e+01  3.652408e+01
   endloop
 endfacet
 facet normal  1.593807e-01 -3.036746e-01  9.393506e-01
   outer loop
     vertex  1.008831e+02  6.968405e+01  3.799447e+01
     vertex  1.036518e+02  6.658882e+01  3.652408e+01
     vertex  1.026772e+02  7.062566e+01  3.799447e+01
   endloop
 endfacet
 facet normal  1.286977e-01 -5.221470e-01  8.430892e-01
   outer loop
     vertex  1.027738e+02  7.446707e+01  4.035881e+01
     vertex  1.026772e+02  7.062566e+01  3.799447e+01
     vertex  1.046445e+02  7.111056e+01  3.799447e+01
   endloop
 endfacet
 facet normal  6.671815e-02 -5.494734e-01  8.328431e-01
   outer loop
     vertex  1.027738e+02  7.446707e+01  4.035881e+01
     vertex  1.046445e+02  7.111056e+01  3.799447e+01
     vertex  1.056576e+02  7.481723e+01  4.035881e+01
   endloop
 endfacet
 facet normal -8.572111e-02 -7.059769e-01  7.030281e-01
   outer loop
     vertex  1.074729e+02  7.771732e+01  4.349240e+01
     vertex  1.056576e+02  7.481723e+01  4.035881e+01
     vertex  1.085415e+02  7.446707e+01  4.035881e+01
   endloop
 endfacet
 facet normal -1.756392e-01 -7.125962e-01  6.792330e-01
   outer loop
     vertex  1.074729e+02  7.771732e+01  4.349240e+01
     vertex  1.085415e+02  7.446707e+01  4.035881e+01
     vertex  1.109980e+02  7.684846e+01  4.349240e+01
   endloop
 endfacet
 facet normal -4.958286e-01 -7.183318e-01  4.880096e-01
   outer loop
     vertex  1.136861e+02  7.806396e+01  4.723000e+01
     vertex  1.142128e+02  7.516123e+01  4.349240e+01
     vertex  1.171136e+02  7.569811e+01  4.723000e+01
   endloop
 endfacet
 facet normal -3.945827e-01 -7.518145e-01  5.282797e-01
   outer loop
     vertex  1.136861e+02  7.806396e+01  4.723000e+01
     vertex  1.109980e+02  7.684846e+01  4.349240e+01
     vertex  1.142128e+02  7.516123e+01  4.349240e+01
   endloop
 endfacet
 facet normal -7.075462e-01 -6.268313e-01  3.262834e-01
   outer loop
     vertex  1.195653e+02  7.508808e+01  5.137450e+01
     vertex  1.171136e+02  7.569811e+01  4.723000e+01
     vertex  1.198754e+02  7.258076e+01  4.723000e+01
   endloop
 endfacet
 facet normal -7.920716e-01 -5.467275e-01  2.714989e-01
   outer loop
     vertex  1.195653e+02  7.508808e+01  5.137450e+01
     vertex  1.198754e+02  7.258076e+01  4.723000e+01
     vertex  1.221098e+02  7.140173e+01  5.137450e+01
   endloop
 endfacet
 facet normal -9.189896e-01 -3.485268e-01 -1.843562e-01
   outer loop
     vertex  1.233343e+02  6.947085e+01  5.570733e+01
     vertex  1.233608e+02  6.713040e+01  6.000000e+01
     vertex  1.218021e+02  7.124025e+01  6.000000e+01
   endloop
 endfacet
 facet normal -9.635042e-01 -2.374825e-01 -1.235382e-01
   outer loop
     vertex  1.233343e+02  6.947085e+01  5.570733e+01
     vertex  1.244250e+02  6.504574e+01  5.570733e+01
     vertex  1.233608e+02  6.713040e+01  6.000000e+01
   endloop
 endfacet
 facet normal -9.297860e-01 -3.526213e-01  1.056230e-01
   outer loop
     vertex  1.233343e+02  6.947085e+01  5.570733e+01
     vertex  1.221098e+02  7.140173e+01  5.137450e+01
     vertex  1.236982e+02  6.721356e+01  5.137450e+01
   endloop
 endfacet
 facet normal -9.700397e-01 -2.390933e-01  4.309770e-02
   outer loop
     vertex  1.233343e+02  6.947085e+01  5.570733e+01
     vertex  1.236982e+02  6.721356e+01  5.137450e+01
     vertex  1.244250e+02  6.504574e+01  5.570733e+01
   endloop
 endfacet
 facet normal  1.024066e-01 -5.374713e-02  9.932896e-01
   outer loop
     vertex  1.016219e+02  6.429754e+01  3.652408e+01
     vertex  1.056576e+02  6.276697e+01  3.602518e+01
     vertex  1.021054e+02  6.521888e+01  3.652408e+01
   endloop
 endfacet
 facet normal  2.515886e-01 -2.228880e-01  9.418196e-01
   outer loop
     vertex  9.936651e+01  6.834043e+01  3.799447e+01
     vertex  1.021054e+02  6.521888e+01  3.652408e+01
     vertex  1.027954e+02  6.599773e+01  3.652408e+01
   endloop
 endfacet
 facet normal  2.274235e-01 -2.567080e-01  9.393506e-01
   outer loop
     vertex  9.936651e+01  6.834043e+01  3.799447e+01
     vertex  1.027954e+02  6.599773e+01  3.652408e+01
     vertex  1.008831e+02  6.968405e+01  3.799447e+01
   endloop
 endfacet
 facet normal  1.962770e-01 -5.175400e-01  8.328431e-01
   outer loop
     vertex  1.000576e+02  7.343694e+01  4.035881e+01
     vertex  1.026772e+02  7.062566e+01  3.799447e+01
     vertex  1.027738e+02  7.446707e+01  4.035881e+01
   endloop
 endfacet
 facet normal  2.499159e-01 -4.761750e-01  8.430892e-01
   outer loop
     vertex  1.000576e+02  7.343694e+01  4.035881e+01
     vertex  1.008831e+02  6.968405e+01  3.799447e+01
     vertex  1.026772e+02  7.062566e+01  3.799447e+01
   endloop
 endfacet
 facet normal  8.572111e-02 -7.059769e-01  7.030281e-01
   outer loop
     vertex  1.038423e+02  7.771732e+01  4.349240e+01
     vertex  1.027738e+02  7.446707e+01  4.035881e+01
     vertex  1.056576e+02  7.481723e+01  4.035881e+01
   endloop
 endfacet
 facet normal  0.000000e+00 -7.339227e-01  6.792330e-01
   outer loop
     vertex  1.038423e+02  7.771732e+01  4.349240e+01
     vertex  1.056576e+02  7.481723e+01  4.035881e+01
     vertex  1.074729e+02  7.771732e+01  4.349240e+01
   endloop
 endfacet
 facet normal -3.095127e-01 -8.161179e-01  4.880096e-01
   outer loop
     vertex  1.097920e+02  7.954079e+01  4.723000e+01
     vertex  1.109980e+02  7.684846e+01  4.349240e+01
     vertex  1.136861e+02  7.806396e+01  4.723000e+01
   endloop
 endfacet
 facet normal -2.031958e-01 -8.243979e-01  5.282797e-01
   outer loop
     vertex  1.097920e+02  7.954079e+01  4.723000e+01
     vertex  1.074729e+02  7.771732e+01  4.349240e+01
     vertex  1.109980e+02  7.684846e+01  4.349240e+01
   endloop
 endfacet
 facet normal -5.369757e-01 -7.779436e-01  3.262834e-01
   outer loop
     vertex  1.162125e+02  7.805838e+01  5.137450e+01
     vertex  1.136861e+02  7.806396e+01  4.723000e+01
     vertex  1.171136e+02  7.569811e+01  4.723000e+01
   endloop
 endfacet
 facet normal -6.382149e-01 -7.203958e-01  2.714989e-01
   outer loop
     vertex  1.162125e+02  7.805838e+01  5.137450e+01
     vertex  1.171136e+02  7.569811e+01  4.723000e+01
     vertex  1.195653e+02  7.508808e+01  5.137450e+01
   endloop
 endfacet
 facet normal -8.088775e-01 -5.583278e-01 -1.843562e-01
   outer loop
     vertex  1.212163e+02  7.350634e+01  5.570733e+01
     vertex  1.218021e+02  7.124025e+01  6.000000e+01
     vertex  1.193052e+02  7.485765e+01  6.000000e+01
   endloop
 endfacet
 facet normal -8.183803e-01 -5.648871e-01  1.056230e-01
   outer loop
     vertex  1.212163e+02  7.350634e+01  5.570733e+01
     vertex  1.195653e+02  7.508808e+01  5.137450e+01
     vertex  1.221098e+02  7.140173e+01  5.137450e+01
   endloop
 endfacet
 facet normal -8.846333e-01 -4.642914e-01  4.309770e-02
   outer loop
     vertex  1.212163e+02  7.350634e+01  5.570733e+01
     vertex  1.221098e+02  7.140173e+01  5.137450e+01
     vertex  1.233343e+02  6.947085e+01  5.570733e+01
   endloop
 endfacet
 facet normal -8.786733e-01 -4.611633e-01 -1.235382e-01
   outer loop
     vertex  1.212163e+02  7.350634e+01  5.570733e+01
     vertex  1.233343e+02  6.947085e+01  5.570733e+01
     vertex  1.218021e+02  7.124025e+01  6.000000e+01
   endloop
 endfacet
 facet normal  1.122934e-01 -2.767783e-02  9.932896e-01
   outer loop
     vertex  1.013729e+02  6.328724e+01  3.652408e+01
     vertex  1.056576e+02  6.276697e+01  3.602518e+01
     vertex  1.016219e+02  6.429754e+01  3.652408e+01
   endloop
 endfacet
 facet normal  2.976185e-01 -1.562022e-01  9.418196e-01
   outer loop
     vertex  9.821550e+01  6.667291e+01  3.799447e+01
     vertex  1.016219e+02  6.429754e+01  3.652408e+01
     vertex  1.021054e+02  6.521888e+01  3.652408e+01
   endloop
 endfacet
 facet normal  2.822492e-01 -1.948226e-01  9.393506e-01
   outer loop
     vertex  9.821550e+01  6.667291e+01  3.799447e+01
     vertex  1.021054e+02  6.521888e+01  3.652408e+01
     vertex  9.936651e+01  6.834043e+01  3.799447e+01
   endloop
 endfacet
 facet normal  3.566100e-01 -4.025294e-01  8.430892e-01
   outer loop
     vertex  9.766685e+01  7.178672e+01  4.035881e+01
     vertex  9.936651e+01  6.834043e+01  3.799447e+01
     vertex  1.008831e+02  6.968405e+01  3.799447e+01
   endloop
 endfacet
 facet normal  3.144290e-01 -4.555291e-01  8.328431e-01
   outer loop
     vertex  9.766685e+01  7.178672e+01  4.035881e+01
     vertex  1.008831e+02  6.968405e+01  3.799447e+01
     vertex  1.000576e+02  7.343694e+01  4.035881e+01
   endloop
 endfacet
 facet normal  2.521815e-01 -6.649481e-01  7.030281e-01
   outer loop
     vertex  1.003172e+02  7.684846e+01  4.349240e+01
     vertex  1.000576e+02  7.343694e+01  4.035881e+01
     vertex  1.027738e+02  7.446707e+01  4.035881e+01
   endloop
 endfacet
 facet normal  1.756392e-01 -7.125962e-01  6.792330e-01
   outer loop
     vertex  1.003172e+02  7.684846e+01  4.349240e+01
     vertex  1.027738e+02  7.446707e+01  4.035881e+01
     vertex  1.038423e+02  7.771732e+01  4.349240e+01
   endloop
 endfacet
 facet normal  0.000000e+00 -8.490704e-01  5.282797e-01
   outer loop
     vertex  1.056576e+02  8.004280e+01  4.723000e+01
     vertex  1.038423e+02  7.771732e+01  4.349240e+01
     vertex  1.074729e+02  7.771732e+01  4.349240e+01
   endloop
 endfacet
 facet normal -1.052090e-01 -8.664743e-01  4.880096e-01
   outer loop
     vertex  1.056576e+02  8.004280e+01  4.723000e+01
     vertex  1.074729e+02  7.771732e+01  4.349240e+01
     vertex  1.097920e+02  7.954079e+01  4.723000e+01
   endloop
 endfacet
 facet normal -4.472676e-01 -8.521972e-01  2.714989e-01
   outer loop
     vertex  1.122464e+02  8.013999e+01  5.137450e+01
     vertex  1.136861e+02  7.806396e+01  4.723000e+01
     vertex  1.162125e+02  7.805838e+01  5.137450e+01
   endloop
 endfacet
 facet normal -3.351981e-01 -8.838447e-01  3.262834e-01
   outer loop
     vertex  1.122464e+02  8.013999e+01  5.137450e+01
     vertex  1.097920e+02  7.954079e+01  4.723000e+01
     vertex  1.136861e+02  7.806396e+01  4.723000e+01
   endloop
 endfacet
 facet normal -6.517564e-01 -7.356809e-01 -1.843562e-01
   outer loop
     vertex  1.181941e+02  7.691771e+01  5.570733e+01
     vertex  1.193052e+02  7.485765e+01  6.000000e+01
     vertex  1.160151e+02  7.777239e+01  6.000000e+01
   endloop
 endfacet
 facet normal -7.427770e-01 -6.580430e-01 -1.235382e-01
   outer loop
     vertex  1.181941e+02  7.691771e+01  5.570733e+01
     vertex  1.212163e+02  7.350634e+01  5.570733e+01
     vertex  1.193052e+02  7.485765e+01  6.000000e+01
   endloop
 endfacet
 facet normal -6.594133e-01 -7.443238e-01  1.056230e-01
   outer loop
     vertex  1.181941e+02  7.691771e+01  5.570733e+01
     vertex  1.162125e+02  7.805838e+01  5.137450e+01
     vertex  1.195653e+02  7.508808e+01  5.137450e+01
   endloop
 endfacet
 facet normal -7.478153e-01 -6.625065e-01  4.309770e-02
   outer loop
     vertex  1.181941e+02  7.691771e+01  5.570733e+01
     vertex  1.195653e+02  7.508808e+01  5.137450e+01
     vertex  1.212163e+02  7.350634e+01  5.570733e+01
   endloop
 endfacet
 facet normal  0.000000e+00  0.000000e+00  0.000000e+00
   outer loop
     vertex  1.013729e+02  6.224671e+01  3.652408e+01
     vertex  1.056576e+02  6.276697e+01  3.602518e+01
     vertex  1.056576e+02  6.276697e+01  3.602518e+01
   endloop
 endfacet
 facet normal  1.156541e-01 -0.000000e+00  9.932896e-01
   outer loop
     vertex  1.013729e+02  6.224671e+01  3.652408e+01
     vertex  1.056576e+02  6.276697e+01  3.602518e+01
     vertex  1.013729e+02  6.328724e+01  3.652408e+01
   endloop
 endfacet
 facet normal  3.263518e-01 -8.043851e-02  9.418196e-01
   outer loop
     vertex  9.749700e+01  6.477839e+01  3.799447e+01
     vertex  1.013729e+02  6.328724e+01  3.652408e+01
     vertex  1.016219e+02  6.429754e+01  3.652408e+01
   endloop
 endfacet
 facet normal  3.206716e-01 -1.216147e-01  9.393506e-01
   outer loop
     vertex  9.749700e+01  6.477839e+01  3.799447e+01
     vertex  1.016219e+02  6.429754e+01  3.652408e+01
     vertex  9.821550e+01  6.667291e+01  3.799447e+01
   endloop
 endfacet
 facet normal  4.143075e-01 -3.670444e-01  8.328431e-01
   outer loop
     vertex  9.574048e+01  6.961230e+01  4.035881e+01
     vertex  9.936651e+01  6.834043e+01  3.799447e+01
     vertex  9.766685e+01  7.178672e+01  4.035881e+01
   endloop
 endfacet
 facet normal  4.425791e-01 -3.054903e-01  8.430892e-01
   outer loop
     vertex  9.574048e+01  6.961230e+01  4.035881e+01
     vertex  9.821550e+01  6.667291e+01  3.799447e+01
     vertex  9.936651e+01  6.834043e+01  3.799447e+01
   endloop
 endfacet
 facet normal  4.039861e-01 -5.852749e-01  7.030281e-01
   outer loop
     vertex  9.710250e+01  7.516123e+01  4.349240e+01
     vertex  9.766685e+01  7.178672e+01  4.035881e+01
     vertex  1.000576e+02  7.343694e+01  4.035881e+01
   endloop
 endfacet
 facet normal  3.410709e-01 -6.498563e-01  6.792330e-01
   outer loop
     vertex  9.710250e+01  7.516123e+01  4.349240e+01
     vertex  1.000576e+02  7.343694e+01  4.035881e+01
     vertex  1.003172e+02  7.684846e+01  4.349240e+01
   endloop
 endfacet
 facet normal  2.031958e-01 -8.243979e-01  5.282797e-01
   outer loop
     vertex  1.015233e+02  7.954079e+01  4.723000e+01
     vertex  1.003172e+02  7.684846e+01  4.349240e+01
     vertex  1.038423e+02  7.771732e+01  4.349240e+01
   endloop
 endfacet
 facet normal  1.052090e-01 -8.664743e-01  4.880096e-01
   outer loop
     vertex  1.015233e+02  7.954079e+01  4.723000e+01
     vertex  1.038423e+02  7.771732e+01  4.349240e+01
     vertex  1.056576e+02  8.004280e+01  4.723000e+01
   endloop
 endfacet
 facet normal -2.303267e-01 -9.344720e-01  2.714989e-01
   outer loop
     vertex  1.078973e+02  8.121194e+01  5.137450e+01
     vertex  1.097920e+02  7.954079e+01  4.723000e+01
     vertex  1.122464e+02  8.013999e+01  5.137450e+01
   endloop
 endfacet
 facet normal -1.139399e-01 -9.383799e-01  3.262834e-01
   outer loop
     vertex  1.078973e+02  8.121194e+01  5.137450e+01
     vertex  1.056576e+02  8.004280e+01  4.723000e+01
     vertex  1.097920e+02  7.954079e+01  4.723000e+01
   endloop
 endfacet
 facet normal -4.567576e-01 -8.702789e-01 -1.843562e-01
   outer loop
     vertex  1.144433e+02  7.950669e+01  5.570733e+01
     vertex  1.160151e+02  7.777239e+01  6.000000e+01
     vertex  1.121231e+02  7.981507e+01  6.000000e+01
   endloop
 endfacet
 facet normal -4.621236e-01 -8.805030e-01  1.056230e-01
   outer loop
     vertex  1.144433e+02  7.950669e+01  5.570733e+01
     vertex  1.122464e+02  8.013999e+01  5.137450e+01
     vertex  1.162125e+02  7.805838e+01  5.137450e+01
   endloop
 endfacet
 facet normal -5.675369e-01 -8.222192e-01  4.309770e-02
   outer loop
     vertex  1.144433e+02  7.950669e+01  5.570733e+01
     vertex  1.162125e+02  7.805838e+01  5.137450e+01
     vertex  1.181941e+02  7.691771e+01  5.570733e+01
   endloop
 endfacet
 facet normal -5.637133e-01 -8.166797e-01 -1.235382e-01
   outer loop
     vertex  1.144433e+02  7.950669e+01  5.570733e+01
     vertex  1.181941e+02  7.691771e+01  5.570733e+01
     vertex  1.160151e+02  7.777239e+01  6.000000e+01
   endloop
 endfacet
 facet normal  1.122934e-01  2.767783e-02  9.932896e-01
   outer loop
     vertex  1.016219e+02  6.123641e+01  3.652408e+01
     vertex  1.056576e+02  6.276697e+01  3.602518e+01
     vertex  1.013729e+02  6.224671e+01  3.652408e+01
   endloop
 endfacet
 facet normal  3.404578e-01 -4.133906e-02  9.393506e-01
   outer loop
     vertex  9.725277e+01  6.276697e+01  3.799447e+01
     vertex  1.013729e+02  6.328724e+01  3.652408e+01
     vertex  9.749700e+01  6.477839e+01  3.799447e+01
   endloop
 endfacet
 facet normal  3.361188e-01  0.000000e+00  9.418196e-01
   outer loop
     vertex  9.725277e+01  6.276697e+01  3.799447e+01
     vertex  1.013729e+02  6.224671e+01  3.652408e+01
     vertex  1.013729e+02  6.328724e+01  3.652408e+01
   endloop
 endfacet
 facet normal  5.028272e-01 -1.906972e-01  8.430892e-01
   outer loop
     vertex  9.439046e+01  6.704005e+01  4.035881e+01
     vertex  9.749700e+01  6.477839e+01  3.799447e+01
     vertex  9.821550e+01  6.667291e+01  3.799447e+01
   endloop
 endfacet
 facet normal  4.901080e-01 -2.572285e-01  8.328431e-01
   outer loop
     vertex  9.439046e+01  6.704005e+01  4.035881e+01
     vertex  9.821550e+01  6.667291e+01  3.799447e+01
     vertex  9.574048e+01  6.961230e+01  4.035881e+01
   endloop
 endfacet
 facet normal  5.323124e-01 -4.715877e-01  7.030281e-01
   outer loop
     vertex  9.438496e+01  7.275370e+01  4.349240e+01
     vertex  9.574048e+01  6.961230e+01  4.035881e+01
     vertex  9.766685e+01  7.178672e+01  4.035881e+01
   endloop
 endfacet
 facet normal  4.866808e-01 -5.493490e-01  6.792330e-01
   outer loop
     vertex  9.438496e+01  7.275370e+01  4.349240e+01
     vertex  9.766685e+01  7.178672e+01  4.035881e+01
     vertex  9.710250e+01  7.516123e+01  4.349240e+01
   endloop
 endfacet
 facet normal  3.945827e-01 -7.518145e-01  5.282797e-01
   outer loop
     vertex  9.762917e+01  7.806396e+01  4.723000e+01
     vertex  9.710250e+01  7.516123e+01  4.349240e+01
     vertex  1.003172e+02  7.684846e+01  4.349240e+01
   endloop
 endfacet
 facet normal  3.095127e-01 -8.161179e-01  4.880096e-01
   outer loop
     vertex  9.762917e+01  7.806396e+01  4.723000e+01
     vertex  1.003172e+02  7.684846e+01  4.349240e+01
     vertex  1.015233e+02  7.954079e+01  4.723000e+01
   endloop
 endfacet
 facet normal  1.139399e-01 -9.383799e-01  3.262834e-01
   outer loop
     vertex  1.034180e+02  8.121194e+01  5.137450e+01
     vertex  1.015233e+02  7.954079e+01  4.723000e+01
     vertex  1.056576e+02  8.004280e+01  4.723000e+01
   endloop
 endfacet
 facet normal  0.000000e+00 -9.624388e-01  2.714989e-01
   outer loop
     vertex  1.034180e+02  8.121194e+01  5.137450e+01
     vertex  1.056576e+02  8.004280e+01  4.723000e+01
     vertex  1.078973e+02  8.121194e+01  5.137450e+01
   endloop
 endfacet
 facet normal -2.352137e-01 -9.542994e-01 -1.843562e-01
   outer loop
     vertex  1.101820e+02  8.112281e+01  5.570733e+01
     vertex  1.121231e+02  7.981507e+01  6.000000e+01
     vertex  1.078554e+02  8.086698e+01  6.000000e+01
   endloop
 endfacet
 facet normal -2.379770e-01 -9.655106e-01  1.056230e-01
   outer loop
     vertex  1.101820e+02  8.112281e+01  5.570733e+01
     vertex  1.078973e+02  8.121194e+01  5.137450e+01
     vertex  1.122464e+02  8.013999e+01  5.137450e+01
   endloop
 endfacet
 facet normal -3.518885e-01 -9.278538e-01 -1.235382e-01
   outer loop
     vertex  1.101820e+02  8.112281e+01  5.570733e+01
     vertex  1.144433e+02  7.950669e+01  5.570733e+01
     vertex  1.121231e+02  7.981507e+01  6.000000e+01
   endloop
 endfacet
 facet normal -3.542754e-01 -9.341475e-01  4.309770e-02
   outer loop
     vertex  1.101820e+02  8.112281e+01  5.570733e+01
     vertex  1.122464e+02  8.013999e+01  5.137450e+01
     vertex  1.144433e+02  7.950669e+01  5.570733e+01
   endloop
 endfacet
 facet normal  1.024066e-01  5.374713e-02  9.932896e-01
   outer loop
     vertex  1.021054e+02  6.031507e+01  3.652408e+01
     vertex  1.056576e+02  6.276697e+01  3.602518e+01
     vertex  1.016219e+02  6.123641e+01  3.652408e+01
   endloop
 endfacet
 facet normal  3.263518e-01  8.043851e-02  9.418196e-01
   outer loop
     vertex  9.749700e+01  6.075556e+01  3.799447e+01
     vertex  1.016219e+02  6.123641e+01  3.652408e+01
     vertex  1.013729e+02  6.224671e+01  3.652408e+01
   endloop
 endfacet
 facet normal  3.404578e-01  4.133906e-02  9.393506e-01
   outer loop
     vertex  9.749700e+01  6.075556e+01  3.799447e+01
     vertex  1.013729e+02  6.224671e+01  3.652408e+01
     vertex  9.725277e+01  6.276697e+01  3.799447e+01
   endloop
 endfacet
 facet normal  5.374251e-01 -1.324634e-01  8.328431e-01
   outer loop
     vertex  9.369525e+01  6.421947e+01  4.035881e+01
     vertex  9.749700e+01  6.477839e+01  3.799447e+01
     vertex  9.439046e+01  6.704005e+01  4.035881e+01
   endloop
 endfacet
 facet normal  5.338528e-01 -6.482146e-02  8.430892e-01
   outer loop
     vertex  9.369525e+01  6.421947e+01  4.035881e+01
     vertex  9.725277e+01  6.276697e+01  3.799447e+01
     vertex  9.749700e+01  6.477839e+01  3.799447e+01
   endloop
 endfacet
 facet normal  6.297027e-01 -3.304935e-01  7.030281e-01
   outer loop
     vertex  9.232255e+01  6.976577e+01  4.349240e+01
     vertex  9.439046e+01  6.704005e+01  4.035881e+01
     vertex  9.574048e+01  6.961230e+01  4.035881e+01
   endloop
 endfacet
 facet normal  6.040065e-01 -4.169156e-01  6.792330e-01
   outer loop
     vertex  9.232255e+01  6.976577e+01  4.349240e+01
     vertex  9.574048e+01  6.961230e+01  4.035881e+01
     vertex  9.438496e+01  7.275370e+01  4.349240e+01
   endloop
 endfacet
 facet normal  5.630378e-01 -6.355383e-01  5.282797e-01
   outer loop
     vertex  9.420165e+01  7.569811e+01  4.723000e+01
     vertex  9.438496e+01  7.275370e+01  4.349240e+01
     vertex  9.710250e+01  7.516123e+01  4.349240e+01
   endloop
 endfacet
 facet normal  4.958286e-01 -7.183318e-01  4.880096e-01
   outer loop
     vertex  9.420165e+01  7.569811e+01  4.723000e+01
     vertex  9.710250e+01  7.516123e+01  4.349240e+01
     vertex  9.762917e+01  7.806396e+01  4.723000e+01
   endloop
 endfacet
 facet normal  3.351981e-01 -8.838447e-01  3.262834e-01
   outer loop
     vertex  9.906893e+01  8.013999e+01  5.137450e+01
     vertex  9.762917e+01  7.806396e+01  4.723000e+01
     vertex  1.015233e+02  7.954079e+01  4.723000e+01
   endloop
 endfacet
 facet normal  2.303267e-01 -9.344720e-01  2.714989e-01
   outer loop
     vertex  9.906893e+01  8.013999e+01  5.137450e+01
     vertex  1.015233e+02  7.954079e+01  4.723000e+01
     vertex  1.034180e+02  8.121194e+01  5.137450e+01
   endloop
 endfacet
 facet normal  0.000000e+00 -9.828595e-01 -1.843562e-01
   outer loop
     vertex  1.056576e+02  8.167216e+01  5.570733e+01
     vertex  1.078554e+02  8.086698e+01  6.000000e+01
     vertex  1.034599e+02  8.086698e+01  6.000000e+01
   endloop
 endfacet
 facet normal -1.196133e-01 -9.851045e-01 -1.235382e-01
   outer loop
     vertex  1.056576e+02  8.167216e+01  5.570733e+01
     vertex  1.101820e+02  8.112281e+01  5.570733e+01
     vertex  1.078554e+02  8.086698e+01  6.000000e+01
   endloop
 endfacet
 facet normal  0.000000e+00 -9.944062e-01  1.056230e-01
   outer loop
     vertex  1.056576e+02  8.167216e+01  5.570733e+01
     vertex  1.034180e+02  8.121194e+01  5.137450e+01
     vertex  1.078973e+02  8.121194e+01  5.137450e+01
   endloop
 endfacet
 facet normal -1.204247e-01 -9.917865e-01  4.309770e-02
   outer loop
     vertex  1.056576e+02  8.167216e+01  5.570733e+01
     vertex  1.078973e+02  8.121194e+01  5.137450e+01
     vertex  1.101820e+02  8.112281e+01  5.570733e+01
   endloop
 endfacet
 facet normal  8.656833e-02  7.669284e-02  9.932896e-01
   outer loop
     vertex  1.027954e+02  5.953622e+01  3.652408e+01
     vertex  1.056576e+02  6.276697e+01  3.602518e+01
     vertex  1.021054e+02  6.031507e+01  3.652408e+01
   endloop
 endfacet
 facet normal  3.206716e-01  1.216147e-01  9.393506e-01
   outer loop
     vertex  9.821550e+01  5.886104e+01  3.799447e+01
     vertex  1.016219e+02  6.123641e+01  3.652408e+01
     vertex  9.749700e+01  6.075556e+01  3.799447e+01
   endloop
 endfacet
 facet normal  2.976185e-01  1.562022e-01  9.418196e-01
   outer loop
     vertex  9.821550e+01  5.886104e+01  3.799447e+01
     vertex  1.021054e+02  6.031507e+01  3.652408e+01
     vertex  1.016219e+02  6.123641e+01  3.652408e+01
   endloop
 endfacet
 facet normal  5.338528e-01  6.482146e-02  8.430892e-01
   outer loop
     vertex  9.369525e+01  6.131448e+01  4.035881e+01
     vertex  9.749700e+01  6.075556e+01  3.799447e+01
     vertex  9.725277e+01  6.276697e+01  3.799447e+01
   endloop
 endfacet
 facet normal  5.535091e-01 -2.707694e-15  8.328431e-01
   outer loop
     vertex  9.369525e+01  6.131448e+01  4.035881e+01
     vertex  9.725277e+01  6.276697e+01  3.799447e+01
     vertex  9.369525e+01  6.421947e+01  4.035881e+01
   endloop
 endfacet
 facet normal  6.904970e-01 -1.701922e-01  7.030281e-01
   outer loop
     vertex  9.103512e+01  6.637110e+01  4.349240e+01
     vertex  9.369525e+01  6.421947e+01  4.035881e+01
     vertex  9.439046e+01  6.704005e+01  4.035881e+01
   endloop
 endfacet
 facet normal  6.862296e-01 -2.602526e-01  6.792330e-01
   outer loop
     vertex  9.103512e+01  6.637110e+01  4.349240e+01
     vertex  9.439046e+01  6.704005e+01  4.035881e+01
     vertex  9.232255e+01  6.976577e+01  4.349240e+01
   endloop
 endfacet
 facet normal  6.987712e-01 -4.823270e-01  5.282797e-01
   outer loop
     vertex  9.143992e+01  7.258076e+01  4.723000e+01
     vertex  9.232255e+01  6.976577e+01  4.349240e+01
     vertex  9.438496e+01  7.275370e+01  4.349240e+01
   endloop
 endfacet
 facet normal  6.533288e-01 -5.787988e-01  4.880096e-01
   outer loop
     vertex  9.143992e+01  7.258076e+01  4.723000e+01
     vertex  9.438496e+01  7.275370e+01  4.349240e+01
     vertex  9.420165e+01  7.569811e+01  4.723000e+01
   endloop
 endfacet
 facet normal  5.369757e-01 -7.779436e-01  3.262834e-01
   outer loop
     vertex  9.510275e+01  7.805838e+01  5.137450e+01
     vertex  9.420165e+01  7.569811e+01  4.723000e+01
     vertex  9.762917e+01  7.806396e+01  4.723000e+01
   endloop
 endfacet
 facet normal  4.472676e-01 -8.521972e-01  2.714989e-01
   outer loop
     vertex  9.510275e+01  7.805838e+01  5.137450e+01
     vertex  9.762917e+01  7.806396e+01  4.723000e+01
     vertex  9.906893e+01  8.013999e+01  5.137450e+01
   endloop
 endfacet
 facet normal  2.352137e-01 -9.542994e-01 -1.843562e-01
   outer loop
     vertex  1.011333e+02  8.112281e+01  5.570733e+01
     vertex  1.034599e+02  8.086698e+01  6.000000e+01
     vertex  9.919215e+01  7.981507e+01  6.000000e+01
   endloop
 endfacet
 facet normal  2.379770e-01 -9.655106e-01  1.056230e-01
   outer loop
     vertex  1.011333e+02  8.112281e+01  5.570733e+01
     vertex  9.906893e+01  8.013999e+01  5.137450e+01
     vertex  1.034180e+02  8.121194e+01  5.137450e+01
   endloop
 endfacet
 facet normal  1.196133e-01 -9.851045e-01 -1.235382e-01
   outer loop
     vertex  1.011333e+02  8.112281e+01  5.570733e+01
     vertex  1.056576e+02  8.167216e+01  5.570733e+01
     vertex  1.034599e+02  8.086698e+01  6.000000e+01
   endloop
 endfacet
 facet normal  1.204247e-01 -9.917865e-01  4.309770e-02
   outer loop
     vertex  1.011333e+02  8.112281e+01  5.570733e+01
     vertex  1.034180e+02  8.121194e+01  5.137450e+01
     vertex  1.056576e+02  8.167216e+01  5.570733e+01
   endloop
 endfacet
 facet normal  6.569901e-02  9.518145e-02  9.932896e-01
   outer loop
     vertex  1.036518e+02  5.894513e+01  3.652408e+01
     vertex  1.056576e+02  6.276697e+01  3.602518e+01
     vertex  1.027954e+02  5.953622e+01  3.652408e+01
   endloop
 endfacet
 facet normal  2.515886e-01  2.228880e-01  9.418196e-01
   outer loop
     vertex  9.936651e+01  5.719351e+01  3.799447e+01
     vertex  1.027954e+02  5.953622e+01  3.652408e+01
     vertex  1.021054e+02  6.031507e+01  3.652408e+01
   endloop
 endfacet
 facet normal  2.822492e-01  1.948226e-01  9.393506e-01
   outer loop
     vertex  9.936651e+01  5.719351e+01  3.799447e+01
     vertex  1.021054e+02  6.031507e+01  3.652408e+01
     vertex  9.821550e+01  5.886104e+01  3.799447e+01
   endloop
 endfacet
 facet normal  5.028272e-01  1.906972e-01  8.430892e-01
   outer loop
     vertex  9.439046e+01  5.849390e+01  4.035881e+01
     vertex  9.821550e+01  5.886104e+01  3.799447e+01
     vertex  9.749700e+01  6.075556e+01  3.799447e+01
   endloop
 endfacet
 facet normal  5.374251e-01  1.324634e-01  8.328431e-01
   outer loop
     vertex  9.439046e+01  5.849390e+01  4.035881e+01
     vertex  9.749700e+01  6.075556e+01  3.799447e+01
     vertex  9.369525e+01  6.131448e+01  4.035881e+01
   endloop
 endfacet
 facet normal  7.111620e-01 -3.469369e-15  7.030281e-01
   outer loop
     vertex  9.059750e+01  6.276697e+01  4.349240e+01
     vertex  9.369525e+01  6.131448e+01  4.035881e+01
     vertex  9.369525e+01  6.421947e+01  4.035881e+01
   endloop
 endfacet
 facet normal  7.285716e-01 -8.846460e-02  6.792330e-01
   outer loop
     vertex  9.059750e+01  6.276697e+01  4.349240e+01
     vertex  9.369525e+01  6.421947e+01  4.035881e+01
     vertex  9.103512e+01  6.637110e+01  4.349240e+01
   endloop
 endfacet
 facet normal  7.938946e-01 -3.010845e-01  5.282797e-01
   outer loop
     vertex  8.950447e+01  6.889307e+01  4.723000e+01
     vertex  9.103512e+01  6.637110e+01  4.349240e+01
     vertex  9.232255e+01  6.976577e+01  4.349240e+01
   endloop
 endfacet
 facet normal  7.728599e-01 -4.056282e-01  4.880096e-01
   outer loop
     vertex  8.950447e+01  6.889307e+01  4.723000e+01
     vertex  9.232255e+01  6.976577e+01  4.349240e+01
     vertex  9.143992e+01  7.258076e+01  4.723000e+01
   endloop
 endfacet
 facet normal  7.075462e-01 -6.268313e-01  3.262834e-01
   outer loop
     vertex  9.174999e+01  7.508808e+01  5.137450e+01
     vertex  9.143992e+01  7.258076e+01  4.723000e+01
     vertex  9.420165e+01  7.569811e+01  4.723000e+01
   endloop
 endfacet
 facet normal  6.382149e-01 -7.203958e-01  2.714989e-01
   outer loop
     vertex  9.174999e+01  7.508808e+01  5.137450e+01
     vertex  9.420165e+01  7.569811e+01  4.723000e+01
     vertex  9.510275e+01  7.805838e+01  5.137450e+01
   endloop
 endfacet
 facet normal  4.567576e-01 -8.702789e-01 -1.843562e-01
   outer loop
     vertex  9.687196e+01  7.950669e+01  5.570733e+01
     vertex  9.919215e+01  7.981507e+01  6.000000e+01
     vertex  9.530015e+01  7.777239e+01  6.000000e+01
   endloop
 endfacet
 facet normal  4.621236e-01 -8.805030e-01  1.056230e-01
   outer loop
     vertex  9.687196e+01  7.950669e+01  5.570733e+01
     vertex  9.510275e+01  7.805838e+01  5.137450e+01
     vertex  9.906893e+01  8.013999e+01  5.137450e+01
   endloop
 endfacet
 facet normal  3.542754e-01 -9.341475e-01  4.309770e-02
   outer loop
     vertex  9.687196e+01  7.950669e+01  5.570733e+01
     vertex  9.906893e+01  8.013999e+01  5.137450e+01
     vertex  1.011333e+02  8.112281e+01  5.570733e+01
   endloop
 endfacet
 facet normal  3.518885e-01 -9.278538e-01 -1.235382e-01
   outer loop
     vertex  9.687196e+01  7.950669e+01  5.570733e+01
     vertex  1.011333e+02  8.112281e+01  5.570733e+01
     vertex  9.919215e+01  7.981507e+01  6.000000e+01
   endloop
 endfacet
 facet normal  4.101150e-02  1.081384e-01  9.932896e-01
   outer loop
     vertex  1.046247e+02  5.857615e+01  3.652408e+01
     vertex  1.056576e+02  6.276697e+01  3.602518e+01
     vertex  1.036518e+02  5.894513e+01  3.652408e+01
   endloop
 endfacet
 facet normal  1.909373e-01  2.766204e-01  9.418196e-01
   outer loop
     vertex  1.008831e+02  5.584990e+01  3.799447e+01
     vertex  1.036518e+02  5.894513e+01  3.652408e+01
     vertex  1.027954e+02  5.953622e+01  3.652408e+01
   endloop
 endfacet
 facet normal  2.274235e-01  2.567080e-01  9.393506e-01
   outer loop
     vertex  1.008831e+02  5.584990e+01  3.799447e+01
     vertex  1.027954e+02  5.953622e+01  3.652408e+01
     vertex  9.936651e+01  5.719351e+01  3.799447e+01
   endloop
 endfacet
 facet normal  4.901080e-01  2.572285e-01  8.328431e-01
   outer loop
     vertex  9.574048e+01  5.592165e+01  4.035881e+01
     vertex  9.821550e+01  5.886104e+01  3.799447e+01
     vertex  9.439046e+01  5.849390e+01  4.035881e+01
   endloop
 endfacet
 facet normal  4.425791e-01  3.054903e-01  8.430892e-01
   outer loop
     vertex  9.574048e+01  5.592165e+01  4.035881e+01
     vertex  9.936651e+01  5.719351e+01  3.799447e+01
     vertex  9.821550e+01  5.886104e+01  3.799447e+01
   endloop
 endfacet
 facet normal  7.285716e-01  8.846460e-02  6.792330e-01
   outer loop
     vertex  9.103512e+01  5.916285e+01  4.349240e+01
     vertex  9.369525e+01  6.131448e+01  4.035881e+01
     vertex  9.059750e+01  6.276697e+01  4.349240e+01
   endloop
 endfacet
 facet normal  6.904970e-01  1.701922e-01  7.030281e-01
   outer loop
     vertex  9.103512e+01  5.916285e+01  4.349240e+01
     vertex  9.439046e+01  5.849390e+01  4.035881e+01
     vertex  9.369525e+01  6.131448e+01  4.035881e+01
   endloop
 endfacet
 facet normal  8.428797e-01 -1.023441e-01  5.282797e-01
   outer loop
     vertex  8.850778e+01  6.484935e+01  4.723000e+01
     vertex  9.059750e+01  6.276697e+01  4.349240e+01
     vertex  9.103512e+01  6.637110e+01  4.349240e+01
   endloop
 endfacet
 facet normal  8.474751e-01 -2.088839e-01  4.880096e-01
   outer loop
     vertex  8.850778e+01  6.484935e+01  4.723000e+01
     vertex  9.103512e+01  6.637110e+01  4.349240e+01
     vertex  8.950447e+01  6.889307e+01  4.723000e+01
   endloop
 endfacet
 facet normal  7.920716e-01 -5.467275e-01  2.714989e-01
   outer loop
     vertex  8.920548e+01  7.140173e+01  5.137450e+01
     vertex  9.143992e+01  7.258076e+01  4.723000e+01
     vertex  9.174999e+01  7.508808e+01  5.137450e+01
   endloop
 endfacet
 facet normal  8.369968e-01 -4.392898e-01  3.262834e-01
   outer loop
     vertex  8.920548e+01  7.140173e+01  5.137450e+01
     vertex  8.950447e+01  6.889307e+01  4.723000e+01
     vertex  9.143992e+01  7.258076e+01  4.723000e+01
   endloop
 endfacet
 facet normal  6.517564e-01 -7.356809e-01 -1.843562e-01
   outer loop
     vertex  9.312119e+01  7.691771e+01  5.570733e+01
     vertex  9.530015e+01  7.777239e+01  6.000000e+01
     vertex  9.201009e+01  7.485765e+01  6.000000e+01
   endloop
 endfacet
 facet normal  6.594133e-01 -7.443238e-01  1.056230e-01
   outer loop
     vertex  9.312119e+01  7.691771e+01  5.570733e+01
     vertex  9.174999e+01  7.508808e+01  5.137450e+01
     vertex  9.510275e+01  7.805838e+01  5.137450e+01
   endloop
 endfacet
 facet normal  5.675369e-01 -8.222192e-01  4.309770e-02
   outer loop
     vertex  9.312119e+01  7.691771e+01  5.570733e+01
     vertex  9.510275e+01  7.805838e+01  5.137450e+01
     vertex  9.687196e+01  7.950669e+01  5.570733e+01
   endloop
 endfacet
 facet normal  5.637133e-01 -8.166797e-01 -1.235382e-01
   outer loop
     vertex  9.312119e+01  7.691771e+01  5.570733e+01
     vertex  9.687196e+01  7.950669e+01  5.570733e+01
     vertex  9.530015e+01  7.777239e+01  6.000000e+01
   endloop
 endfacet
 facet normal  1.394056e-02  1.148108e-01  9.932896e-01
   outer loop
     vertex  1.056576e+02  5.845073e+01  3.652408e+01
     vertex  1.056576e+02  6.276697e+01  3.602518e+01
     vertex  1.046247e+02  5.857615e+01  3.652408e+01
   endloop
 endfacet
 facet normal  1.593807e-01  3.036746e-01  9.393506e-01
   outer loop
     vertex  1.026772e+02  5.490828e+01  3.799447e+01
     vertex  1.036518e+02  5.894513e+01  3.652408e+01
     vertex  1.008831e+02  5.584990e+01  3.799447e+01
   endloop
 endfacet
 facet normal  1.191894e-01  3.142766e-01  9.418196e-01
   outer loop
     vertex  1.026772e+02  5.490828e+01  3.799447e+01
     vertex  1.046247e+02  5.857615e+01  3.652408e+01
     vertex  1.036518e+02  5.894513e+01  3.652408e+01
   endloop
 endfacet
 facet normal  4.143075e-01  3.670444e-01  8.328431e-01
   outer loop
     vertex  9.766685e+01  5.374723e+01  4.035881e+01
     vertex  9.936651e+01  5.719351e+01  3.799447e+01
     vertex  9.574048e+01  5.592165e+01  4.035881e+01
   endloop
 endfacet
 facet normal  3.566100e-01  4.025294e-01  8.430892e-01
   outer loop
     vertex  9.766685e+01  5.374723e+01  4.035881e+01
     vertex  1.008831e+02  5.584990e+01  3.799447e+01
     vertex  9.936651e+01  5.719351e+01  3.799447e+01
   endloop
 endfacet
 facet normal  6.297027e-01  3.304935e-01  7.030281e-01
   outer loop
     vertex  9.232255e+01  5.576818e+01  4.349240e+01
     vertex  9.574048e+01  5.592165e+01  4.035881e+01
     vertex  9.439046e+01  5.849390e+01  4.035881e+01
   endloop
 endfacet
 facet normal  6.862296e-01  2.602526e-01  6.792330e-01
   outer loop
     vertex  9.232255e+01  5.576818e+01  4.349240e+01
     vertex  9.439046e+01  5.849390e+01  4.035881e+01
     vertex  9.103512e+01  5.916285e+01  4.349240e+01
   endloop
 endfacet
 facet normal  8.428797e-01  1.023441e-01  5.282797e-01
   outer loop
     vertex  8.850778e+01  6.068460e+01  4.723000e+01
     vertex  9.103512e+01  5.916285e+01  4.349240e+01
     vertex  9.059750e+01  6.276697e+01  4.349240e+01
   endloop
 endfacet
 facet normal  8.728382e-01 -0.000000e+00  4.880096e-01
   outer loop
     vertex  8.850778e+01  6.068460e+01  4.723000e+01
     vertex  9.059750e+01  6.276697e+01  4.349240e+01
     vertex  8.850778e+01  6.484935e+01  4.723000e+01
   endloop
 endfacet
 facet normal  9.178041e-01 -2.262184e-01  3.262834e-01
   outer loop
     vertex  8.761712e+01  6.721356e+01  5.137450e+01
     vertex  8.850778e+01  6.484935e+01  4.723000e+01
     vertex  8.950447e+01  6.889307e+01  4.723000e+01
   endloop
 endfacet
 facet normal  8.998959e-01 -3.412855e-01  2.714989e-01
   outer loop
     vertex  8.761712e+01  6.721356e+01  5.137450e+01
     vertex  8.950447e+01  6.889307e+01  4.723000e+01
     vertex  8.920548e+01  7.140173e+01  5.137450e+01
   endloop
 endfacet
 facet normal  8.088775e-01 -5.583278e-01 -1.843562e-01
   outer loop
     vertex  9.009898e+01  7.350634e+01  5.570733e+01
     vertex  9.201009e+01  7.485765e+01  6.000000e+01
     vertex  8.951317e+01  7.124025e+01  6.000000e+01
   endloop
 endfacet
 facet normal  7.427770e-01 -6.580430e-01 -1.235382e-01
   outer loop
     vertex  9.009898e+01  7.350634e+01  5.570733e+01
     vertex  9.312119e+01  7.691771e+01  5.570733e+01
     vertex  9.201009e+01  7.485765e+01  6.000000e+01
   endloop
 endfacet
 facet normal  8.183803e-01 -5.648871e-01  1.056230e-01
   outer loop
     vertex  9.009898e+01  7.350634e+01  5.570733e+01
     vertex  8.920548e+01  7.140173e+01  5.137450e+01
     vertex  9.174999e+01  7.508808e+01  5.137450e+01
   endloop
 endfacet
 facet normal  7.478153e-01 -6.625065e-01  4.309770e-02
   outer loop
     vertex  9.009898e+01  7.350634e+01  5.570733e+01
     vertex  9.174999e+01  7.508808e+01  5.137450e+01
     vertex  9.312119e+01  7.691771e+01  5.570733e+01
   endloop
 endfacet
 facet normal -1.394056e-02  1.148108e-01  9.932896e-01
   outer loop
     vertex  1.066906e+02  5.857615e+01  3.652408e+01
     vertex  1.056576e+02  6.276697e+01  3.602518e+01
     vertex  1.056576e+02  5.845073e+01  3.652408e+01
   endloop
 endfacet
 facet normal  4.051465e-02  3.336682e-01  9.418196e-01
   outer loop
     vertex  1.046445e+02  5.442338e+01  3.799447e+01
     vertex  1.056576e+02  5.845073e+01  3.652408e+01
     vertex  1.046247e+02  5.857615e+01  3.652408e+01
   endloop
 endfacet
 facet normal  8.207531e-02  3.329926e-01  9.393506e-01
   outer loop
     vertex  1.046445e+02  5.442338e+01  3.799447e+01
     vertex  1.046247e+02  5.857615e+01  3.652408e+01
     vertex  1.026772e+02  5.490828e+01  3.799447e+01
   endloop
 endfacet
 facet normal  2.499159e-01  4.761750e-01  8.430892e-01
   outer loop
     vertex  1.000576e+02  5.209701e+01  4.035881e+01
     vertex  1.026772e+02  5.490828e+01  3.799447e+01
     vertex  1.008831e+02  5.584990e+01  3.799447e+01
   endloop
 endfacet
 facet normal  3.144290e-01  4.555291e-01  8.328431e-01
   outer loop
     vertex  1.000576e+02  5.209701e+01  4.035881e+01
     vertex  1.008831e+02  5.584990e+01  3.799447e+01
     vertex  9.766685e+01  5.374723e+01  4.035881e+01
   endloop
 endfacet
 facet normal  5.323124e-01  4.715877e-01  7.030281e-01
   outer loop
     vertex  9.438496e+01  5.278025e+01  4.349240e+01
     vertex  9.766685e+01  5.374723e+01  4.035881e+01
     vertex  9.574048e+01  5.592165e+01  4.035881e+01
   endloop
 endfacet
 facet normal  6.040065e-01  4.169156e-01  6.792330e-01
   outer loop
     vertex  9.438496e+01  5.278025e+01  4.349240e+01
     vertex  9.574048e+01  5.592165e+01  4.035881e+01
     vertex  9.232255e+01  5.576818e+01  4.349240e+01
   endloop
 endfacet
 facet normal  8.474751e-01  2.088839e-01  4.880096e-01
   outer loop
     vertex  8.950447e+01  5.664088e+01  4.723000e+01
     vertex  9.103512e+01  5.916285e+01  4.349240e+01
     vertex  8.850778e+01  6.068460e+01  4.723000e+01
   endloop
 endfacet
 facet normal  7.938946e-01  3.010845e-01  5.282797e-01
   outer loop
     vertex  8.950447e+01  5.664088e+01  4.723000e+01
     vertex  9.232255e+01  5.576818e+01  4.349240e+01
     vertex  9.103512e+01  5.916285e+01  4.349240e+01
   endloop
 endfacet
 facet normal  9.452720e-01  0.000000e+00  3.262834e-01
   outer loop
     vertex  8.707721e+01  6.276697e+01  5.137450e+01
     vertex  8.850778e+01  6.068460e+01  4.723000e+01
     vertex  8.850778e+01  6.484935e+01  4.723000e+01
   endloop
 endfacet
 facet normal  9.554215e-01 -1.160092e-01  2.714989e-01
   outer loop
     vertex  8.707721e+01  6.276697e+01  5.137450e+01
     vertex  8.850778e+01  6.484935e+01  4.723000e+01
     vertex  8.761712e+01  6.721356e+01  5.137450e+01
   endloop
 endfacet
 facet normal  9.189896e-01 -3.485268e-01 -1.843562e-01
   outer loop
     vertex  8.798099e+01  6.947085e+01  5.570733e+01
     vertex  8.951317e+01  7.124025e+01  6.000000e+01
     vertex  8.795451e+01  6.713040e+01  6.000000e+01
   endloop
 endfacet
 facet normal  9.297860e-01 -3.526213e-01  1.056230e-01
   outer loop
     vertex  8.798099e+01  6.947085e+01  5.570733e+01
     vertex  8.761712e+01  6.721356e+01  5.137450e+01
     vertex  8.920548e+01  7.140173e+01  5.137450e+01
   endloop
 endfacet
 facet normal  8.786733e-01 -4.611633e-01 -1.235382e-01
   outer loop
     vertex  8.798099e+01  6.947085e+01  5.570733e+01
     vertex  9.009898e+01  7.350634e+01  5.570733e+01
     vertex  8.951317e+01  7.124025e+01  6.000000e+01
   endloop
 endfacet
 facet normal  8.846333e-01 -4.642914e-01  4.309770e-02
   outer loop
     vertex  8.798099e+01  6.947085e+01  5.570733e+01
     vertex  8.920548e+01  7.140173e+01  5.137450e+01
     vertex  9.009898e+01  7.350634e+01  5.570733e+01
   endloop
 endfacet
 facet normal -4.101150e-02  1.081384e-01  9.932896e-01
   outer loop
     vertex  1.076635e+02  5.894513e+01  3.652408e+01
     vertex  1.056576e+02  6.276697e+01  3.602518e+01
     vertex  1.066906e+02  5.857615e+01  3.652408e+01
   endloop
 endfacet
 facet normal -4.051465e-02  3.336682e-01  9.418196e-01
   outer loop
     vertex  1.066707e+02  5.442338e+01  3.799447e+01
     vertex  1.066906e+02  5.857615e+01  3.652408e+01
     vertex  1.056576e+02  5.845073e+01  3.652408e+01
   endloop
 endfacet
 facet normal  1.202684e-15  3.429584e-01  9.393506e-01
   outer loop
     vertex  1.066707e+02  5.442338e+01  3.799447e+01
     vertex  1.056576e+02  5.845073e+01  3.652408e+01
     vertex  1.046445e+02  5.442338e+01  3.799447e+01
   endloop
 endfacet
 facet normal  1.286977e-01  5.221470e-01  8.430892e-01
   outer loop
     vertex  1.027738e+02  5.106688e+01  4.035881e+01
     vertex  1.046445e+02  5.442338e+01  3.799447e+01
     vertex  1.026772e+02  5.490828e+01  3.799447e+01
   endloop
 endfacet
 facet normal  1.962770e-01  5.175400e-01  8.328431e-01
   outer loop
     vertex  1.027738e+02  5.106688e+01  4.035881e+01
     vertex  1.026772e+02  5.490828e+01  3.799447e+01
     vertex  1.000576e+02  5.209701e+01  4.035881e+01
   endloop
 endfacet
 facet normal  4.039861e-01  5.852749e-01  7.030281e-01
   outer loop
     vertex  9.710250e+01  5.037272e+01  4.349240e+01
     vertex  1.000576e+02  5.209701e+01  4.035881e+01
     vertex  9.766685e+01  5.374723e+01  4.035881e+01
   endloop
 endfacet
 facet normal  4.866808e-01  5.493490e-01  6.792330e-01
   outer loop
     vertex  9.710250e+01  5.037272e+01  4.349240e+01
     vertex  9.766685e+01  5.374723e+01  4.035881e+01
     vertex  9.438496e+01  5.278025e+01  4.349240e+01
   endloop
 endfacet
 facet normal  7.728599e-01  4.056282e-01  4.880096e-01
   outer loop
     vertex  9.143992e+01  5.295319e+01  4.723000e+01
     vertex  9.232255e+01  5.576818e+01  4.349240e+01
     vertex  8.950447e+01  5.664088e+01  4.723000e+01
   endloop
 endfacet
 facet normal  6.987712e-01  4.823270e-01  5.282797e-01
   outer loop
     vertex  9.143992e+01  5.295319e+01  4.723000e+01
     vertex  9.438496e+01  5.278025e+01  4.349240e+01
     vertex  9.232255e+01  5.576818e+01  4.349240e+01
   endloop
 endfacet
 facet normal  9.178041e-01  2.262184e-01  3.262834e-01
   outer loop
     vertex  8.761712e+01  5.832038e+01  5.137450e+01
     vertex  8.950447e+01  5.664088e+01  4.723000e+01
     vertex  8.850778e+01  6.068460e+01  4.723000e+01
   endloop
 endfacet
 facet normal  9.554215e-01  1.160092e-01  2.714989e-01
   outer loop
     vertex  8.761712e+01  5.832038e+01  5.137450e+01
     vertex  8.850778e+01  6.068460e+01  4.723000e+01
     vertex  8.707721e+01  6.276697e+01  5.137450e+01
   endloop
 endfacet
 facet normal  9.756933e-01 -1.184706e-01 -1.843562e-01
   outer loop
     vertex  8.689030e+01  6.504574e+01  5.570733e+01
     vertex  8.795451e+01  6.713040e+01  6.000000e+01
     vertex  8.742470e+01  6.276697e+01  6.000000e+01
   endloop
 endfacet
 facet normal  9.871559e-01 -1.198624e-01  1.056230e-01
   outer loop
     vertex  8.689030e+01  6.504574e+01  5.570733e+01
     vertex  8.707721e+01  6.276697e+01  5.137450e+01
     vertex  8.761712e+01  6.721356e+01  5.137450e+01
   endloop
 endfacet
 facet normal  9.700397e-01 -2.390933e-01  4.309770e-02
   outer loop
     vertex  8.689030e+01  6.504574e+01  5.570733e+01
     vertex  8.761712e+01  6.721356e+01  5.137450e+01
     vertex  8.798099e+01  6.947085e+01  5.570733e+01
   endloop
 endfacet
 facet normal  9.635042e-01 -2.374825e-01 -1.235382e-01
   outer loop
     vertex  8.689030e+01  6.504574e+01  5.570733e+01
     vertex  8.798099e+01  6.947085e+01  5.570733e+01
     vertex  8.795451e+01  6.713040e+01  6.000000e+01
   endloop
 endfacet
 facet normal -6.569901e-02  9.518145e-02  9.932896e-01
   outer loop
     vertex  1.085198e+02  5.953622e+01  3.652408e+01
     vertex  1.056576e+02  6.276697e+01  3.602518e+01
     vertex  1.076635e+02  5.894513e+01  3.652408e+01
   endloop
 endfacet
 facet normal -8.207531e-02  3.329926e-01  9.393506e-01
   outer loop
     vertex  1.086381e+02  5.490828e+01  3.799447e+01
     vertex  1.066906e+02  5.857615e+01  3.652408e+01
     vertex  1.066707e+02  5.442338e+01  3.799447e+01
   endloop
 endfacet
 facet normal -1.191894e-01  3.142766e-01  9.418196e-01
   outer loop
     vertex  1.086381e+02  5.490828e+01  3.799447e+01
     vertex  1.076635e+02  5.894513e+01  3.652408e+01
     vertex  1.066906e+02  5.857615e+01  3.652408e+01
   endloop
 endfacet
 facet normal  1.794663e-15  5.377737e-01  8.430892e-01
   outer loop
     vertex  1.056576e+02  5.071672e+01  4.035881e+01
     vertex  1.066707e+02  5.442338e+01  3.799447e+01
     vertex  1.046445e+02  5.442338e+01  3.799447e+01
   endloop
 endfacet
 facet normal  6.671815e-02  5.494734e-01  8.328431e-01
   outer loop
     vertex  1.056576e+02  5.071672e+01  4.035881e+01
     vertex  1.046445e+02  5.442338e+01  3.799447e+01
     vertex  1.027738e+02  5.106688e+01  4.035881e+01
   endloop
 endfacet
 facet normal  2.521815e-01  6.649481e-01  7.030281e-01
   outer loop
     vertex  1.003172e+02  4.868549e+01  4.349240e+01
     vertex  1.027738e+02  5.106688e+01  4.035881e+01
     vertex  1.000576e+02  5.209701e+01  4.035881e+01
   endloop
 endfacet
 facet normal  3.410709e-01  6.498563e-01  6.792330e-01
   outer loop
     vertex  1.003172e+02  4.868549e+01  4.349240e+01
     vertex  1.000576e+02  5.209701e+01  4.035881e+01
     vertex  9.710250e+01  5.037272e+01  4.349240e+01
   endloop
 endfacet
 facet normal  6.533288e-01  5.787988e-01  4.880096e-01
   outer loop
     vertex  9.420165e+01  4.983583e+01  4.723000e+01
     vertex  9.438496e+01  5.278025e+01  4.349240e+01
     vertex  9.143992e+01  5.295319e+01  4.723000e+01
   endloop
 endfacet
 facet normal  5.630378e-01  6.355383e-01  5.282797e-01
   outer loop
     vertex  9.420165e+01  4.983583e+01  4.723000e+01
     vertex  9.710250e+01  5.037272e+01  4.349240e+01
     vertex  9.438496e+01  5.278025e+01  4.349240e+01
   endloop
 endfacet
 facet normal  8.369968e-01  4.392898e-01  3.262834e-01
   outer loop
     vertex  8.920548e+01  5.413221e+01  5.137450e+01
     vertex  9.143992e+01  5.295319e+01  4.723000e+01
     vertex  8.950447e+01  5.664088e+01  4.723000e+01
   endloop
 endfacet
 facet normal  8.998959e-01  3.412855e-01  2.714989e-01
   outer loop
     vertex  8.920548e+01  5.413221e+01  5.137450e+01
     vertex  8.950447e+01  5.664088e+01  4.723000e+01
     vertex  8.761712e+01  5.832038e+01  5.137450e+01
   endloop
 endfacet
 facet normal  9.923398e-01  0.000000e+00 -1.235382e-01
   outer loop
     vertex  8.689030e+01  6.048821e+01  5.570733e+01
     vertex  8.689030e+01  6.504574e+01  5.570733e+01
     vertex  8.742470e+01  6.276697e+01  6.000000e+01
   endloop
 endfacet
 facet normal  9.756933e-01  1.184706e-01 -1.843562e-01
   outer loop
     vertex  8.689030e+01  6.048821e+01  5.570733e+01
     vertex  8.742470e+01  6.276697e+01  6.000000e+01
     vertex  8.795451e+01  5.840355e+01  6.000000e+01
   endloop
 endfacet
 facet normal  9.990709e-01 -0.000000e+00  4.309770e-02
   outer loop
     vertex  8.689030e+01  6.048821e+01  5.570733e+01
     vertex  8.707721e+01  6.276697e+01  5.137450e+01
     vertex  8.689030e+01  6.504574e+01  5.570733e+01
   endloop
 endfacet
 facet normal  9.871559e-01  1.198624e-01  1.056230e-01
   outer loop
     vertex  8.689030e+01  6.048821e+01  5.570733e+01
     vertex  8.761712e+01  5.832038e+01  5.137450e+01
     vertex  8.707721e+01  6.276697e+01  5.137450e+01
   endloop
 endfacet
 facet normal -8.656833e-02  7.669284e-02  9.932896e-01
   outer loop
     vertex  1.092098e+02  6.031507e+01  3.652408e+01
     vertex  1.056576e+02  6.276697e+01  3.602518e+01
     vertex  1.085198e+02  5.953622e+01  3.652408e+01
   endloop
 endfacet
 facet normal -1.909373e-01  2.766204e-01  9.418196e-01
   outer loop
     vertex  1.104322e+02  5.584990e+01  3.799447e+01
     vertex  1.085198e+02  5.953622e+01  3.652408e+01
     vertex  1.076635e+02  5.894513e+01  3.652408e+01
   endloop
 endfacet
 facet normal -1.593807e-01  3.036746e-01  9.393506e-01
   outer loop
     vertex  1.104322e+02  5.584990e+01  3.799447e+01
     vertex  1.076635e+02  5.894513e+01  3.652408e+01
     vertex  1.086381e+02  5.490828e+01  3.799447e+01
   endloop
 endfacet
 facet normal -1.286977e-01  5.221470e-01  8.430892e-01
   outer loop
     vertex  1.085415e+02  5.106688e+01  4.035881e+01
     vertex  1.086381e+02  5.490828e+01  3.799447e+01
     vertex  1.066707e+02  5.442338e+01  3.799447e+01
   endloop
 endfacet
 facet normal -6.671815e-02  5.494734e-01  8.328431e-01
   outer loop
     vertex  1.085415e+02  5.106688e+01  4.035881e+01
     vertex  1.066707e+02  5.442338e+01  3.799447e+01
     vertex  1.056576e+02  5.071672e+01  4.035881e+01
   endloop
 endfacet
 facet normal  1.756392e-01  7.125962e-01  6.792330e-01
   outer loop
     vertex  1.038423e+02  4.781663e+01  4.349240e+01
     vertex  1.027738e+02  5.106688e+01  4.035881e+01
     vertex  1.003172e+02  4.868549e+01  4.349240e+01
   endloop
 endfacet
 facet normal  8.572111e-02  7.059769e-01  7.030281e-01
   outer loop
     vertex  1.038423e+02  4.781663e+01  4.349240e+01
     vertex  1.056576e+02  5.071672e+01  4.035881e+01
     vertex  1.027738e+02  5.106688e+01  4.035881e+01
   endloop
 endfacet
 facet normal  3.945827e-01  7.518145e-01  5.282797e-01
   outer loop
     vertex  9.762917e+01  4.746999e+01  4.723000e+01
     vertex  1.003172e+02  4.868549e+01  4.349240e+01
     vertex  9.710250e+01  5.037272e+01  4.349240e+01
   endloop
 endfacet
 facet normal  4.958286e-01  7.183318e-01  4.880096e-01
   outer loop
     vertex  9.762917e+01  4.746999e+01  4.723000e+01
     vertex  9.710250e+01  5.037272e+01  4.349240e+01
     vertex  9.420165e+01  4.983583e+01  4.723000e+01
   endloop
 endfacet
 facet normal  7.075462e-01  6.268313e-01  3.262834e-01
   outer loop
     vertex  9.174999e+01  5.044587e+01  5.137450e+01
     vertex  9.420165e+01  4.983583e+01  4.723000e+01
     vertex  9.143992e+01  5.295319e+01  4.723000e+01
   endloop
 endfacet
 facet normal  7.920716e-01  5.467275e-01  2.714989e-01
   outer loop
     vertex  9.174999e+01  5.044587e+01  5.137450e+01
     vertex  9.143992e+01  5.295319e+01  4.723000e+01
     vertex  8.920548e+01  5.413221e+01  5.137450e+01
   endloop
 endfacet
 facet normal  9.189896e-01  3.485268e-01 -1.843562e-01
   outer loop
     vertex  8.798099e+01  5.606310e+01  5.570733e+01
     vertex  8.795451e+01  5.840355e+01  6.000000e+01
     vertex  8.951317e+01  5.429370e+01  6.000000e+01
   endloop
 endfacet
 facet normal  9.635042e-01  2.374825e-01 -1.235382e-01
   outer loop
     vertex  8.798099e+01  5.606310e+01  5.570733e+01
     vertex  8.689030e+01  6.048821e+01  5.570733e+01
     vertex  8.795451e+01  5.840355e+01  6.000000e+01
   endloop
 endfacet
 facet normal  9.297860e-01  3.526213e-01  1.056230e-01
   outer loop
     vertex  8.798099e+01  5.606310e+01  5.570733e+01
     vertex  8.920548e+01  5.413221e+01  5.137450e+01
     vertex  8.761712e+01  5.832038e+01  5.137450e+01
   endloop
 endfacet
 facet normal  9.700397e-01  2.390933e-01  4.309770e-02
   outer loop
     vertex  8.798099e+01  5.606310e+01  5.570733e+01
     vertex  8.761712e+01  5.832038e+01  5.137450e+01
     vertex  8.689030e+01  6.048821e+01  5.570733e+01
   endloop
 endfacet
 facet normal -1.024066e-01  5.374713e-02  9.932896e-01
   outer loop
     vertex  1.096934e+02  6.123641e+01  3.652408e+01
     vertex  1.056576e+02  6.276697e+01  3.602518e+01
     vertex  1.092098e+02  6.031507e+01  3.652408e+01
   endloop
 endfacet
 facet normal -2.274235e-01  2.567080e-01  9.393506e-01
   outer loop
     vertex  1.119488e+02  5.719351e+01  3.799447e+01
     vertex  1.085198e+02  5.953622e+01  3.652408e+01
     vertex  1.104322e+02  5.584990e+01  3.799447e+01
   endloop
 endfacet
 facet normal -2.515886e-01  2.228880e-01  9.418196e-01
   outer loop
     vertex  1.119488e+02  5.719351e+01  3.799447e+01
     vertex  1.092098e+02  6.031507e+01  3.652408e+01
     vertex  1.085198e+02  5.953622e+01  3.652408e+01
   endloop
 endfacet
 facet normal -2.499159e-01  4.761750e-01  8.430892e-01
   outer loop
     vertex  1.112577e+02  5.209701e+01  4.035881e+01
     vertex  1.104322e+02  5.584990e+01  3.799447e+01
     vertex  1.086381e+02  5.490828e+01  3.799447e+01
   endloop
 endfacet
 facet normal -1.962770e-01  5.175400e-01  8.328431e-01
   outer loop
     vertex  1.112577e+02  5.209701e+01  4.035881e+01
     vertex  1.086381e+02  5.490828e+01  3.799447e+01
     vertex  1.085415e+02  5.106688e+01  4.035881e+01
   endloop
 endfacet
 facet normal -8.572111e-02  7.059769e-01  7.030281e-01
   outer loop
     vertex  1.074729e+02  4.781663e+01  4.349240e+01
     vertex  1.085415e+02  5.106688e+01  4.035881e+01
     vertex  1.056576e+02  5.071672e+01  4.035881e+01
   endloop
 endfacet
 facet normal  2.872712e-15  7.339227e-01  6.792330e-01
   outer loop
     vertex  1.074729e+02  4.781663e+01  4.349240e+01
     vertex  1.056576e+02  5.071672e+01  4.035881e+01
     vertex  1.038423e+02  4.781663e+01  4.349240e+01
   endloop
 endfacet
 facet normal  2.031958e-01  8.243979e-01  5.282797e-01
   outer loop
     vertex  1.015233e+02  4.599315e+01  4.723000e+01
     vertex  1.038423e+02  4.781663e+01  4.349240e+01
     vertex  1.003172e+02  4.868549e+01  4.349240e+01
   endloop
 endfacet
 facet normal  3.095127e-01  8.161179e-01  4.880096e-01
   outer loop
     vertex  1.015233e+02  4.599315e+01  4.723000e+01
     vertex  1.003172e+02  4.868549e+01  4.349240e+01
     vertex  9.762917e+01  4.746999e+01  4.723000e+01
   endloop
 endfacet
 facet normal  5.369757e-01  7.779436e-01  3.262834e-01
   outer loop
     vertex  9.510275e+01  4.747557e+01  5.137450e+01
     vertex  9.762917e+01  4.746999e+01  4.723000e+01
     vertex  9.420165e+01  4.983583e+01  4.723000e+01
   endloop
 endfacet
 facet normal  6.382149e-01  7.203958e-01  2.714989e-01
   outer loop
     vertex  9.510275e+01  4.747557e+01  5.137450e+01
     vertex  9.420165e+01  4.983583e+01  4.723000e+01
     vertex  9.174999e+01  5.044587e+01  5.137450e+01
   endloop
 endfacet
 facet normal  8.088775e-01  5.583278e-01 -1.843562e-01
   outer loop
     vertex  9.009898e+01  5.202760e+01  5.570733e+01
     vertex  8.951317e+01  5.429370e+01  6.000000e+01
     vertex  9.201009e+01  5.067630e+01  6.000000e+01
   endloop
 endfacet
 facet normal  8.183803e-01  5.648871e-01  1.056230e-01
   outer loop
     vertex  9.009898e+01  5.202760e+01  5.570733e+01
     vertex  9.174999e+01  5.044587e+01  5.137450e+01
     vertex  8.920548e+01  5.413221e+01  5.137450e+01
   endloop
 endfacet
 facet normal  8.846333e-01  4.642914e-01  4.309770e-02
   outer loop
     vertex  9.009898e+01  5.202760e+01  5.570733e+01
     vertex  8.920548e+01  5.413221e+01  5.137450e+01
     vertex  8.798099e+01  5.606310e+01  5.570733e+01
   endloop
 endfacet
 facet normal  8.786733e-01  4.611633e-01 -1.235382e-01
   outer loop
     vertex  9.009898e+01  5.202760e+01  5.570733e+01
     vertex  8.798099e+01  5.606310e+01  5.570733e+01
     vertex  8.951317e+01  5.429370e+01  6.000000e+01
   endloop
 endfacet
 facet normal -1.148192e-01  6.945284e-03  9.933621e-01
   outer loop
     vertex  1.099424e+02  6.224671e+01  3.652408e+01
     vertex  1.099739e+02  6.276697e+01  3.652408e+01
     vertex  1.056576e+02  6.276697e+01  3.602518e+01
   endloop
 endfacet
 facet normal -3.383398e-01  2.046579e-02  9.408014e-01
   outer loop
     vertex  1.099424e+02  6.224671e+01  3.652408e+01
     vertex  1.140625e+02  6.276697e+01  3.799447e+01
     vertex  1.099739e+02  6.276697e+01  3.652408e+01
   endloop
 endfacet
 facet normal -1.122934e-01  2.767783e-02  9.932896e-01
   outer loop
     vertex  1.099424e+02  6.224671e+01  3.652408e+01
     vertex  1.056576e+02  6.276697e+01  3.602518e+01
     vertex  1.096934e+02  6.123641e+01  3.652408e+01
   endloop
 endfacet
 facet normal -2.976185e-01  1.562022e-01  9.418196e-01
   outer loop
     vertex  1.130998e+02  5.886104e+01  3.799447e+01
     vertex  1.096934e+02  6.123641e+01  3.652408e+01
     vertex  1.092098e+02  6.031507e+01  3.652408e+01
   endloop
 endfacet
 facet normal -2.822492e-01  1.948226e-01  9.393506e-01
   outer loop
     vertex  1.130998e+02  5.886104e+01  3.799447e+01
     vertex  1.092098e+02  6.031507e+01  3.652408e+01
     vertex  1.119488e+02  5.719351e+01  3.799447e+01
   endloop
 endfacet
 facet normal -3.566100e-01  4.025294e-01  8.430892e-01
   outer loop
     vertex  1.136484e+02  5.374723e+01  4.035881e+01
     vertex  1.119488e+02  5.719351e+01  3.799447e+01
     vertex  1.104322e+02  5.584990e+01  3.799447e+01
   endloop
 endfacet
 facet normal -3.144290e-01  4.555291e-01  8.328431e-01
   outer loop
     vertex  1.136484e+02  5.374723e+01  4.035881e+01
     vertex  1.104322e+02  5.584990e+01  3.799447e+01
     vertex  1.112577e+02  5.209701e+01  4.035881e+01
   endloop
 endfacet
 facet normal -2.521815e-01  6.649481e-01  7.030281e-01
   outer loop
     vertex  1.109980e+02  4.868549e+01  4.349240e+01
     vertex  1.112577e+02  5.209701e+01  4.035881e+01
     vertex  1.085415e+02  5.106688e+01  4.035881e+01
   endloop
 endfacet
 facet normal -1.756392e-01  7.125962e-01  6.792330e-01
   outer loop
     vertex  1.109980e+02  4.868549e+01  4.349240e+01
     vertex  1.085415e+02  5.106688e+01  4.035881e+01
     vertex  1.074729e+02  4.781663e+01  4.349240e+01
   endloop
 endfacet
 facet normal  1.052090e-01  8.664743e-01  4.880096e-01
   outer loop
     vertex  1.056576e+02  4.549115e+01  4.723000e+01
     vertex  1.038423e+02  4.781663e+01  4.349240e+01
     vertex  1.015233e+02  4.599315e+01  4.723000e+01
   endloop
 endfacet
 facet normal  3.334447e-15  8.490704e-01  5.282797e-01
   outer loop
     vertex  1.056576e+02  4.549115e+01  4.723000e+01
     vertex  1.074729e+02  4.781663e+01  4.349240e+01
     vertex  1.038423e+02  4.781663e+01  4.349240e+01
   endloop
 endfacet
 facet normal  4.472676e-01  8.521972e-01  2.714989e-01
   outer loop
     vertex  9.906893e+01  4.539396e+01  5.137450e+01
     vertex  9.762917e+01  4.746999e+01  4.723000e+01
     vertex  9.510275e+01  4.747557e+01  5.137450e+01
   endloop
 endfacet
 facet normal  3.351981e-01  8.838447e-01  3.262834e-01
   outer loop
     vertex  9.906893e+01  4.539396e+01  5.137450e+01
     vertex  1.015233e+02  4.599315e+01  4.723000e+01
     vertex  9.762917e+01  4.746999e+01  4.723000e+01
   endloop
 endfacet
 facet normal  7.478153e-01  6.625065e-01  4.309770e-02
   outer loop
     vertex  9.312119e+01  4.861624e+01  5.570733e+01
     vertex  9.174999e+01  5.044587e+01  5.137450e+01
     vertex  9.009898e+01  5.202760e+01  5.570733e+01
   endloop
 endfacet
 facet normal  6.517564e-01  7.356809e-01 -1.843562e-01
   outer loop
     vertex  9.312119e+01  4.861624e+01  5.570733e+01
     vertex  9.201009e+01  5.067630e+01  6.000000e+01
     vertex  9.530015e+01  4.776155e+01  6.000000e+01
   endloop
 endfacet
 facet normal  7.427770e-01  6.580430e-01 -1.235382e-01
   outer loop
     vertex  9.312119e+01  4.861624e+01  5.570733e+01
     vertex  9.009898e+01  5.202760e+01  5.570733e+01
     vertex  9.201009e+01  5.067630e+01  6.000000e+01
   endloop
 endfacet
 facet normal  6.594133e-01  7.443238e-01  1.056230e-01
   outer loop
     vertex  9.312119e+01  4.861624e+01  5.570733e+01
     vertex  9.510275e+01  4.747557e+01  5.137450e+01
     vertex  9.174999e+01  5.044587e+01  5.137450e+01
   endloop
 endfacet
 facet normal -3.404578e-01  4.133906e-02  9.393506e-01
   outer loop
     vertex  1.138183e+02  6.075556e+01  3.799447e+01
     vertex  1.140625e+02  6.276697e+01  3.799447e+01
     vertex  1.099424e+02  6.224671e+01  3.652408e+01
   endloop
 endfacet
 facet normal -3.263518e-01  8.043851e-02  9.418196e-01
   outer loop
     vertex  1.138183e+02  6.075556e+01  3.799447e+01
     vertex  1.099424e+02  6.224671e+01  3.652408e+01
     vertex  1.096934e+02  6.123641e+01  3.652408e+01
   endloop
 endfacet
 facet normal -3.206716e-01  1.216147e-01  9.393506e-01
   outer loop
     vertex  1.138183e+02  6.075556e+01  3.799447e+01
     vertex  1.096934e+02  6.123641e+01  3.652408e+01
     vertex  1.130998e+02  5.886104e+01  3.799447e+01
   endloop
 endfacet
 facet normal -4.425791e-01  3.054903e-01  8.430892e-01
   outer loop
     vertex  1.155748e+02  5.592165e+01  4.035881e+01
     vertex  1.130998e+02  5.886104e+01  3.799447e+01
     vertex  1.119488e+02  5.719351e+01  3.799447e+01
   endloop
 endfacet
 facet normal -4.143075e-01  3.670444e-01  8.328431e-01
   outer loop
     vertex  1.155748e+02  5.592165e+01  4.035881e+01
     vertex  1.119488e+02  5.719351e+01  3.799447e+01
     vertex  1.136484e+02  5.374723e+01  4.035881e+01
   endloop
 endfacet
 facet normal -4.039861e-01  5.852749e-01  7.030281e-01
   outer loop
     vertex  1.142128e+02  5.037272e+01  4.349240e+01
     vertex  1.136484e+02  5.374723e+01  4.035881e+01
     vertex  1.112577e+02  5.209701e+01  4.035881e+01
   endloop
 endfacet
 facet normal -3.410709e-01  6.498563e-01  6.792330e-01
   outer loop
     vertex  1.142128e+02  5.037272e+01  4.349240e+01
     vertex  1.112577e+02  5.209701e+01  4.035881e+01
     vertex  1.109980e+02  4.868549e+01  4.349240e+01
   endloop
 endfacet
 facet normal -2.031958e-01  8.243979e-01  5.282797e-01
   outer loop
     vertex  1.097920e+02  4.599315e+01  4.723000e+01
     vertex  1.109980e+02  4.868549e+01  4.349240e+01
     vertex  1.074729e+02  4.781663e+01  4.349240e+01
   endloop
 endfacet
 facet normal -1.052090e-01  8.664743e-01  4.880096e-01
   outer loop
     vertex  1.097920e+02  4.599315e+01  4.723000e+01
     vertex  1.074729e+02  4.781663e+01  4.349240e+01
     vertex  1.056576e+02  4.549115e+01  4.723000e+01
   endloop
 endfacet
 facet normal  1.139399e-01  9.383799e-01  3.262834e-01
   outer loop
     vertex  1.034180e+02  4.432201e+01  5.137450e+01
     vertex  1.056576e+02  4.549115e+01  4.723000e+01
     vertex  1.015233e+02  4.599315e+01  4.723000e+01
   endloop
 endfacet
 facet normal  2.303267e-01  9.344720e-01  2.714989e-01
   outer loop
     vertex  1.034180e+02  4.432201e+01  5.137450e+01
     vertex  1.015233e+02  4.599315e+01  4.723000e+01
     vertex  9.906893e+01  4.539396e+01  5.137450e+01
   endloop
 endfacet
 facet normal  4.567576e-01  8.702789e-01 -1.843562e-01
   outer loop
     vertex  9.687196e+01  4.602726e+01  5.570733e+01
     vertex  9.530015e+01  4.776155e+01  6.000000e+01
     vertex  9.919215e+01  4.571887e+01  6.000000e+01
   endloop
 endfacet
 facet normal  4.621236e-01  8.805030e-01  1.056230e-01
   outer loop
     vertex  9.687196e+01  4.602726e+01  5.570733e+01
     vertex  9.906893e+01  4.539396e+01  5.137450e+01
     vertex  9.510275e+01  4.747557e+01  5.137450e+01
   endloop
 endfacet
 facet normal  5.675369e-01  8.222192e-01  4.309770e-02
   outer loop
     vertex  9.687196e+01  4.602726e+01  5.570733e+01
     vertex  9.510275e+01  4.747557e+01  5.137450e+01
     vertex  9.312119e+01  4.861624e+01  5.570733e+01
   endloop
 endfacet
 facet normal  5.637133e-01  8.166797e-01 -1.235382e-01
   outer loop
     vertex  9.687196e+01  4.602726e+01  5.570733e+01
     vertex  9.312119e+01  4.861624e+01  5.570733e+01
     vertex  9.530015e+01  4.776155e+01  6.000000e+01
   endloop
 endfacet
 facet normal -5.028272e-01  1.906972e-01  8.430892e-01
   outer loop
     vertex  1.169248e+02  5.849390e+01  4.035881e+01
     vertex  1.138183e+02  6.075556e+01  3.799447e+01
     vertex  1.130998e+02  5.886104e+01  3.799447e+01
   endloop
 endfacet
 facet normal -4.901080e-01  2.572285e-01  8.328431e-01
   outer loop
     vertex  1.169248e+02  5.849390e+01  4.035881e+01
     vertex  1.130998e+02  5.886104e+01  3.799447e+01
     vertex  1.155748e+02  5.592165e+01  4.035881e+01
   endloop
 endfacet
 facet normal -5.323124e-01  4.715877e-01  7.030281e-01
   outer loop
     vertex  1.169303e+02  5.278025e+01  4.349240e+01
     vertex  1.155748e+02  5.592165e+01  4.035881e+01
     vertex  1.136484e+02  5.374723e+01  4.035881e+01
   endloop
 endfacet
 facet normal -4.866808e-01  5.493490e-01  6.792330e-01
   outer loop
     vertex  1.169303e+02  5.278025e+01  4.349240e+01
     vertex  1.136484e+02  5.374723e+01  4.035881e+01
     vertex  1.142128e+02  5.037272e+01  4.349240e+01
   endloop
 endfacet
 facet normal -3.095127e-01  8.161179e-01  4.880096e-01
   outer loop
     vertex  1.136861e+02  4.746999e+01  4.723000e+01
     vertex  1.109980e+02  4.868549e+01  4.349240e+01
     vertex  1.097920e+02  4.599315e+01  4.723000e+01
   endloop
 endfacet
 facet normal -3.945827e-01  7.518145e-01  5.282797e-01
   outer loop
     vertex  1.136861e+02  4.746999e+01  4.723000e+01
     vertex  1.142128e+02  5.037272e+01  4.349240e+01
     vertex  1.109980e+02  4.868549e+01  4.349240e+01
   endloop
 endfacet
 facet normal -1.139399e-01  9.383799e-01  3.262834e-01
   outer loop
     vertex  1.078973e+02  4.432201e+01  5.137450e+01
     vertex  1.097920e+02  4.599315e+01  4.723000e+01
     vertex  1.056576e+02  4.549115e+01  4.723000e+01
   endloop
 endfacet
 facet normal  3.053431e-15  9.624388e-01  2.714989e-01
   outer loop
     vertex  1.078973e+02  4.432201e+01  5.137450e+01
     vertex  1.056576e+02  4.549115e+01  4.723000e+01
     vertex  1.034180e+02  4.432201e+01  5.137450e+01
   endloop
 endfacet
 facet normal  2.352137e-01  9.542994e-01 -1.843562e-01
   outer loop
     vertex  1.011333e+02  4.441114e+01  5.570733e+01
     vertex  9.919215e+01  4.571887e+01  6.000000e+01
     vertex  1.034599e+02  4.466697e+01  6.000000e+01
   endloop
 endfacet
 facet normal  3.518885e-01  9.278538e-01 -1.235382e-01
   outer loop
     vertex  1.011333e+02  4.441114e+01  5.570733e+01
     vertex  9.687196e+01  4.602726e+01  5.570733e+01
     vertex  9.919215e+01  4.571887e+01  6.000000e+01
   endloop
 endfacet
 facet normal  3.542754e-01  9.341475e-01  4.309770e-02
   outer loop
     vertex  1.011333e+02  4.441114e+01  5.570733e+01
     vertex  9.906893e+01  4.539396e+01  5.137450e+01
     vertex  9.687196e+01  4.602726e+01  5.570733e+01
   endloop
 endfacet
 facet normal  2.379770e-01  9.655106e-01  1.056230e-01
   outer loop
     vertex  1.011333e+02  4.441114e+01  5.570733e+01
     vertex  1.034180e+02  4.432201e+01  5.137450e+01
     vertex  9.906893e+01  4.539396e+01  5.137450e+01
   endloop
 endfacet
 facet normal -5.374251e-01  1.324634e-01  8.328431e-01
   outer loop
     vertex  1.176200e+02  6.131448e+01  4.035881e+01
     vertex  1.138183e+02  6.075556e+01  3.799447e+01
     vertex  1.169248e+02  5.849390e+01  4.035881e+01
   endloop
 endfacet
 facet normal -5.438583e-01  3.289737e-02  8.385320e-01
   outer loop
     vertex  1.176200e+02  6.131448e+01  4.035881e+01
     vertex  1.177079e+02  6.276697e+01  4.035881e+01
     vertex  1.140625e+02  6.276697e+01  3.799447e+01
   endloop
 endfacet
 facet normal -7.205131e-01  4.358301e-02  6.920704e-01
   outer loop
     vertex  1.176200e+02  6.131448e+01  4.035881e+01
     vertex  1.207178e+02  6.276697e+01  4.349240e+01
     vertex  1.177079e+02  6.276697e+01  4.035881e+01
   endloop
 endfacet
 facet normal -5.338528e-01  6.482146e-02  8.430892e-01
   outer loop
     vertex  1.176200e+02  6.131448e+01  4.035881e+01
     vertex  1.140625e+02  6.276697e+01  3.799447e+01
     vertex  1.138183e+02  6.075556e+01  3.799447e+01
   endloop
 endfacet
 facet normal -6.040065e-01  4.169156e-01  6.792330e-01
   outer loop
     vertex  1.189927e+02  5.576818e+01  4.349240e+01
     vertex  1.155748e+02  5.592165e+01  4.035881e+01
     vertex  1.169303e+02  5.278025e+01  4.349240e+01
   endloop
 endfacet
 facet normal -6.297027e-01  3.304935e-01  7.030281e-01
   outer loop
     vertex  1.189927e+02  5.576818e+01  4.349240e+01
     vertex  1.169248e+02  5.849390e+01  4.035881e+01
     vertex  1.155748e+02  5.592165e+01  4.035881e+01
   endloop
 endfacet
 facet normal -5.630378e-01  6.355383e-01  5.282797e-01
   outer loop
     vertex  1.171136e+02  4.983583e+01  4.723000e+01
     vertex  1.169303e+02  5.278025e+01  4.349240e+01
     vertex  1.142128e+02  5.037272e+01  4.349240e+01
   endloop
 endfacet
 facet normal -4.958286e-01  7.183318e-01  4.880096e-01
   outer loop
     vertex  1.171136e+02  4.983583e+01  4.723000e+01
     vertex  1.142128e+02  5.037272e+01  4.349240e+01
     vertex  1.136861e+02  4.746999e+01  4.723000e+01
   endloop
 endfacet
 facet normal -3.351981e-01  8.838447e-01  3.262834e-01
   outer loop
     vertex  1.122464e+02  4.539396e+01  5.137450e+01
     vertex  1.136861e+02  4.746999e+01  4.723000e+01
     vertex  1.097920e+02  4.599315e+01  4.723000e+01
   endloop
 endfacet
 facet normal -2.303267e-01  9.344720e-01  2.714989e-01
   outer loop
     vertex  1.122464e+02  4.539396e+01  5.137450e+01
     vertex  1.097920e+02  4.599315e+01  4.723000e+01
     vertex  1.078973e+02  4.432201e+01  5.137450e+01
   endloop
 endfacet
 facet normal  0.000000e+00  9.828595e-01 -1.843562e-01
   outer loop
     vertex  1.056576e+02  4.386179e+01  5.570733e+01
     vertex  1.034599e+02  4.466697e+01  6.000000e+01
     vertex  1.078554e+02  4.466697e+01  6.000000e+01
   endloop
 endfacet
 facet normal  1.196133e-01  9.851045e-01 -1.235382e-01
   outer loop
     vertex  1.056576e+02  4.386179e+01  5.570733e+01
     vertex  1.011333e+02  4.441114e+01  5.570733e+01
     vertex  1.034599e+02  4.466697e+01  6.000000e+01
   endloop
 endfacet
 facet normal  3.151424e-15  9.944062e-01  1.056230e-01
   outer loop
     vertex  1.056576e+02  4.386179e+01  5.570733e+01
     vertex  1.078973e+02  4.432201e+01  5.137450e+01
     vertex  1.034180e+02  4.432201e+01  5.137450e+01
   endloop
 endfacet
 facet normal  1.204247e-01  9.917865e-01  4.309770e-02
   outer loop
     vertex  1.056576e+02  4.386179e+01  5.570733e+01
     vertex  1.034180e+02  4.432201e+01  5.137450e+01
     vertex  1.011333e+02  4.441114e+01  5.570733e+01
   endloop
 endfacet
 facet normal -6.904970e-01  1.701922e-01  7.030281e-01
   outer loop
     vertex  1.202802e+02  5.916285e+01  4.349240e+01
     vertex  1.176200e+02  6.131448e+01  4.035881e+01
     vertex  1.169248e+02  5.849390e+01  4.035881e+01
   endloop
 endfacet
 facet normal -6.862296e-01  2.602526e-01  6.792330e-01
   outer loop
     vertex  1.202802e+02  5.916285e+01  4.349240e+01
     vertex  1.169248e+02  5.849390e+01  4.035881e+01
     vertex  1.189927e+02  5.576818e+01  4.349240e+01
   endloop
 endfacet
 facet normal -7.285716e-01  8.846460e-02  6.792330e-01
   outer loop
     vertex  1.202802e+02  5.916285e+01  4.349240e+01
     vertex  1.207178e+02  6.276697e+01  4.349240e+01
     vertex  1.176200e+02  6.131448e+01  4.035881e+01
   endloop
 endfacet
 facet normal -6.987712e-01  4.823270e-01  5.282797e-01
   outer loop
     vertex  1.198754e+02  5.295319e+01  4.723000e+01
     vertex  1.189927e+02  5.576818e+01  4.349240e+01
     vertex  1.169303e+02  5.278025e+01  4.349240e+01
   endloop
 endfacet
 facet normal -6.533288e-01  5.787988e-01  4.880096e-01
   outer loop
     vertex  1.198754e+02  5.295319e+01  4.723000e+01
     vertex  1.169303e+02  5.278025e+01  4.349240e+01
     vertex  1.171136e+02  4.983583e+01  4.723000e+01
   endloop
 endfacet
 facet normal -5.369757e-01  7.779436e-01  3.262834e-01
   outer loop
     vertex  1.162125e+02  4.747557e+01  5.137450e+01
     vertex  1.171136e+02  4.983583e+01  4.723000e+01
     vertex  1.136861e+02  4.746999e+01  4.723000e+01
   endloop
 endfacet
 facet normal -4.472676e-01  8.521972e-01  2.714989e-01
   outer loop
     vertex  1.162125e+02  4.747557e+01  5.137450e+01
     vertex  1.136861e+02  4.746999e+01  4.723000e+01
     vertex  1.122464e+02  4.539396e+01  5.137450e+01
   endloop
 endfacet
 facet normal -2.352137e-01  9.542994e-01 -1.843562e-01
   outer loop
     vertex  1.101820e+02  4.441114e+01  5.570733e+01
     vertex  1.078554e+02  4.466697e+01  6.000000e+01
     vertex  1.121231e+02  4.571887e+01  6.000000e+01
   endloop
 endfacet
 facet normal -1.196133e-01  9.851045e-01 -1.235382e-01
   outer loop
     vertex  1.101820e+02  4.441114e+01  5.570733e+01
     vertex  1.056576e+02  4.386179e+01  5.570733e+01
     vertex  1.078554e+02  4.466697e+01  6.000000e+01
   endloop
 endfacet
 facet normal -2.379770e-01  9.655106e-01  1.056230e-01
   outer loop
     vertex  1.101820e+02  4.441114e+01  5.570733e+01
     vertex  1.122464e+02  4.539396e+01  5.137450e+01
     vertex  1.078973e+02  4.432201e+01  5.137450e+01
   endloop
 endfacet
 facet normal -1.204247e-01  9.917865e-01  4.309770e-02
   outer loop
     vertex  1.101820e+02  4.441114e+01  5.570733e+01
     vertex  1.078973e+02  4.432201e+01  5.137450e+01
     vertex  1.056576e+02  4.386179e+01  5.570733e+01
   endloop
 endfacet
 facet normal -7.728599e-01  4.056282e-01  4.880096e-01
   outer loop
     vertex  1.218108e+02  5.664088e+01  4.723000e+01
     vertex  1.189927e+02  5.576818e+01  4.349240e+01
     vertex  1.198754e+02  5.295319e+01  4.723000e+01
   endloop
 endfacet
 facet normal -7.938946e-01  3.010845e-01  5.282797e-01
   outer loop
     vertex  1.218108e+02  5.664088e+01  4.723000e+01
     vertex  1.202802e+02  5.916285e+01  4.349240e+01
     vertex  1.189927e+02  5.576818e+01  4.349240e+01
   endloop
 endfacet
 facet normal -7.075462e-01  6.268313e-01  3.262834e-01
   outer loop
     vertex  1.195653e+02  5.044587e+01  5.137450e+01
     vertex  1.198754e+02  5.295319e+01  4.723000e+01
     vertex  1.171136e+02  4.983583e+01  4.723000e+01
   endloop
 endfacet
 facet normal -6.382149e-01  7.203958e-01  2.714989e-01
   outer loop
     vertex  1.195653e+02  5.044587e+01  5.137450e+01
     vertex  1.171136e+02  4.983583e+01  4.723000e+01
     vertex  1.162125e+02  4.747557e+01  5.137450e+01
   endloop
 endfacet
 facet normal -4.567576e-01  8.702789e-01 -1.843562e-01
   outer loop
     vertex  1.144433e+02  4.602726e+01  5.570733e+01
     vertex  1.121231e+02  4.571887e+01  6.000000e+01
     vertex  1.160151e+02  4.776155e+01  6.000000e+01
   endloop
 endfacet
 facet normal -3.518885e-01  9.278538e-01 -1.235382e-01
   outer loop
     vertex  1.144433e+02  4.602726e+01  5.570733e+01
     vertex  1.101820e+02  4.441114e+01  5.570733e+01
     vertex  1.121231e+02  4.571887e+01  6.000000e+01
   endloop
 endfacet
 facet normal -4.621236e-01  8.805030e-01  1.056230e-01
   outer loop
     vertex  1.144433e+02  4.602726e+01  5.570733e+01
     vertex  1.162125e+02  4.747557e+01  5.137450e+01
     vertex  1.122464e+02  4.539396e+01  5.137450e+01
   endloop
 endfacet
 facet normal -3.542754e-01  9.341475e-01  4.309770e-02
   outer loop
     vertex  1.144433e+02  4.602726e+01  5.570733e+01
     vertex  1.122464e+02  4.539396e+01  5.137450e+01
     vertex  1.101820e+02  4.441114e+01  5.570733e+01
   endloop
 endfacet
 facet normal -8.590483e-01  5.196285e-02  5.092502e-01
   outer loop
     vertex  1.228075e+02  6.068460e+01  4.723000e+01
     vertex  1.229335e+02  6.276697e+01  4.723000e+01
     vertex  1.207178e+02  6.276697e+01  4.349240e+01
   endloop
 endfacet
 facet normal -9.522745e-01  5.760199e-02  2.997588e-01
   outer loop
     vertex  1.228075e+02  6.068460e+01  4.723000e+01
     vertex  1.242381e+02  6.276697e+01  5.137450e+01
     vertex  1.229335e+02  6.276697e+01  4.723000e+01
   endloop
 endfacet
 facet normal -8.428797e-01  1.023441e-01  5.282797e-01
   outer loop
     vertex  1.228075e+02  6.068460e+01  4.723000e+01
     vertex  1.207178e+02  6.276697e+01  4.349240e+01
     vertex  1.202802e+02  5.916285e+01  4.349240e+01
   endloop
 endfacet
 facet normal -8.474751e-01  2.088839e-01  4.880096e-01
   outer loop
     vertex  1.228075e+02  6.068460e+01  4.723000e+01
     vertex  1.202802e+02  5.916285e+01  4.349240e+01
     vertex  1.218108e+02  5.664088e+01  4.723000e+01
   endloop
 endfacet
 facet normal -8.369968e-01  4.392898e-01  3.262834e-01
   outer loop
     vertex  1.221098e+02  5.413221e+01  5.137450e+01
     vertex  1.218108e+02  5.664088e+01  4.723000e+01
     vertex  1.198754e+02  5.295319e+01  4.723000e+01
   endloop
 endfacet
 facet normal -7.920716e-01  5.467275e-01  2.714989e-01
   outer loop
     vertex  1.221098e+02  5.413221e+01  5.137450e+01
     vertex  1.198754e+02  5.295319e+01  4.723000e+01
     vertex  1.195653e+02  5.044587e+01  5.137450e+01
   endloop
 endfacet
 facet normal -6.517564e-01  7.356809e-01 -1.843562e-01
   outer loop
     vertex  1.181941e+02  4.861624e+01  5.570733e+01
     vertex  1.160151e+02  4.776155e+01  6.000000e+01
     vertex  1.193052e+02  5.067630e+01  6.000000e+01
   endloop
 endfacet
 facet normal -5.637133e-01  8.166797e-01 -1.235382e-01
   outer loop
     vertex  1.181941e+02  4.861624e+01  5.570733e+01
     vertex  1.144433e+02  4.602726e+01  5.570733e+01
     vertex  1.160151e+02  4.776155e+01  6.000000e+01
   endloop
 endfacet
 facet normal -6.594133e-01  7.443238e-01  1.056230e-01
   outer loop
     vertex  1.181941e+02  4.861624e+01  5.570733e+01
     vertex  1.195653e+02  5.044587e+01  5.137450e+01
     vertex  1.162125e+02  4.747557e+01  5.137450e+01
   endloop
 endfacet
 facet normal -5.675369e-01  8.222192e-01  4.309770e-02
   outer loop
     vertex  1.181941e+02  4.861624e+01  5.570733e+01
     vertex  1.162125e+02  4.747557e+01  5.137450e+01
     vertex  1.144433e+02  4.602726e+01  5.570733e+01
   endloop
 endfacet
 facet normal -9.554215e-01  1.160092e-01  2.714989e-01
   outer loop
     vertex  1.236982e+02  5.832038e+01  5.137450e+01
     vertex  1.242381e+02  6.276697e+01  5.137450e+01
     vertex  1.228075e+02  6.068460e+01  4.723000e+01
   endloop
 endfacet
 facet normal -9.178041e-01  2.262184e-01  3.262834e-01
   outer loop
     vertex  1.236982e+02  5.832038e+01  5.137450e+01
     vertex  1.228075e+02  6.068460e+01  4.723000e+01
     vertex  1.218108e+02  5.664088e+01  4.723000e+01
   endloop
 endfacet
 facet normal -8.998959e-01  3.412855e-01  2.714989e-01
   outer loop
     vertex  1.236982e+02  5.832038e+01  5.137450e+01
     vertex  1.218108e+02  5.664088e+01  4.723000e+01
     vertex  1.221098e+02  5.413221e+01  5.137450e+01
   endloop
 endfacet
 facet normal -7.478153e-01  6.625065e-01  4.309770e-02
   outer loop
     vertex  1.212163e+02  5.202760e+01  5.570733e+01
     vertex  1.195653e+02  5.044587e+01  5.137450e+01
     vertex  1.181941e+02  4.861624e+01  5.570733e+01
   endloop
 endfacet
 facet normal -8.088775e-01  5.583278e-01 -1.843562e-01
   outer loop
     vertex  1.212163e+02  5.202760e+01  5.570733e+01
     vertex  1.193052e+02  5.067630e+01  6.000000e+01
     vertex  1.218021e+02  5.429370e+01  6.000000e+01
   endloop
 endfacet
 facet normal -7.427770e-01  6.580430e-01 -1.235382e-01
   outer loop
     vertex  1.212163e+02  5.202760e+01  5.570733e+01
     vertex  1.181941e+02  4.861624e+01  5.570733e+01
     vertex  1.193052e+02  5.067630e+01  6.000000e+01
   endloop
 endfacet
 facet normal -8.183803e-01  5.648871e-01  1.056230e-01
   outer loop
     vertex  1.212163e+02  5.202760e+01  5.570733e+01
     vertex  1.221098e+02  5.413221e+01  5.137450e+01
     vertex  1.195653e+02  5.044587e+01  5.137450e+01
   endloop
 endfacet
 facet normal -9.297860e-01  3.526213e-01  1.056230e-01
   outer loop
     vertex  1.233343e+02  5.606310e+01  5.570733e+01
     vertex  1.236982e+02  5.832038e+01  5.137450e+01
     vertex  1.221098e+02  5.413221e+01  5.137450e+01
   endloop
 endfacet
 facet normal -9.189896e-01  3.485268e-01 -1.843562e-01
   outer loop
     vertex  1.233343e+02  5.606310e+01  5.570733e+01
     vertex  1.218021e+02  5.429370e+01  6.000000e+01
     vertex  1.233608e+02  5.840355e+01  6.000000e+01
   endloop
 endfacet
 facet normal -8.786733e-01  4.611633e-01 -1.235382e-01
   outer loop
     vertex  1.233343e+02  5.606310e+01  5.570733e+01
     vertex  1.212163e+02  5.202760e+01  5.570733e+01
     vertex  1.218021e+02  5.429370e+01  6.000000e+01
   endloop
 endfacet
 facet normal -8.846333e-01  4.642914e-01  4.309770e-02
   outer loop
     vertex  1.233343e+02  5.606310e+01  5.570733e+01
     vertex  1.221098e+02  5.413221e+01  5.137450e+01
     vertex  1.212163e+02  5.202760e+01  5.570733e+01
   endloop
 endfacet
 facet normal -9.700397e-01  2.390933e-01  4.309770e-02
   outer loop
     vertex  1.244250e+02  6.048821e+01  5.570733e+01
     vertex  1.236982e+02  5.832038e+01  5.137450e+01
     vertex  1.233343e+02  5.606310e+01  5.570733e+01
   endloop
 endfacet
 facet normal -9.756933e-01  1.184706e-01 -1.843562e-01
   outer loop
     vertex  1.244250e+02  6.048821e+01  5.570733e+01
     vertex  1.233608e+02  5.840355e+01  6.000000e+01
     vertex  1.238906e+02  6.276697e+01  6.000000e+01
   endloop
 endfacet
 facet normal -9.953938e-01  6.021023e-02  7.460548e-02
   outer loop
     vertex  1.244250e+02  6.048821e+01  5.570733e+01
     vertex  1.245628e+02  6.276697e+01  5.570733e+01
     vertex  1.242381e+02  6.276697e+01  5.137450e+01
   endloop
 endfacet
 facet normal -9.861994e-01  5.965407e-02 -1.544412e-01
   outer loop
     vertex  1.244250e+02  6.048821e+01  5.570733e+01
     vertex  1.238906e+02  6.276697e+01  6.000000e+01
     vertex  1.245628e+02  6.276697e+01  5.570733e+01
   endloop
 endfacet
 facet normal -9.635042e-01  2.374825e-01 -1.235382e-01
   outer loop
     vertex  1.244250e+02  6.048821e+01  5.570733e+01
     vertex  1.233343e+02  5.606310e+01  5.570733e+01
     vertex  1.233608e+02  5.840355e+01  6.000000e+01
   endloop
 endfacet
 facet normal -9.871559e-01  1.198624e-01  1.056230e-01
   outer loop
     vertex  1.244250e+02  6.048821e+01  5.570733e+01
     vertex  1.242381e+02  6.276697e+01  5.137450e+01
     vertex  1.236982e+02  5.832038e+01  5.137450e+01
   endloop
 endfacet
endsolid
