solid 
 facet normal -1.000000e+00  0.000000e+00  0.000000e+00
   outer loop
     vertex  0.000000e+00  0.000000e+00  6.000000e+01
     vertex  0.000000e+00  9.932858e+01  0.000000e+00
     vertex  0.000000e+00  0.000000e+00  0.000000e+00
   endloop
 endfacet
 facet normal -1.000000e+00  0.000000e+00  0.000000e+00
   outer loop
     vertex  0.000000e+00  0.000000e+00  6.000000e+01
     vertex  0.000000e+00  9.932858e+01  6.000000e+01
     vertex  0.000000e+00  9.932858e+01  0.000000e+00
   endloop
 endfacet
 facet normal  0.000000e+00 -1.000000e+00  0.000000e+00
   outer loop
     vertex  1.187730e+02  0.000000e+00  0.000000e+00
     vertex  0.000000e+00  0.000000e+00  6.000000e+01
     vertex  0.000000e+00  0.000000e+00  0.000000e+00
   endloop
 endfacet
 facet normal -0.000000e+00 -1.000000e+00 -0.000000e+00
   outer loop
     vertex  1.187730e+02  0.000000e+00  6.000000e+01
     vertex  0.000000e+00  0.000000e+00  6.000000e+01
     vertex  1.187730e+02  0.000000e+00  0.000000e+00
   endloop
 endfacet
 facet normal  0.000000e+00  0.000000e+00  1.000000e+00
   outer loop
     vertex  5.006044e+01  2.008122e+01  6.000000e+01
     vertex  4.687198e+01  2.290595e+01  6.000000e+01
     vertex  0.000000e+00  0.000000e+00  6.000000e+01
   endloop
 endfacet
 facet normal  0.000000e+00  0.000000e+00  1.000000e+00
   outer loop
     vertex  4.445217e+01  2.641164e+01  6.000000e+01
     vertex  0.000000e+00  0.000000e+00  6.000000e+01
     vertex  4.687198e+01  2.290595e+01  6.000000e+01
   endloop
 endfacet
 facet normal  0.000000e+00  0.000000e+00  1.000000e+00
   outer loop
     vertex  5.383225e+01  1.810162e+01  6.000000e+01
     vertex  5.006044e+01  2.008122e+01  6.000000e+01
     vertex  0.000000e+00  0.000000e+00  6.000000e+01
   endloop
 endfacet
 facet normal  0.000000e+00  0.000000e+00  1.000000e+00
   outer loop
     vertex  4.294165e+01  3.039456e+01  6.000000e+01
     vertex  0.000000e+00  0.000000e+00  6.000000e+01
     vertex  4.445217e+01  2.641164e+01  6.000000e+01
   endloop
 endfacet
 facet normal  0.000000e+00  0.000000e+00  1.000000e+00
   outer loop
     vertex  5.796820e+01  1.708220e+01  6.000000e+01
     vertex  5.383225e+01  1.810162e+01  6.000000e+01
     vertex  0.000000e+00  0.000000e+00  6.000000e+01
   endloop
 endfacet
 facet normal  0.000000e+00  0.000000e+00  1.000000e+00
   outer loop
     vertex  4.242819e+01  3.462324e+01  6.000000e+01
     vertex  0.000000e+00  0.000000e+00  6.000000e+01
     vertex  4.294165e+01  3.039456e+01  6.000000e+01
   endloop
 endfacet
 facet normal  0.000000e+00  0.000000e+00  1.000000e+00
   outer loop
     vertex  4.294165e+01  3.885192e+01  6.000000e+01
     vertex  0.000000e+00  0.000000e+00  6.000000e+01
     vertex  4.242819e+01  3.462324e+01  6.000000e+01
   endloop
 endfacet
 facet normal  0.000000e+00  0.000000e+00  1.000000e+00
   outer loop
     vertex  0.000000e+00  9.932858e+01  6.000000e+01
     vertex  4.687198e+01  4.634054e+01  6.000000e+01
     vertex  5.006044e+01  4.916527e+01  6.000000e+01
   endloop
 endfacet
 facet normal  0.000000e+00  0.000000e+00  1.000000e+00
   outer loop
     vertex  0.000000e+00  9.932858e+01  6.000000e+01
     vertex  4.445217e+01  4.283484e+01  6.000000e+01
     vertex  4.687198e+01  4.634054e+01  6.000000e+01
   endloop
 endfacet
 facet normal  0.000000e+00  0.000000e+00  1.000000e+00
   outer loop
     vertex  0.000000e+00  9.932858e+01  6.000000e+01
     vertex  4.294165e+01  3.885192e+01  6.000000e+01
     vertex  4.445217e+01  4.283484e+01  6.000000e+01
   endloop
 endfacet
 facet normal  0.000000e+00  0.000000e+00  1.000000e+00
   outer loop
     vertex  0.000000e+00  9.932858e+01  6.000000e+01
     vertex  0.000000e+00  0.000000e+00  6.000000e+01
     vertex  4.294165e+01  3.885192e+01  6.000000e+01
   endloop
 endfacet
 facet normal  0.000000e+00  0.000000e+00  1.000000e+00
   outer loop
     vertex  5.383225e+01  5.114486e+01  6.000000e+01
     vertex  0.000000e+00  9.932858e+01  6.000000e+01
     vertex  5.006044e+01  4.916527e+01  6.000000e+01
   endloop
 endfacet
 facet normal  0.000000e+00  0.000000e+00  1.000000e+00
   outer loop
     vertex  5.796820e+01  5.216429e+01  6.000000e+01
     vertex  0.000000e+00  9.932858e+01  6.000000e+01
     vertex  5.383225e+01  5.114486e+01  6.000000e+01
   endloop
 endfacet
 facet normal -1.773937e-15 -1.895690e-15  1.000000e+00
   outer loop
     vertex  1.187730e+02  0.000000e+00  6.000000e+01
     vertex  7.725450e+01  3.885192e+01  6.000000e+01
     vertex  7.776795e+01  3.462324e+01  6.000000e+01
   endloop
 endfacet
 facet normal  0.000000e+00  0.000000e+00  1.000000e+00
   outer loop
     vertex  1.187730e+02  0.000000e+00  6.000000e+01
     vertex  6.222794e+01  1.708220e+01  6.000000e+01
     vertex  5.796820e+01  1.708220e+01  6.000000e+01
   endloop
 endfacet
 facet normal  0.000000e+00  0.000000e+00  1.000000e+00
   outer loop
     vertex  1.187730e+02  0.000000e+00  6.000000e+01
     vertex  6.636390e+01  1.810162e+01  6.000000e+01
     vertex  6.222794e+01  1.708220e+01  6.000000e+01
   endloop
 endfacet
 facet normal  0.000000e+00  0.000000e+00  1.000000e+00
   outer loop
     vertex  1.187730e+02  0.000000e+00  6.000000e+01
     vertex  7.013571e+01  2.008122e+01  6.000000e+01
     vertex  6.636390e+01  1.810162e+01  6.000000e+01
   endloop
 endfacet
 facet normal  0.000000e+00  0.000000e+00  1.000000e+00
   outer loop
     vertex  1.187730e+02  0.000000e+00  6.000000e+01
     vertex  7.332417e+01  2.290595e+01  6.000000e+01
     vertex  7.013571e+01  2.008122e+01  6.000000e+01
   endloop
 endfacet
 facet normal  0.000000e+00  0.000000e+00  1.000000e+00
   outer loop
     vertex  1.187730e+02  0.000000e+00  6.000000e+01
     vertex  7.574397e+01  2.641164e+01  6.000000e+01
     vertex  7.332417e+01  2.290595e+01  6.000000e+01
   endloop
 endfacet
 facet normal  0.000000e+00  0.000000e+00  1.000000e+00
   outer loop
     vertex  1.187730e+02  0.000000e+00  6.000000e+01
     vertex  7.725450e+01  3.039456e+01  6.000000e+01
     vertex  7.574397e+01  2.641164e+01  6.000000e+01
   endloop
 endfacet
 facet normal  1.129681e-15  1.543127e-15  1.000000e+00
   outer loop
     vertex  1.187730e+02  0.000000e+00  6.000000e+01
     vertex  7.776795e+01  3.462324e+01  6.000000e+01
     vertex  7.725450e+01  3.039456e+01  6.000000e+01
   endloop
 endfacet
 facet normal  0.000000e+00  0.000000e+00  1.000000e+00
   outer loop
     vertex  1.187730e+02  0.000000e+00  6.000000e+01
     vertex  5.796820e+01  1.708220e+01  6.000000e+01
     vertex  0.000000e+00  0.000000e+00  6.000000e+01
   endloop
 endfacet
 facet normal  0.000000e+00  0.000000e+00  1.000000e+00
   outer loop
     vertex  1.187730e+02  9.932858e+01  6.000000e+01
     vertex  7.574397e+01  4.283484e+01  6.000000e+01
     vertex  7.725450e+01  3.885192e+01  6.000000e+01
   endloop
 endfacet
 facet normal  0.000000e+00  0.000000e+00  1.000000e+00
   outer loop
     vertex  1.187730e+02  9.932858e+01  6.000000e+01
     vertex  7.332417e+01  4.634054e+01  6.000000e+01
     vertex  7.574397e+01  4.283484e+01  6.000000e+01
   endloop
 endfacet
 facet normal  0.000000e+00  0.000000e+00  1.000000e+00
   outer loop
     vertex  1.187730e+02  9.932858e+01  6.000000e+01
     vertex  7.013571e+01  4.916527e+01  6.000000e+01
     vertex  7.332417e+01  4.634054e+01  6.000000e+01
   endloop
 endfacet
 facet normal  0.000000e+00  0.000000e+00  1.000000e+00
   outer loop
     vertex  1.187730e+02  9.932858e+01  6.000000e+01
     vertex  6.636390e+01  5.114486e+01  6.000000e+01
     vertex  7.013571e+01  4.916527e+01  6.000000e+01
   endloop
 endfacet
 facet normal  0.000000e+00  0.000000e+00  1.000000e+00
   outer loop
     vertex  1.187730e+02  9.932858e+01  6.000000e+01
     vertex  6.222794e+01  5.216429e+01  6.000000e+01
     vertex  6.636390e+01  5.114486e+01  6.000000e+01
   endloop
 endfacet
 facet normal  0.000000e+00  0.000000e+00  1.000000e+00
   outer loop
     vertex  1.187730e+02  9.932858e+01  6.000000e+01
     vertex  5.796820e+01  5.216429e+01  6.000000e+01
     vertex  6.222794e+01  5.216429e+01  6.000000e+01
   endloop
 endfacet
 facet normal  0.000000e+00  0.000000e+00  1.000000e+00
   outer loop
     vertex  1.187730e+02  9.932858e+01  6.000000e+01
     vertex  7.725450e+01  3.885192e+01  6.000000e+01
     vertex  1.187730e+02  0.000000e+00  6.000000e+01
   endloop
 endfacet
 facet normal  0.000000e+00  0.000000e+00  1.000000e+00
   outer loop
     vertex  1.187730e+02  9.932858e+01  6.000000e+01
     vertex  0.000000e+00  9.932858e+01  6.000000e+01
     vertex  5.796820e+01  5.216429e+01  6.000000e+01
   endloop
 endfacet
 facet normal  0.000000e+00  1.000000e+00  0.000000e+00
   outer loop
     vertex  1.187730e+02  9.932858e+01  0.000000e+00
     vertex  0.000000e+00  9.932858e+01  0.000000e+00
     vertex  0.000000e+00  9.932858e+01  6.000000e+01
   endloop
 endfacet
 facet normal  0.000000e+00  1.000000e+00  0.000000e+00
   outer loop
     vertex  1.187730e+02  9.932858e+01  6.000000e+01
     vertex  1.187730e+02  9.932858e+01  0.000000e+00
     vertex  0.000000e+00  9.932858e+01  6.000000e+01
   endloop
 endfacet
 facet normal -0.000000e+00  0.000000e+00 -1.000000e+00
   outer loop
     vertex  1.187730e+02  9.932858e+01  0.000000e+00
     vertex  0.000000e+00  0.000000e+00  0.000000e+00
     vertex  0.000000e+00  9.932858e+01  0.000000e+00
   endloop
 endfacet
 facet normal  0.000000e+00 -0.000000e+00 -1.000000e+00
   outer loop
     vertex  1.187730e+02  9.932858e+01  0.000000e+00
     vertex  1.187730e+02  0.000000e+00  0.000000e+00
     vertex  0.000000e+00  0.000000e+00  0.000000e+00
   endloop
 endfacet
 facet normal  1.000000e+00  0.000000e+00  0.000000e+00
   outer loop
     vertex  1.187730e+02  0.000000e+00  6.000000e+01
     vertex  1.187730e+02  0.000000e+00  0.000000e+00
     vertex  1.187730e+02  9.932858e+01  0.000000e+00
   endloop
 endfacet
 facet normal  1.000000e+00 -0.000000e+00  0.000000e+00
   outer loop
     vertex  1.187730e+02  0.000000e+00  6.000000e+01
     vertex  1.187730e+02  9.932858e+01  0.000000e+00
     vertex  1.187730e+02  9.932858e+01  6.000000e+01
   endloop
 endfacet
 facet normal -1.142134e-01 -7.185696e-03  9.934303e-01
   outer loop
     vertex  6.421550e+01  3.514339e+01  3.747641e+01
     vertex  6.009807e+01  3.462324e+01  3.699927e+01
     vertex  6.424823e+01  3.462324e+01  3.747641e+01
   endloop
 endfacet
 facet normal -3.366135e-01 -2.117792e-02  9.414047e-01
   outer loop
     vertex  6.421550e+01  3.514339e+01  3.747641e+01
     vertex  6.424823e+01  3.462324e+01  3.747641e+01
     vertex  6.818182e+01  3.462324e+01  3.888293e+01
   endloop
 endfacet
 facet normal -1.114957e-01 -2.862722e-02  9.933525e-01
   outer loop
     vertex  6.395679e+01  3.615102e+01  3.747641e+01
     vertex  6.009807e+01  3.462324e+01  3.699927e+01
     vertex  6.421550e+01  3.514339e+01  3.747641e+01
   endloop
 endfacet
 facet normal -1.008735e-01 -5.545569e-02  9.933525e-01
   outer loop
     vertex  6.345562e+01  3.706264e+01  3.747641e+01
     vertex  6.009807e+01  3.462324e+01  3.699927e+01
     vertex  6.395679e+01  3.615102e+01  3.747641e+01
   endloop
 endfacet
 facet normal -3.237223e-01 -8.311775e-02  9.424942e-01
   outer loop
     vertex  6.792786e+01  3.663359e+01  3.888293e+01
     vertex  6.395679e+01  3.615102e+01  3.747641e+01
     vertex  6.421550e+01  3.514339e+01  3.747641e+01
   endloop
 endfacet
 facet normal -3.388988e-01 -4.281287e-02  9.398482e-01
   outer loop
     vertex  6.792786e+01  3.663359e+01  3.888293e+01
     vertex  6.421550e+01  3.514339e+01  3.747641e+01
     vertex  6.818182e+01  3.462324e+01  3.888293e+01
   endloop
 endfacet
 facet normal -8.391312e-02 -7.879967e-02  9.933525e-01
   outer loop
     vertex  6.274348e+01  3.782099e+01  3.747641e+01
     vertex  6.009807e+01  3.462324e+01  3.699927e+01
     vertex  6.345562e+01  3.706264e+01  3.747641e+01
   endloop
 endfacet
 facet normal -3.176045e-01 -1.257485e-01  9.398482e-01
   outer loop
     vertex  6.718192e+01  3.851762e+01  3.888293e+01
     vertex  6.395679e+01  3.615102e+01  3.747641e+01
     vertex  6.792786e+01  3.663359e+01  3.888293e+01
   endloop
 endfacet
 facet normal -2.928814e-01 -1.610129e-01  9.424942e-01
   outer loop
     vertex  6.718192e+01  3.851762e+01  3.888293e+01
     vertex  6.345562e+01  3.706264e+01  3.747641e+01
     vertex  6.395679e+01  3.615102e+01  3.747641e+01
   endloop
 endfacet
 facet normal -5.412786e-01 -3.405436e-02  8.401534e-01
   outer loop
     vertex  7.160216e+01  3.607655e+01  4.114543e+01
     vertex  6.818182e+01  3.462324e+01  3.888293e+01
     vertex  7.169359e+01  3.462324e+01  4.114543e+01
   endloop
 endfacet
 facet normal -7.175032e-01 -4.514147e-02  6.950910e-01
   outer loop
     vertex  7.160216e+01  3.607655e+01  4.114543e+01
     vertex  7.169359e+01  3.462324e+01  4.114543e+01
     vertex  7.460030e+01  3.462324e+01  4.414585e+01
   endloop
 endfacet
 facet normal -5.304995e-01 -6.701767e-02  8.450319e-01
   outer loop
     vertex  7.160216e+01  3.607655e+01  4.114543e+01
     vertex  6.792786e+01  3.663359e+01  3.888293e+01
     vertex  6.818182e+01  3.462324e+01  3.888293e+01
   endloop
 endfacet
 facet normal -6.168016e-02 -9.719238e-02  9.933525e-01
   outer loop
     vertex  6.186512e+01  3.837842e+01  3.747641e+01
     vertex  6.009807e+01  3.462324e+01  3.699927e+01
     vertex  6.274348e+01  3.782099e+01  3.747641e+01
   endloop
 endfacet
 facet normal -2.763540e-01 -2.007829e-01  9.398482e-01
   outer loop
     vertex  6.599087e+01  4.015695e+01  3.888293e+01
     vertex  6.345562e+01  3.706264e+01  3.747641e+01
     vertex  6.718192e+01  3.851762e+01  3.888293e+01
   endloop
 endfacet
 facet normal -2.436377e-01 -2.287910e-01  9.424942e-01
   outer loop
     vertex  6.599087e+01  4.015695e+01  3.888293e+01
     vertex  6.274348e+01  3.782099e+01  3.747641e+01
     vertex  6.345562e+01  3.706264e+01  3.747641e+01
   endloop
 endfacet
 facet normal -4.971662e-01 -1.968420e-01  8.450319e-01
   outer loop
     vertex  7.087932e+01  3.889184e+01  4.114543e+01
     vertex  6.718192e+01  3.851762e+01  3.888293e+01
     vertex  6.792786e+01  3.663359e+01  3.888293e+01
   endloop
 endfacet
 facet normal -5.343714e-01 -1.372033e-01  8.340398e-01
   outer loop
     vertex  7.087932e+01  3.889184e+01  4.114543e+01
     vertex  6.792786e+01  3.663359e+01  3.888293e+01
     vertex  7.160216e+01  3.607655e+01  4.114543e+01
   endloop
 endfacet
 facet normal -3.557160e-02 -1.094781e-01  9.933525e-01
   outer loop
     vertex  6.087573e+01  3.869989e+01  3.747641e+01
     vertex  6.009807e+01  3.462324e+01  3.699927e+01
     vertex  6.186512e+01  3.837842e+01  3.747641e+01
   endloop
 endfacet
 facet normal -2.177391e-01 -2.632014e-01  9.398482e-01
   outer loop
     vertex  6.442956e+01  4.144858e+01  3.888293e+01
     vertex  6.274348e+01  3.782099e+01  3.747641e+01
     vertex  6.599087e+01  4.015695e+01  3.888293e+01
   endloop
 endfacet
 facet normal -1.790854e-01 -2.821934e-01  9.424942e-01
   outer loop
     vertex  6.442956e+01  4.144858e+01  3.888293e+01
     vertex  6.186512e+01  3.837842e+01  3.747641e+01
     vertex  6.274348e+01  3.782099e+01  3.747641e+01
   endloop
 endfacet
 facet normal -4.325942e-01 -3.142981e-01  8.450319e-01
   outer loop
     vertex  6.947905e+01  4.143892e+01  4.114543e+01
     vertex  6.599087e+01  4.015695e+01  3.888293e+01
     vertex  6.718192e+01  3.851762e+01  3.888293e+01
   endloop
 endfacet
 facet normal -4.834621e-01 -2.657855e-01  8.340398e-01
   outer loop
     vertex  6.947905e+01  4.143892e+01  4.114543e+01
     vertex  6.718192e+01  3.851762e+01  3.888293e+01
     vertex  7.087932e+01  3.889184e+01  4.114543e+01
   endloop
 endfacet
 facet normal -7.262617e-01 -9.174819e-02  6.812681e-01
   outer loop
     vertex  7.414468e+01  3.822980e+01  4.414585e+01
     vertex  7.160216e+01  3.607655e+01  4.114543e+01
     vertex  7.460030e+01  3.462324e+01  4.414585e+01
   endloop
 endfacet
 facet normal -6.851529e-01 -1.759174e-01  7.068370e-01
   outer loop
     vertex  7.414468e+01  3.822980e+01  4.414585e+01
     vertex  7.087932e+01  3.889184e+01  4.114543e+01
     vertex  7.160216e+01  3.607655e+01  4.114543e+01
   endloop
 endfacet
 facet normal -7.227950e-03 -1.148850e-01  9.933525e-01
   outer loop
     vertex  5.983748e+01  3.876521e+01  3.747641e+01
     vertex  6.009807e+01  3.462324e+01  3.699927e+01
     vertex  6.087573e+01  3.869989e+01  3.747641e+01
   endloop
 endfacet
 facet normal -1.032804e-01 -3.178645e-01  9.424942e-01
   outer loop
     vertex  6.259609e+01  4.231135e+01  3.888293e+01
     vertex  6.087573e+01  3.869989e+01  3.747641e+01
     vertex  6.186512e+01  3.837842e+01  3.747641e+01
   endloop
 endfacet
 facet normal -1.454429e-01 -3.090820e-01  9.398482e-01
   outer loop
     vertex  6.259609e+01  4.231135e+01  3.888293e+01
     vertex  6.186512e+01  3.837842e+01  3.747641e+01
     vertex  6.442956e+01  4.144858e+01  3.888293e+01
   endloop
 endfacet
 facet normal -3.408407e-01 -4.120057e-01  8.450319e-01
   outer loop
     vertex  6.748934e+01  4.355775e+01  4.114543e+01
     vertex  6.442956e+01  4.144858e+01  3.888293e+01
     vertex  6.599087e+01  4.015695e+01  3.888293e+01
   endloop
 endfacet
 facet normal -4.021751e-01 -3.776675e-01  8.340398e-01
   outer loop
     vertex  6.748934e+01  4.355775e+01  4.114543e+01
     vertex  6.599087e+01  4.015695e+01  3.888293e+01
     vertex  6.947905e+01  4.143892e+01  4.114543e+01
   endloop
 endfacet
 facet normal -6.198787e-01 -3.407812e-01  7.068370e-01
   outer loop
     vertex  7.280647e+01  4.160974e+01  4.414585e+01
     vertex  6.947905e+01  4.143892e+01  4.114543e+01
     vertex  7.087932e+01  3.889184e+01  4.114543e+01
   endloop
 endfacet
 facet normal -6.806280e-01 -2.694797e-01  6.812681e-01
   outer loop
     vertex  7.280647e+01  4.160974e+01  4.414585e+01
     vertex  7.087932e+01  3.889184e+01  4.114543e+01
     vertex  7.414468e+01  3.822980e+01  4.414585e+01
   endloop
 endfacet
 facet normal -8.561547e-01 -5.386469e-02  5.139045e-01
   outer loop
     vertex  7.661894e+01  3.671031e+01  4.772763e+01
     vertex  7.460030e+01  3.462324e+01  4.414585e+01
     vertex  7.675025e+01  3.462324e+01  4.772763e+01
   endloop
 endfacet
 facet normal -9.501210e-01 -5.977655e-02  3.060993e-01
   outer loop
     vertex  7.661894e+01  3.671031e+01  4.772763e+01
     vertex  7.675025e+01  3.462324e+01  4.772763e+01
     vertex  7.803127e+01  3.462324e+01  5.170387e+01
   endloop
 endfacet
 facet normal -8.385966e-01 -1.059394e-01  5.343525e-01
   outer loop
     vertex  7.661894e+01  3.671031e+01  4.772763e+01
     vertex  7.414468e+01  3.822980e+01  4.414585e+01
     vertex  7.460030e+01  3.462324e+01  4.414585e+01
   endloop
 endfacet
 facet normal  2.156986e-02 -1.130732e-01  9.933525e-01
   outer loop
     vertex  5.881560e+01  3.857027e+01  3.747641e+01
     vertex  6.009807e+01  3.462324e+01  3.699927e+01
     vertex  5.983748e+01  3.876521e+01  3.747641e+01
   endloop
 endfacet
 facet normal -2.098600e-02 -3.335630e-01  9.424942e-01
   outer loop
     vertex  6.060565e+01  4.269104e+01  3.888293e+01
     vertex  5.983748e+01  3.876521e+01  3.747641e+01
     vertex  6.087573e+01  3.869989e+01  3.747641e+01
   endloop
 endfacet
 facet normal -6.400802e-02 -3.355418e-01  9.398482e-01
   outer loop
     vertex  6.060565e+01  4.269104e+01  3.888293e+01
     vertex  6.087573e+01  3.869989e+01  3.747641e+01
     vertex  6.259609e+01  4.231135e+01  3.888293e+01
   endloop
 endfacet
 facet normal -2.956179e-01 -4.658193e-01  8.340398e-01
   outer loop
     vertex  6.503521e+01  4.511518e+01  4.114543e+01
     vertex  6.442956e+01  4.144858e+01  3.888293e+01
     vertex  6.748934e+01  4.355775e+01  4.114543e+01
   endloop
 endfacet
 facet normal -2.276709e-01 -4.838254e-01  8.450319e-01
   outer loop
     vertex  6.503521e+01  4.511518e+01  4.114543e+01
     vertex  6.259609e+01  4.231135e+01  3.888293e+01
     vertex  6.442956e+01  4.144858e+01  3.888293e+01
   endloop
 endfacet
 facet normal -5.156552e-01 -4.842325e-01  7.068370e-01
   outer loop
     vertex  7.066974e+01  4.455070e+01  4.414585e+01
     vertex  6.748934e+01  4.355775e+01  4.114543e+01
     vertex  6.947905e+01  4.143892e+01  4.114543e+01
   endloop
 endfacet
 facet normal -5.922279e-01 -4.302788e-01  6.812681e-01
   outer loop
     vertex  7.066974e+01  4.455070e+01  4.414585e+01
     vertex  6.947905e+01  4.143892e+01  4.114543e+01
     vertex  7.280647e+01  4.160974e+01  4.414585e+01
   endloop
 endfacet
 facet normal -7.859045e-01 -3.111616e-01  5.343525e-01
   outer loop
     vertex  7.558088e+01  4.075332e+01  4.772763e+01
     vertex  7.280647e+01  4.160974e+01  4.414585e+01
     vertex  7.414468e+01  3.822980e+01  4.414585e+01
   endloop
 endfacet
 facet normal -8.438010e-01 -2.166513e-01  4.909807e-01
   outer loop
     vertex  7.558088e+01  4.075332e+01  4.772763e+01
     vertex  7.414468e+01  3.822980e+01  4.414585e+01
     vertex  7.661894e+01  3.671031e+01  4.772763e+01
   endloop
 endfacet
 facet normal  4.901236e-02 -1.041566e-01  9.933525e-01
   outer loop
     vertex  5.787431e+01  3.812733e+01  3.747641e+01
     vertex  6.009807e+01  3.462324e+01  3.699927e+01
     vertex  5.881560e+01  3.857027e+01  3.747641e+01
   endloop
 endfacet
 facet normal  2.144876e-02 -3.409183e-01  9.398482e-01
   outer loop
     vertex  5.858333e+01  4.256381e+01  3.888293e+01
     vertex  5.983748e+01  3.876521e+01  3.747641e+01
     vertex  6.060565e+01  4.269104e+01  3.888293e+01
   endloop
 endfacet
 facet normal  6.262705e-02 -3.283025e-01  9.424942e-01
   outer loop
     vertex  5.858333e+01  4.256381e+01  3.888293e+01
     vertex  5.881560e+01  3.857027e+01  3.747641e+01
     vertex  5.983748e+01  3.876521e+01  3.747641e+01
   endloop
 endfacet
 facet normal -1.001958e-01 -5.252446e-01  8.450319e-01
   outer loop
     vertex  6.227086e+01  4.601338e+01  4.114543e+01
     vertex  6.060565e+01  4.269104e+01  3.888293e+01
     vertex  6.259609e+01  4.231135e+01  3.888293e+01
   endloop
 endfacet
 facet normal -1.704860e-01 -5.247019e-01  8.340398e-01
   outer loop
     vertex  6.227086e+01  4.601338e+01  4.114543e+01
     vertex  6.259609e+01  4.231135e+01  3.888293e+01
     vertex  6.503521e+01  4.511518e+01  4.114543e+01
   endloop
 endfacet
 facet normal -4.666160e-01 -5.640419e-01  6.812681e-01
   outer loop
     vertex  6.786875e+01  4.686787e+01  4.414585e+01
     vertex  6.748934e+01  4.355775e+01  4.114543e+01
     vertex  7.066974e+01  4.455070e+01  4.414585e+01
   endloop
 endfacet
 facet normal -3.790313e-01 -5.972577e-01  7.068370e-01
   outer loop
     vertex  6.786875e+01  4.686787e+01  4.414585e+01
     vertex  6.503521e+01  4.511518e+01  4.114543e+01
     vertex  6.748934e+01  4.355775e+01  4.114543e+01
   endloop
 endfacet
 facet normal -6.838311e-01 -4.968324e-01  5.343525e-01
   outer loop
     vertex  7.356997e+01  4.441115e+01  4.772763e+01
     vertex  7.066974e+01  4.455070e+01  4.414585e+01
     vertex  7.280647e+01  4.160974e+01  4.414585e+01
   endloop
 endfacet
 facet normal -7.634125e-01 -4.196896e-01  4.909807e-01
   outer loop
     vertex  7.356997e+01  4.441115e+01  4.772763e+01
     vertex  7.280647e+01  4.160974e+01  4.414585e+01
     vertex  7.558088e+01  4.075332e+01  4.772763e+01
   endloop
 endfacet
 facet normal -9.537172e-01 -1.204825e-01  2.755130e-01
   outer loop
     vertex  7.746786e+01  3.908305e+01  5.170387e+01
     vertex  7.661894e+01  3.671031e+01  4.772763e+01
     vertex  7.803127e+01  3.462324e+01  5.170387e+01
   endloop
 endfacet
 facet normal -9.127180e-01 -2.343462e-01  3.347054e-01
   outer loop
     vertex  7.746786e+01  3.908305e+01  5.170387e+01
     vertex  7.558088e+01  4.075332e+01  4.772763e+01
     vertex  7.661894e+01  3.671031e+01  4.772763e+01
   endloop
 endfacet
 facet normal  7.337523e-02 -8.869541e-02  9.933525e-01
   outer loop
     vertex  5.707274e+01  3.746422e+01  3.747641e+01
     vertex  6.009807e+01  3.462324e+01  3.699927e+01
     vertex  5.787431e+01  3.812733e+01  3.747641e+01
   endloop
 endfacet
 facet normal  1.423050e-01 -3.024135e-01  9.424942e-01
   outer loop
     vertex  5.665618e+01  4.193764e+01  3.888293e+01
     vertex  5.787431e+01  3.812733e+01  3.747641e+01
     vertex  5.881560e+01  3.857027e+01  3.747641e+01
   endloop
 endfacet
 facet normal  1.055578e-01 -3.248736e-01  9.398482e-01
   outer loop
     vertex  5.665618e+01  4.193764e+01  3.888293e+01
     vertex  5.881560e+01  3.857027e+01  3.747641e+01
     vertex  5.858333e+01  4.256381e+01  3.888293e+01
   endloop
 endfacet
 facet normal -3.464180e-02 -5.506156e-01  8.340398e-01
   outer loop
     vertex  5.936998e+01  4.619588e+01  4.114543e+01
     vertex  6.060565e+01  4.269104e+01  3.888293e+01
     vertex  6.227086e+01  4.601338e+01  4.114543e+01
   endloop
 endfacet
 facet normal  3.357509e-02 -5.336607e-01  8.450319e-01
   outer loop
     vertex  5.936998e+01  4.619588e+01  4.114543e+01
     vertex  5.858333e+01  4.256381e+01  3.888293e+01
     vertex  6.060565e+01  4.269104e+01  3.888293e+01
   endloop
 endfacet
 facet normal -2.185913e-01 -6.727550e-01  7.068370e-01
   outer loop
     vertex  6.457951e+01  4.841568e+01  4.414585e+01
     vertex  6.227086e+01  4.601338e+01  4.114543e+01
     vertex  6.503521e+01  4.511518e+01  4.114543e+01
   endloop
 endfacet
 facet normal -3.116849e-01 -6.623642e-01  6.812681e-01
   outer loop
     vertex  6.457951e+01  4.841568e+01  4.414585e+01
     vertex  6.503521e+01  4.511518e+01  4.114543e+01
     vertex  6.786875e+01  4.686787e+01  4.414585e+01
   endloop
 endfacet
 facet normal -6.350559e-01 -5.963572e-01  4.909807e-01
   outer loop
     vertex  7.071257e+01  4.745397e+01  4.772763e+01
     vertex  7.066974e+01  4.455070e+01  4.414585e+01
     vertex  7.356997e+01  4.441115e+01  4.772763e+01
   endloop
 endfacet
 facet normal -5.387901e-01 -6.512854e-01  5.343525e-01
   outer loop
     vertex  7.071257e+01  4.745397e+01  4.772763e+01
     vertex  6.786875e+01  4.686787e+01  4.414585e+01
     vertex  7.066974e+01  4.455070e+01  4.414585e+01
   endloop
 endfacet
 facet normal -8.257638e-01 -4.539675e-01  3.347054e-01
   outer loop
     vertex  7.581305e+01  4.326263e+01  5.170387e+01
     vertex  7.356997e+01  4.441115e+01  4.772763e+01
     vertex  7.558088e+01  4.075332e+01  4.772763e+01
   endloop
 endfacet
 facet normal -8.937917e-01 -3.538772e-01  2.755130e-01
   outer loop
     vertex  7.581305e+01  4.326263e+01  5.170387e+01
     vertex  7.558088e+01  4.075332e+01  4.772763e+01
     vertex  7.746786e+01  3.908305e+01  5.170387e+01
   endloop
 endfacet
 facet normal -9.772846e-01 -1.186638e-01 -1.755953e-01
   outer loop
     vertex  7.823238e+01  3.691414e+01  5.586707e+01
     vertex  7.776795e+01  3.462324e+01  6.000000e+01
     vertex  7.725450e+01  3.885192e+01  6.000000e+01
   endloop
 endfacet
 facet normal -9.946261e-01 -6.257657e-02  8.248049e-02
   outer loop
     vertex  7.823238e+01  3.691414e+01  5.586707e+01
     vertex  7.803127e+01  3.462324e+01  5.170387e+01
     vertex  7.837651e+01  3.462324e+01  5.586707e+01
   endloop
 endfacet
 facet normal -9.874216e-01 -6.212330e-02 -1.453938e-01
   outer loop
     vertex  7.823238e+01  3.691414e+01  5.586707e+01
     vertex  7.837651e+01  3.462324e+01  5.586707e+01
     vertex  7.776795e+01  3.462324e+01  6.000000e+01
   endloop
 endfacet
 facet normal -9.854053e-01 -1.244856e-01  1.161019e-01
   outer loop
     vertex  7.823238e+01  3.691414e+01  5.586707e+01
     vertex  7.746786e+01  3.908305e+01  5.170387e+01
     vertex  7.803127e+01  3.462324e+01  5.170387e+01
   endloop
 endfacet
 facet normal  9.312766e-02 -6.766121e-02  9.933525e-01
   outer loop
     vertex  5.646126e+01  3.662259e+01  3.747641e+01
     vertex  6.009807e+01  3.462324e+01  3.699927e+01
     vertex  5.707274e+01  3.746422e+01  3.747641e+01
   endloop
 endfacet
 facet normal  2.130414e-01 -2.575228e-01  9.424942e-01
   outer loop
     vertex  5.494530e+01  4.085188e+01  3.888293e+01
     vertex  5.707274e+01  3.746422e+01  3.747641e+01
     vertex  5.787431e+01  3.812733e+01  3.747641e+01
   endloop
 endfacet
 facet normal  1.830343e-01 -2.884159e-01  9.398482e-01
   outer loop
     vertex  5.494530e+01  4.085188e+01  3.888293e+01
     vertex  5.787431e+01  3.812733e+01  3.747641e+01
     vertex  5.665618e+01  4.193764e+01  3.888293e+01
   endloop
 endfacet
 facet normal  1.652363e-01 -5.085450e-01  8.450319e-01
   outer loop
     vertex  5.651486e+01  4.565124e+01  4.114543e+01
     vertex  5.665618e+01  4.193764e+01  3.888293e+01
     vertex  5.858333e+01  4.256381e+01  3.888293e+01
   endloop
 endfacet
 facet normal  1.033791e-01 -5.419320e-01  8.340398e-01
   outer loop
     vertex  5.651486e+01  4.565124e+01  4.114543e+01
     vertex  5.858333e+01  4.256381e+01  3.888293e+01
     vertex  5.936998e+01  4.619588e+01  4.114543e+01
   endloop
 endfacet
 facet normal -4.441654e-02 -7.059806e-01  7.068370e-01
   outer loop
     vertex  6.100867e+01  4.909685e+01  4.414585e+01
     vertex  5.936998e+01  4.619588e+01  4.114543e+01
     vertex  6.227086e+01  4.601338e+01  4.114543e+01
   endloop
 endfacet
 facet normal -1.371695e-01 -7.190677e-01  6.812681e-01
   outer loop
     vertex  6.100867e+01  4.909685e+01  4.414585e+01
     vertex  6.227086e+01  4.601338e+01  4.114543e+01
     vertex  6.457951e+01  4.841568e+01  4.414585e+01
   endloop
 endfacet
 facet normal -3.598950e-01 -7.648157e-01  5.343525e-01
   outer loop
     vertex  6.718822e+01  4.969058e+01  4.772763e+01
     vertex  6.457951e+01  4.841568e+01  4.414585e+01
     vertex  6.786875e+01  4.686787e+01  4.414585e+01
   endloop
 endfacet
 facet normal -4.667965e-01 -7.355535e-01  4.909807e-01
   outer loop
     vertex  6.718822e+01  4.969058e+01  4.772763e+01
     vertex  6.786875e+01  4.686787e+01  4.414585e+01
     vertex  7.071257e+01  4.745397e+01  4.772763e+01
   endloop
 endfacet
 facet normal -6.869238e-01 -6.450644e-01  3.347054e-01
   outer loop
     vertex  7.317081e+01  4.689936e+01  5.170387e+01
     vertex  7.071257e+01  4.745397e+01  4.772763e+01
     vertex  7.356997e+01  4.441115e+01  4.772763e+01
   endloop
 endfacet
 facet normal -7.777059e-01 -5.650364e-01  2.755130e-01
   outer loop
     vertex  7.317081e+01  4.689936e+01  5.170387e+01
     vertex  7.356997e+01  4.441115e+01  4.772763e+01
     vertex  7.581305e+01  4.326263e+01  5.170387e+01
   endloop
 endfacet
 facet normal -9.205541e-01 -3.491201e-01 -1.752010e-01
   outer loop
     vertex  7.709293e+01  4.135198e+01  5.586707e+01
     vertex  7.725450e+01  3.885192e+01  6.000000e+01
     vertex  7.574397e+01  4.283484e+01  6.000000e+01
   endloop
 endfacet
 facet normal -9.234887e-01 -3.656350e-01  1.161019e-01
   outer loop
     vertex  7.709293e+01  4.135198e+01  5.586707e+01
     vertex  7.581305e+01  4.326263e+01  5.170387e+01
     vertex  7.746786e+01  3.908305e+01  5.170387e+01
   endloop
 endfacet
 facet normal -9.625037e-01 -2.471290e-01 -1.118653e-01
   outer loop
     vertex  7.709293e+01  4.135198e+01  5.586707e+01
     vertex  7.823238e+01  3.691414e+01  5.586707e+01
     vertex  7.725450e+01  3.885192e+01  6.000000e+01
   endloop
 endfacet
 facet normal -9.674551e-01 -2.484002e-01  4.824966e-02
   outer loop
     vertex  7.709293e+01  4.135198e+01  5.586707e+01
     vertex  7.746786e+01  3.908305e+01  5.170387e+01
     vertex  7.823238e+01  3.691414e+01  5.586707e+01
   endloop
 endfacet
 facet normal  1.070285e-01 -4.237560e-02  9.933525e-01
   outer loop
     vertex  5.607830e+01  3.565534e+01  3.747641e+01
     vertex  6.009807e+01  3.462324e+01  3.699927e+01
     vertex  5.646126e+01  3.662259e+01  3.747641e+01
   endloop
 endfacet
 facet normal  2.703917e-01 -1.964510e-01  9.424942e-01
   outer loop
     vertex  5.355818e+01  3.937475e+01  3.888293e+01
     vertex  5.646126e+01  3.662259e+01  3.747641e+01
     vertex  5.707274e+01  3.746422e+01  3.747641e+01
   endloop
 endfacet
 facet normal  2.490101e-01 -2.338360e-01  9.398482e-01
   outer loop
     vertex  5.355818e+01  3.937475e+01  3.888293e+01
     vertex  5.707274e+01  3.746422e+01  3.747641e+01
     vertex  5.494530e+01  4.085188e+01  3.888293e+01
   endloop
 endfacet
 facet normal  2.349042e-01 -4.991969e-01  8.340398e-01
   outer loop
     vertex  5.388488e+01  4.441367e+01  4.114543e+01
     vertex  5.665618e+01  4.193764e+01  3.888293e+01
     vertex  5.651486e+01  4.565124e+01  4.114543e+01
   endloop
 endfacet
 facet normal  2.865151e-01 -4.514755e-01  8.450319e-01
   outer loop
     vertex  5.388488e+01  4.441367e+01  4.114543e+01
     vertex  5.494530e+01  4.085188e+01  3.888293e+01
     vertex  5.665618e+01  4.193764e+01  3.888293e+01
   endloop
 endfacet
 facet normal  4.596480e-02 -7.305895e-01  6.812681e-01
   outer loop
     vertex  5.738063e+01  4.886859e+01  4.414585e+01
     vertex  5.936998e+01  4.619588e+01  4.114543e+01
     vertex  6.100867e+01  4.909685e+01  4.414585e+01
   endloop
 endfacet
 facet normal  1.325491e-01 -6.948469e-01  7.068370e-01
   outer loop
     vertex  5.738063e+01  4.886859e+01  4.414585e+01
     vertex  5.651486e+01  4.565124e+01  4.114543e+01
     vertex  5.936998e+01  4.619588e+01  4.114543e+01
   endloop
 endfacet
 facet normal -1.583863e-01 -8.302899e-01  5.343525e-01
   outer loop
     vertex  6.321838e+01  5.098046e+01  4.772763e+01
     vertex  6.100867e+01  4.909685e+01  4.414585e+01
     vertex  6.457951e+01  4.841568e+01  4.414585e+01
   endloop
 endfacet
 facet normal -2.692065e-01 -8.285323e-01  4.909807e-01
   outer loop
     vertex  6.321838e+01  5.098046e+01  4.772763e+01
     vertex  6.457951e+01  4.841568e+01  4.414585e+01
     vertex  6.718822e+01  4.969058e+01  4.772763e+01
   endloop
 endfacet
 facet normal -5.049218e-01 -7.956295e-01  3.347054e-01
   outer loop
     vertex  6.970716e+01  4.976474e+01  5.170387e+01
     vertex  6.718822e+01  4.969058e+01  4.772763e+01
     vertex  7.071257e+01  4.745397e+01  4.772763e+01
   endloop
 endfacet
 facet normal -6.127540e-01 -7.406923e-01  2.755130e-01
   outer loop
     vertex  6.970716e+01  4.976474e+01  5.170387e+01
     vertex  7.071257e+01  4.745397e+01  4.772763e+01
     vertex  7.317081e+01  4.689936e+01  5.170387e+01
   endloop
 endfacet
 facet normal -8.103698e-01 -5.593579e-01 -1.744121e-01
   outer loop
     vertex  7.488564e+01  4.536704e+01  5.586707e+01
     vertex  7.574397e+01  4.283484e+01  6.000000e+01
     vertex  7.332417e+01  4.634054e+01  6.000000e+01
   endloop
 endfacet
 facet normal -8.035459e-01 -5.838102e-01  1.161019e-01
   outer loop
     vertex  7.488564e+01  4.536704e+01  5.586707e+01
     vertex  7.317081e+01  4.689936e+01  5.170387e+01
     vertex  7.581305e+01  4.326263e+01  5.170387e+01
   endloop
 endfacet
 facet normal -8.752861e-01 -4.811926e-01  4.824966e-02
   outer loop
     vertex  7.488564e+01  4.536704e+01  5.586707e+01
     vertex  7.581305e+01  4.326263e+01  5.170387e+01
     vertex  7.709293e+01  4.135198e+01  5.586707e+01
   endloop
 endfacet
 facet normal -8.707483e-01 -4.786979e-01 -1.124533e-01
   outer loop
     vertex  7.488564e+01  4.536704e+01  5.586707e+01
     vertex  7.709293e+01  4.135198e+01  5.586707e+01
     vertex  7.574397e+01  4.283484e+01  6.000000e+01
   endloop
 endfacet
 facet normal  0.000000e+00  0.000000e+00  0.000000e+00
   outer loop
     vertex  5.594792e+01  3.462324e+01  3.747641e+01
     vertex  6.009807e+01  3.462324e+01  3.699927e+01
     vertex  6.009807e+01  3.462324e+01  3.699927e+01
   endloop
 endfacet
 facet normal  1.142044e-01 -1.442737e-02  9.933525e-01
   outer loop
     vertex  5.594792e+01  3.462324e+01  3.747641e+01
     vertex  6.009807e+01  3.462324e+01  3.699927e+01
     vertex  5.607830e+01  3.565534e+01  3.747641e+01
   endloop
 endfacet
 facet normal  3.107522e-01 -1.230355e-01  9.424942e-01
   outer loop
     vertex  5.258199e+01  3.759907e+01  3.888293e+01
     vertex  5.607830e+01  3.565534e+01  3.747641e+01
     vertex  5.646126e+01  3.662259e+01  3.747641e+01
   endloop
 endfacet
 facet normal  2.993396e-01 -1.645634e-01  9.398482e-01
   outer loop
     vertex  5.258199e+01  3.759907e+01  3.888293e+01
     vertex  5.646126e+01  3.662259e+01  3.747641e+01
     vertex  5.355818e+01  3.937475e+01  3.888293e+01
   endloop
 endfacet
 facet normal  3.516695e-01 -4.250954e-01  8.340398e-01
   outer loop
     vertex  5.164530e+01  4.256092e+01  4.114543e+01
     vertex  5.494530e+01  4.085188e+01  3.888293e+01
     vertex  5.388488e+01  4.441367e+01  4.114543e+01
   endloop
 endfacet
 facet normal  3.897911e-01 -3.660382e-01  8.450319e-01
   outer loop
     vertex  5.164530e+01  4.256092e+01  4.114543e+01
     vertex  5.355818e+01  3.937475e+01  3.888293e+01
     vertex  5.494530e+01  4.085188e+01  3.888293e+01
   endloop
 endfacet
 facet normal  2.262109e-01 -6.962057e-01  6.812681e-01
   outer loop
     vertex  5.392332e+01  4.774525e+01  4.414585e+01
     vertex  5.651486e+01  4.565124e+01  4.114543e+01
     vertex  5.738063e+01  4.886859e+01  4.414585e+01
   endloop
 endfacet
 facet normal  3.011862e-01 -6.400534e-01  7.068370e-01
   outer loop
     vertex  5.392332e+01  4.774525e+01  4.414585e+01
     vertex  5.388488e+01  4.441367e+01  4.114543e+01
     vertex  5.651486e+01  4.565124e+01  4.114543e+01
   endloop
 endfacet
 facet normal  5.307443e-02 -8.435938e-01  5.343525e-01
   outer loop
     vertex  5.905247e+01  5.124256e+01  4.772763e+01
     vertex  5.738063e+01  4.886859e+01  4.414585e+01
     vertex  6.100867e+01  4.909685e+01  4.414585e+01
   endloop
 endfacet
 facet normal -5.470124e-02 -8.694514e-01  4.909807e-01
   outer loop
     vertex  5.905247e+01  5.124256e+01  4.772763e+01
     vertex  6.100867e+01  4.909685e+01  4.414585e+01
     vertex  6.321838e+01  5.098046e+01  4.772763e+01
   endloop
 endfacet
 facet normal -4.093005e-01 -8.698079e-01  2.755130e-01
   outer loop
     vertex  6.563973e+01  5.167873e+01  5.170387e+01
     vertex  6.718822e+01  4.969058e+01  4.772763e+01
     vertex  6.970716e+01  4.976474e+01  5.170387e+01
   endloop
 endfacet
 facet normal -2.911938e-01 -8.962023e-01  3.347054e-01
   outer loop
     vertex  6.563973e+01  5.167873e+01  5.170387e+01
     vertex  6.321838e+01  5.098046e+01  4.772763e+01
     vertex  6.718822e+01  4.969058e+01  4.772763e+01
   endloop
 endfacet
 facet normal -6.530974e-01 -7.371945e-01 -1.732283e-01
   outer loop
     vertex  7.174918e+01  4.870702e+01  5.586707e+01
     vertex  7.332417e+01  4.634054e+01  6.000000e+01
     vertex  7.013571e+01  4.916527e+01  6.000000e+01
   endloop
 endfacet
 facet normal -7.242636e-01 -6.801288e-01 -1.134329e-01
   outer loop
     vertex  7.174918e+01  4.870702e+01  5.586707e+01
     vertex  7.488564e+01  4.536704e+01  5.586707e+01
     vertex  7.332417e+01  4.634054e+01  6.000000e+01
   endloop
 endfacet
 facet normal -7.281196e-01 -6.837498e-01  4.824966e-02
   outer loop
     vertex  7.174918e+01  4.870702e+01  5.586707e+01
     vertex  7.317081e+01  4.689936e+01  5.170387e+01
     vertex  7.488564e+01  4.536704e+01  5.586707e+01
   endloop
 endfacet
 facet normal -6.331133e-01 -7.653025e-01  1.161019e-01
   outer loop
     vertex  7.174918e+01  4.870702e+01  5.586707e+01
     vertex  6.970716e+01  4.976474e+01  5.170387e+01
     vertex  7.317081e+01  4.689936e+01  5.170387e+01
   endloop
 endfacet
 facet normal  1.142044e-01  1.442737e-02  9.933525e-01
   outer loop
     vertex  5.607830e+01  3.359114e+01  3.747641e+01
     vertex  6.009807e+01  3.462324e+01  3.699927e+01
     vertex  5.594792e+01  3.462324e+01  3.747641e+01
   endloop
 endfacet
 facet normal  3.308606e-01 -8.495055e-02  9.398482e-01
   outer loop
     vertex  5.207806e+01  3.563640e+01  3.888293e+01
     vertex  5.607830e+01  3.565534e+01  3.747641e+01
     vertex  5.258199e+01  3.759907e+01  3.888293e+01
   endloop
 endfacet
 facet normal  3.315870e-01 -4.188918e-02  9.424942e-01
   outer loop
     vertex  5.207806e+01  3.563640e+01  3.888293e+01
     vertex  5.594792e+01  3.462324e+01  3.747641e+01
     vertex  5.607830e+01  3.565534e+01  3.747641e+01
   endloop
 endfacet
 facet normal  4.463381e-01 -3.242836e-01  8.340398e-01
   outer loop
     vertex  4.993684e+01  4.020943e+01  4.114543e+01
     vertex  5.355818e+01  3.937475e+01  3.888293e+01
     vertex  5.164530e+01  4.256092e+01  4.114543e+01
   endloop
 endfacet
 facet normal  4.685751e-01 -2.576013e-01  8.450319e-01
   outer loop
     vertex  4.993684e+01  4.020943e+01  4.114543e+01
     vertex  5.258199e+01  3.759907e+01  3.888293e+01
     vertex  5.355818e+01  3.937475e+01  3.888293e+01
   endloop
 endfacet
 facet normal  4.508987e-01 -5.450429e-01  7.068370e-01
   outer loop
     vertex  5.085401e+01  4.579740e+01  4.414585e+01
     vertex  5.164530e+01  4.256092e+01  4.114543e+01
     vertex  5.388488e+01  4.441367e+01  4.114543e+01
   endloop
 endfacet
 facet normal  3.922434e-01 -6.180768e-01  6.812681e-01
   outer loop
     vertex  5.085401e+01  4.579740e+01  4.414585e+01
     vertex  5.388488e+01  4.441367e+01  4.114543e+01
     vertex  5.392332e+01  4.774525e+01  4.414585e+01
   endloop
 endfacet
 facet normal  1.632411e-01 -8.557396e-01  4.909807e-01
   outer loop
     vertex  5.495227e+01  5.046040e+01  4.772763e+01
     vertex  5.738063e+01  4.886859e+01  4.414585e+01
     vertex  5.905247e+01  5.124256e+01  4.772763e+01
   endloop
 endfacet
 facet normal  2.612003e-01 -8.038917e-01  5.343525e-01
   outer loop
     vertex  5.495227e+01  5.046040e+01  4.772763e+01
     vertex  5.392332e+01  4.774525e+01  4.414585e+01
     vertex  5.738063e+01  4.886859e+01  4.414585e+01
   endloop
 endfacet
 facet normal -5.916894e-02 -9.404634e-01  3.347054e-01
   outer loop
     vertex  6.122411e+01  5.252105e+01  5.170387e+01
     vertex  5.905247e+01  5.124256e+01  4.772763e+01
     vertex  6.321838e+01  5.098046e+01  4.772763e+01
   endloop
 endfacet
 facet normal -1.801292e-01 -9.442701e-01  2.755130e-01
   outer loop
     vertex  6.122411e+01  5.252105e+01  5.170387e+01
     vertex  6.321838e+01  5.098046e+01  4.772763e+01
     vertex  6.563973e+01  5.167873e+01  5.170387e+01
   endloop
 endfacet
 facet normal -4.578258e-01 -8.723143e-01 -1.716489e-01
   outer loop
     vertex  6.788065e+01  5.116206e+01  5.586707e+01
     vertex  7.013571e+01  4.916527e+01  6.000000e+01
     vertex  6.636390e+01  5.114486e+01  6.000000e+01
   endloop
 endfacet
 facet normal -5.322840e-01 -8.387454e-01 -1.148036e-01
   outer loop
     vertex  6.788065e+01  5.116206e+01  5.586707e+01
     vertex  7.174918e+01  4.870702e+01  5.586707e+01
     vertex  7.013571e+01  4.916527e+01  6.000000e+01
   endloop
 endfacet
 facet normal -4.228999e-01 -8.987080e-01  1.161019e-01
   outer loop
     vertex  6.788065e+01  5.116206e+01  5.586707e+01
     vertex  6.563973e+01  5.167873e+01  5.170387e+01
     vertex  6.970716e+01  4.976474e+01  5.170387e+01
   endloop
 endfacet
 facet normal -5.352027e-01 -8.433445e-01  4.824966e-02
   outer loop
     vertex  6.788065e+01  5.116206e+01  5.586707e+01
     vertex  6.970716e+01  4.976474e+01  5.170387e+01
     vertex  7.174918e+01  4.870702e+01  5.586707e+01
   endloop
 endfacet
 facet normal  1.070285e-01  4.237560e-02  9.933525e-01
   outer loop
     vertex  5.646126e+01  3.262389e+01  3.747641e+01
     vertex  6.009807e+01  3.462324e+01  3.699927e+01
     vertex  5.607830e+01  3.359114e+01  3.747641e+01
   endloop
 endfacet
 facet normal  3.315870e-01  4.188918e-02  9.424942e-01
   outer loop
     vertex  5.207806e+01  3.361008e+01  3.888293e+01
     vertex  5.607830e+01  3.359114e+01  3.747641e+01
     vertex  5.594792e+01  3.462324e+01  3.747641e+01
   endloop
 endfacet
 facet normal  3.415923e-01 -1.197813e-15  9.398482e-01
   outer loop
     vertex  5.207806e+01  3.361008e+01  3.888293e+01
     vertex  5.594792e+01  3.462324e+01  3.747641e+01
     vertex  5.207806e+01  3.563640e+01  3.888293e+01
   endloop
 endfacet
 facet normal  5.179168e-01 -1.329784e-01  8.450319e-01
   outer loop
     vertex  4.886684e+01  3.750693e+01  4.114543e+01
     vertex  5.207806e+01  3.563640e+01  3.888293e+01
     vertex  5.258199e+01  3.759907e+01  3.888293e+01
   endloop
 endfacet
 facet normal  5.129616e-01 -2.030959e-01  8.340398e-01
   outer loop
     vertex  4.886684e+01  3.750693e+01  4.114543e+01
     vertex  5.258199e+01  3.759907e+01  3.888293e+01
     vertex  4.993684e+01  4.020943e+01  4.114543e+01
   endloop
 endfacet
 facet normal  5.336298e-01 -5.011118e-01  6.812681e-01
   outer loop
     vertex  4.836553e+01  4.314744e+01  4.414585e+01
     vertex  5.164530e+01  4.256092e+01  4.114543e+01
     vertex  5.085401e+01  4.579740e+01  4.414585e+01
   endloop
 endfacet
 facet normal  5.722796e-01 -4.157855e-01  7.068370e-01
   outer loop
     vertex  4.836553e+01  4.314744e+01  4.414585e+01
     vertex  4.993684e+01  4.020943e+01  4.114543e+01
     vertex  5.164530e+01  4.256092e+01  4.114543e+01
   endloop
 endfacet
 facet normal  4.529139e-01 -7.136781e-01  5.343525e-01
   outer loop
     vertex  5.117539e+01  4.868314e+01  4.772763e+01
     vertex  5.085401e+01  4.579740e+01  4.414585e+01
     vertex  5.392332e+01  4.774525e+01  4.414585e+01
   endloop
 endfacet
 facet normal  3.709263e-01 -7.882586e-01  4.909807e-01
   outer loop
     vertex  5.117539e+01  4.868314e+01  4.772763e+01
     vertex  5.392332e+01  4.774525e+01  4.414585e+01
     vertex  5.495227e+01  5.046040e+01  4.772763e+01
   endloop
 endfacet
 facet normal  1.765737e-01 -9.256317e-01  3.347054e-01
   outer loop
     vertex  5.673773e+01  5.223879e+01  5.170387e+01
     vertex  5.495227e+01  5.046040e+01  4.772763e+01
     vertex  5.905247e+01  5.124256e+01  4.772763e+01
   endloop
 endfacet
 facet normal  6.036036e-02 -9.594005e-01  2.755130e-01
   outer loop
     vertex  5.673773e+01  5.223879e+01  5.170387e+01
     vertex  5.905247e+01  5.124256e+01  4.772763e+01
     vertex  6.122411e+01  5.252105e+01  5.170387e+01
   endloop
 endfacet
 facet normal -2.358457e-01 -9.568636e-01 -1.696730e-01
   outer loop
     vertex  6.352311e+01  5.257792e+01  5.586707e+01
     vertex  6.636390e+01  5.114486e+01  6.000000e+01
     vertex  6.222794e+01  5.216429e+01  6.000000e+01
   endloop
 endfacet
 facet normal -3.069105e-01 -9.445733e-01 -1.165648e-01
   outer loop
     vertex  6.352311e+01  5.257792e+01  5.586707e+01
     vertex  6.788065e+01  5.116206e+01  5.586707e+01
     vertex  6.636390e+01  5.114486e+01  6.000000e+01
   endloop
 endfacet
 facet normal -1.861141e-01 -9.756443e-01  1.161019e-01
   outer loop
     vertex  6.352311e+01  5.257792e+01  5.586707e+01
     vertex  6.122411e+01  5.252105e+01  5.170387e+01
     vertex  6.563973e+01  5.167873e+01  5.170387e+01
   endloop
 endfacet
 facet normal -3.086571e-01 -9.499488e-01  4.824966e-02
   outer loop
     vertex  6.352311e+01  5.257792e+01  5.586707e+01
     vertex  6.563973e+01  5.167873e+01  5.170387e+01
     vertex  6.788065e+01  5.116206e+01  5.586707e+01
   endloop
 endfacet
 facet normal  9.312766e-02  6.766121e-02  9.933525e-01
   outer loop
     vertex  5.707274e+01  3.178226e+01  3.747641e+01
     vertex  6.009807e+01  3.462324e+01  3.699927e+01
     vertex  5.646126e+01  3.262389e+01  3.747641e+01
   endloop
 endfacet
 facet normal  3.308606e-01  8.495055e-02  9.398482e-01
   outer loop
     vertex  5.258199e+01  3.164741e+01  3.888293e+01
     vertex  5.607830e+01  3.359114e+01  3.747641e+01
     vertex  5.207806e+01  3.361008e+01  3.888293e+01
   endloop
 endfacet
 facet normal  3.107522e-01  1.230355e-01  9.424942e-01
   outer loop
     vertex  5.258199e+01  3.164741e+01  3.888293e+01
     vertex  5.646126e+01  3.262389e+01  3.747641e+01
     vertex  5.607830e+01  3.359114e+01  3.747641e+01
   endloop
 endfacet
 facet normal  5.473539e-01 -6.914688e-02  8.340398e-01
   outer loop
     vertex  4.850255e+01  3.462324e+01  4.114543e+01
     vertex  5.207806e+01  3.563640e+01  3.888293e+01
     vertex  4.886684e+01  3.750693e+01  4.114543e+01
   endloop
 endfacet
 facet normal  5.347159e-01 -1.864653e-15  8.450319e-01
   outer loop
     vertex  4.850255e+01  3.462324e+01  4.114543e+01
     vertex  5.207806e+01  3.361008e+01  3.888293e+01
     vertex  5.207806e+01  3.563640e+01  3.888293e+01
   endloop
 endfacet
 facet normal  6.577020e-01 -2.604026e-01  7.068370e-01
   outer loop
     vertex  4.661424e+01  3.996187e+01  4.414585e+01
     vertex  4.886684e+01  3.750693e+01  4.114543e+01
     vertex  4.993684e+01  4.020943e+01  4.114543e+01
   endloop
 endfacet
 facet normal  6.414863e-01 -3.526601e-01  6.812681e-01
   outer loop
     vertex  4.661424e+01  3.996187e+01  4.414585e+01
     vertex  4.993684e+01  4.020943e+01  4.114543e+01
     vertex  4.836553e+01  4.314744e+01  4.414585e+01
   endloop
 endfacet
 facet normal  5.553049e-01 -6.712484e-01  4.909807e-01
   outer loop
     vertex  4.795916e+01  4.602244e+01  4.772763e+01
     vertex  5.085401e+01  4.579740e+01  4.414585e+01
     vertex  5.117539e+01  4.868314e+01  4.772763e+01
   endloop
 endfacet
 facet normal  6.161693e-01 -5.786215e-01  5.343525e-01
   outer loop
     vertex  4.795916e+01  4.602244e+01  4.772763e+01
     vertex  4.836553e+01  4.314744e+01  4.414585e+01
     vertex  5.085401e+01  4.579740e+01  4.414585e+01
   endloop
 endfacet
 facet normal  4.012215e-01 -8.526392e-01  3.347054e-01
   outer loop
     vertex  5.246249e+01  5.084968e+01  5.170387e+01
     vertex  5.117539e+01  4.868314e+01  4.772763e+01
     vertex  5.495227e+01  5.046040e+01  4.772763e+01
   endloop
 endfacet
 facet normal  2.970572e-01 -9.142481e-01  2.755130e-01
   outer loop
     vertex  5.246249e+01  5.084968e+01  5.170387e+01
     vertex  5.495227e+01  5.046040e+01  4.772763e+01
     vertex  5.673773e+01  5.223879e+01  5.170387e+01
   endloop
 endfacet
 facet normal  0.000000e+00 -9.859061e-01 -1.672997e-01
   outer loop
     vertex  5.895036e+01  5.286561e+01  5.586707e+01
     vertex  6.222794e+01  5.216429e+01  6.000000e+01
     vertex  5.796820e+01  5.216429e+01  6.000000e+01
   endloop
 endfacet
 facet normal -6.234648e-02 -9.909690e-01 -1.187155e-01
   outer loop
     vertex  5.895036e+01  5.286561e+01  5.586707e+01
     vertex  6.352311e+01  5.257792e+01  5.586707e+01
     vertex  6.222794e+01  5.216429e+01  6.000000e+01
   endloop
 endfacet
 facet normal  6.236589e-02 -9.912774e-01  1.161019e-01
   outer loop
     vertex  5.895036e+01  5.286561e+01  5.586707e+01
     vertex  5.673773e+01  5.223879e+01  5.170387e+01
     vertex  6.122411e+01  5.252105e+01  5.170387e+01
   endloop
 endfacet
 facet normal -6.271739e-02 -9.968643e-01  4.824966e-02
   outer loop
     vertex  5.895036e+01  5.286561e+01  5.586707e+01
     vertex  6.122411e+01  5.252105e+01  5.170387e+01
     vertex  6.352311e+01  5.257792e+01  5.586707e+01
   endloop
 endfacet
 facet normal  7.337523e-02  8.869541e-02  9.933525e-01
   outer loop
     vertex  5.787431e+01  3.111915e+01  3.747641e+01
     vertex  6.009807e+01  3.462324e+01  3.699927e+01
     vertex  5.707274e+01  3.178226e+01  3.747641e+01
   endloop
 endfacet
 facet normal  2.703917e-01  1.964510e-01  9.424942e-01
   outer loop
     vertex  5.355818e+01  2.987173e+01  3.888293e+01
     vertex  5.707274e+01  3.178226e+01  3.747641e+01
     vertex  5.646126e+01  3.262389e+01  3.747641e+01
   endloop
 endfacet
 facet normal  2.993396e-01  1.645634e-01  9.398482e-01
   outer loop
     vertex  5.355818e+01  2.987173e+01  3.888293e+01
     vertex  5.646126e+01  3.262389e+01  3.747641e+01
     vertex  5.258199e+01  3.164741e+01  3.888293e+01
   endloop
 endfacet
 facet normal  5.473539e-01  6.914688e-02  8.340398e-01
   outer loop
     vertex  4.886684e+01  3.173955e+01  4.114543e+01
     vertex  5.207806e+01  3.361008e+01  3.888293e+01
     vertex  4.850255e+01  3.462324e+01  4.114543e+01
   endloop
 endfacet
 facet normal  5.179168e-01  1.329784e-01  8.450319e-01
   outer loop
     vertex  4.886684e+01  3.173955e+01  4.114543e+01
     vertex  5.258199e+01  3.164741e+01  3.888293e+01
     vertex  5.207806e+01  3.361008e+01  3.888293e+01
   endloop
 endfacet
 facet normal  7.017986e-01 -8.865778e-02  7.068370e-01
   outer loop
     vertex  4.571020e+01  3.644085e+01  4.414585e+01
     vertex  4.850255e+01  3.462324e+01  4.114543e+01
     vertex  4.886684e+01  3.750693e+01  4.114543e+01
   endloop
 endfacet
 facet normal  7.090358e-01 -1.820495e-01  6.812681e-01
   outer loop
     vertex  4.571020e+01  3.644085e+01  4.414585e+01
     vertex  4.886684e+01  3.750693e+01  4.114543e+01
     vertex  4.661424e+01  3.996187e+01  4.414585e+01
   endloop
 endfacet
 facet normal  7.047917e-01 -5.120611e-01  4.909807e-01
   outer loop
     vertex  4.550566e+01  4.264549e+01  4.772763e+01
     vertex  4.836553e+01  4.314744e+01  4.414585e+01
     vertex  4.795916e+01  4.602244e+01  4.772763e+01
   endloop
 endfacet
 facet normal  7.407085e-01 -4.072080e-01  5.343525e-01
   outer loop
     vertex  4.550566e+01  4.264549e+01  4.772763e+01
     vertex  4.661424e+01  3.996187e+01  4.414585e+01
     vertex  4.836553e+01  4.314744e+01  4.414585e+01
   endloop
 endfacet
 facet normal  6.006592e-01 -7.260722e-01  3.347054e-01
   outer loop
     vertex  4.866702e+01  4.844101e+01  5.170387e+01
     vertex  4.795916e+01  4.602244e+01  4.772763e+01
     vertex  5.117539e+01  4.868314e+01  4.772763e+01
   endloop
 endfacet
 facet normal  5.150889e-01 -8.116502e-01  2.755130e-01
   outer loop
     vertex  4.866702e+01  4.844101e+01  5.170387e+01
     vertex  5.117539e+01  4.868314e+01  4.772763e+01
     vertex  5.246249e+01  5.084968e+01  5.170387e+01
   endloop
 endfacet
 facet normal  2.360544e-01 -9.577103e-01 -1.645277e-01
   outer loop
     vertex  5.444972e+01  5.200707e+01  5.586707e+01
     vertex  5.796820e+01  5.216429e+01  6.000000e+01
     vertex  5.383225e+01  5.114486e+01  6.000000e+01
   endloop
 endfacet
 facet normal  3.069272e-01 -9.446248e-01  1.161019e-01
   outer loop
     vertex  5.444972e+01  5.200707e+01  5.586707e+01
     vertex  5.246249e+01  5.084968e+01  5.170387e+01
     vertex  5.673773e+01  5.223879e+01  5.170387e+01
   endloop
 endfacet
 facet normal  1.871631e-01 -9.811432e-01  4.824966e-02
   outer loop
     vertex  5.444972e+01  5.200707e+01  5.586707e+01
     vertex  5.673773e+01  5.223879e+01  5.170387e+01
     vertex  5.895036e+01  5.286561e+01  5.586707e+01
   endloop
 endfacet
 facet normal  1.859987e-01 -9.750394e-01 -1.212547e-01
   outer loop
     vertex  5.444972e+01  5.200707e+01  5.586707e+01
     vertex  5.895036e+01  5.286561e+01  5.586707e+01
     vertex  5.796820e+01  5.216429e+01  6.000000e+01
   endloop
 endfacet
 facet normal  4.901236e-02  1.041566e-01  9.933525e-01
   outer loop
     vertex  5.881560e+01  3.067621e+01  3.747641e+01
     vertex  6.009807e+01  3.462324e+01  3.699927e+01
     vertex  5.787431e+01  3.111915e+01  3.747641e+01
   endloop
 endfacet
 facet normal  2.130414e-01  2.575228e-01  9.424942e-01
   outer loop
     vertex  5.494530e+01  2.839461e+01  3.888293e+01
     vertex  5.787431e+01  3.111915e+01  3.747641e+01
     vertex  5.707274e+01  3.178226e+01  3.747641e+01
   endloop
 endfacet
 facet normal  2.490101e-01  2.338360e-01  9.398482e-01
   outer loop
     vertex  5.494530e+01  2.839461e+01  3.888293e+01
     vertex  5.707274e+01  3.178226e+01  3.747641e+01
     vertex  5.355818e+01  2.987173e+01  3.888293e+01
   endloop
 endfacet
 facet normal  4.685751e-01  2.576013e-01  8.450319e-01
   outer loop
     vertex  4.993684e+01  2.903706e+01  4.114543e+01
     vertex  5.355818e+01  2.987173e+01  3.888293e+01
     vertex  5.258199e+01  3.164741e+01  3.888293e+01
   endloop
 endfacet
 facet normal  5.129616e-01  2.030959e-01  8.340398e-01
   outer loop
     vertex  4.993684e+01  2.903706e+01  4.114543e+01
     vertex  5.258199e+01  3.164741e+01  3.888293e+01
     vertex  4.886684e+01  3.173955e+01  4.114543e+01
   endloop
 endfacet
 facet normal  7.017986e-01  8.865778e-02  7.068370e-01
   outer loop
     vertex  4.571020e+01  3.280563e+01  4.414585e+01
     vertex  4.886684e+01  3.173955e+01  4.114543e+01
     vertex  4.850255e+01  3.462324e+01  4.114543e+01
   endloop
 endfacet
 facet normal  7.320340e-01 -0.000000e+00  6.812681e-01
   outer loop
     vertex  4.571020e+01  3.280563e+01  4.414585e+01
     vertex  4.850255e+01  3.462324e+01  4.114543e+01
     vertex  4.571020e+01  3.644085e+01  4.414585e+01
   endloop
 endfacet
 facet normal  8.099938e-01 -3.206992e-01  4.909807e-01
   outer loop
     vertex  4.396905e+01  3.876447e+01  4.772763e+01
     vertex  4.661424e+01  3.996187e+01  4.414585e+01
     vertex  4.550566e+01  4.264549e+01  4.772763e+01
   endloop
 endfacet
 facet normal  8.187063e-01 -2.102081e-01  5.343525e-01
   outer loop
     vertex  4.396905e+01  3.876447e+01  4.772763e+01
     vertex  4.571020e+01  3.644085e+01  4.414585e+01
     vertex  4.661424e+01  3.996187e+01  4.414585e+01
   endloop
 endfacet
 facet normal  7.623552e-01 -5.538835e-01  3.347054e-01
   outer loop
     vertex  4.558981e+01  4.516411e+01  5.170387e+01
     vertex  4.550566e+01  4.264549e+01  4.772763e+01
     vertex  4.795916e+01  4.602244e+01  4.772763e+01
   endloop
 endfacet
 facet normal  7.007556e-01 -6.580533e-01  2.755130e-01
   outer loop
     vertex  4.558981e+01  4.516411e+01  5.170387e+01
     vertex  4.795916e+01  4.602244e+01  4.772763e+01
     vertex  4.866702e+01  4.844101e+01  5.170387e+01
   endloop
 endfacet
 facet normal  4.586336e-01 -8.738533e-01 -1.613556e-01
   outer loop
     vertex  5.030400e+01  5.005624e+01  5.586707e+01
     vertex  5.383225e+01  5.114486e+01  6.000000e+01
     vertex  5.006044e+01  4.916527e+01  6.000000e+01
   endloop
 endfacet
 facet normal  4.224836e-01 -8.978233e-01 -1.241808e-01
   outer loop
     vertex  5.030400e+01  5.005624e+01  5.586707e+01
     vertex  5.444972e+01  5.200707e+01  5.586707e+01
     vertex  5.383225e+01  5.114486e+01  6.000000e+01
   endloop
 endfacet
 facet normal  4.252834e-01 -9.037732e-01  4.824966e-02
   outer loop
     vertex  5.030400e+01  5.005624e+01  5.586707e+01
     vertex  5.246249e+01  5.084968e+01  5.170387e+01
     vertex  5.444972e+01  5.200707e+01  5.586707e+01
   endloop
 endfacet
 facet normal  5.322032e-01 -8.386180e-01  1.161019e-01
   outer loop
     vertex  5.030400e+01  5.005624e+01  5.586707e+01
     vertex  4.866702e+01  4.844101e+01  5.170387e+01
     vertex  5.246249e+01  5.084968e+01  5.170387e+01
   endloop
 endfacet
 facet normal  2.156986e-02  1.130732e-01  9.933525e-01
   outer loop
     vertex  5.983748e+01  3.048128e+01  3.747641e+01
     vertex  6.009807e+01  3.462324e+01  3.699927e+01
     vertex  5.881560e+01  3.067621e+01  3.747641e+01
   endloop
 endfacet
 facet normal  1.423050e-01  3.024135e-01  9.424942e-01
   outer loop
     vertex  5.665618e+01  2.730885e+01  3.888293e+01
     vertex  5.881560e+01  3.067621e+01  3.747641e+01
     vertex  5.787431e+01  3.111915e+01  3.747641e+01
   endloop
 endfacet
 facet normal  1.830343e-01  2.884159e-01  9.398482e-01
   outer loop
     vertex  5.665618e+01  2.730885e+01  3.888293e+01
     vertex  5.787431e+01  3.111915e+01  3.747641e+01
     vertex  5.494530e+01  2.839461e+01  3.888293e+01
   endloop
 endfacet
 facet normal  3.897911e-01  3.660382e-01  8.450319e-01
   outer loop
     vertex  5.164530e+01  2.668556e+01  4.114543e+01
     vertex  5.494530e+01  2.839461e+01  3.888293e+01
     vertex  5.355818e+01  2.987173e+01  3.888293e+01
   endloop
 endfacet
 facet normal  4.463381e-01  3.242836e-01  8.340398e-01
   outer loop
     vertex  5.164530e+01  2.668556e+01  4.114543e+01
     vertex  5.355818e+01  2.987173e+01  3.888293e+01
     vertex  4.993684e+01  2.903706e+01  4.114543e+01
   endloop
 endfacet
 facet normal  6.577020e-01  2.604026e-01  7.068370e-01
   outer loop
     vertex  4.661424e+01  2.928462e+01  4.414585e+01
     vertex  4.993684e+01  2.903706e+01  4.114543e+01
     vertex  4.886684e+01  3.173955e+01  4.114543e+01
   endloop
 endfacet
 facet normal  7.090358e-01  1.820495e-01  6.812681e-01
   outer loop
     vertex  4.661424e+01  2.928462e+01  4.414585e+01
     vertex  4.886684e+01  3.173955e+01  4.114543e+01
     vertex  4.571020e+01  3.280563e+01  4.414585e+01
   endloop
 endfacet
 facet normal  8.452618e-01  0.000000e+00  5.343525e-01
   outer loop
     vertex  4.344589e+01  3.462324e+01  4.772763e+01
     vertex  4.571020e+01  3.280563e+01  4.414585e+01
     vertex  4.571020e+01  3.644085e+01  4.414585e+01
   endloop
 endfacet
 facet normal  8.643010e-01 -1.091866e-01  4.909807e-01
   outer loop
     vertex  4.344589e+01  3.462324e+01  4.772763e+01
     vertex  4.571020e+01  3.644085e+01  4.414585e+01
     vertex  4.396905e+01  3.876447e+01  4.772763e+01
   endloop
 endfacet
 facet normal  8.761496e-01 -3.468922e-01  3.347054e-01
   outer loop
     vertex  4.342421e+01  4.122489e+01  5.170387e+01
     vertex  4.396905e+01  3.876447e+01  4.772763e+01
     vertex  4.550566e+01  4.264549e+01  4.772763e+01
   endloop
 endfacet
 facet normal  8.423913e-01 -4.631085e-01  2.755130e-01
   outer loop
     vertex  4.342421e+01  4.122489e+01  5.170387e+01
     vertex  4.550566e+01  4.264549e+01  4.772763e+01
     vertex  4.558981e+01  4.516411e+01  5.170387e+01
   endloop
 endfacet
 facet normal  6.548164e-01 -7.391349e-01 -1.577820e-01
   outer loop
     vertex  4.677367e+01  4.713569e+01  5.586707e+01
     vertex  5.006044e+01  4.916527e+01  6.000000e+01
     vertex  4.687198e+01  4.634054e+01  6.000000e+01
   endloop
 endfacet
 facet normal  7.240388e-01 -6.799177e-01  1.161019e-01
   outer loop
     vertex  4.677367e+01  4.713569e+01  5.586707e+01
     vertex  4.558981e+01  4.516411e+01  5.170387e+01
     vertex  4.866702e+01  4.844101e+01  5.170387e+01
   endloop
 endfacet
 facet normal  6.322223e-01 -7.642255e-01 -1.274924e-01
   outer loop
     vertex  4.677367e+01  4.713569e+01  5.586707e+01
     vertex  5.030400e+01  5.005624e+01  5.586707e+01
     vertex  5.006044e+01  4.916527e+01  6.000000e+01
   endloop
 endfacet
 facet normal  6.366816e-01 -7.696158e-01  4.824966e-02
   outer loop
     vertex  4.677367e+01  4.713569e+01  5.586707e+01
     vertex  4.866702e+01  4.844101e+01  5.170387e+01
     vertex  5.030400e+01  5.005624e+01  5.586707e+01
   endloop
 endfacet
 facet normal -7.227950e-03  1.148850e-01  9.933525e-01
   outer loop
     vertex  6.087573e+01  3.054660e+01  3.747641e+01
     vertex  6.009807e+01  3.462324e+01  3.699927e+01
     vertex  5.983748e+01  3.048128e+01  3.747641e+01
   endloop
 endfacet
 facet normal  6.262705e-02  3.283025e-01  9.424942e-01
   outer loop
     vertex  5.858333e+01  2.668268e+01  3.888293e+01
     vertex  5.983748e+01  3.048128e+01  3.747641e+01
     vertex  5.881560e+01  3.067621e+01  3.747641e+01
   endloop
 endfacet
 facet normal  1.055578e-01  3.248736e-01  9.398482e-01
   outer loop
     vertex  5.858333e+01  2.668268e+01  3.888293e+01
     vertex  5.881560e+01  3.067621e+01  3.747641e+01
     vertex  5.665618e+01  2.730885e+01  3.888293e+01
   endloop
 endfacet
 facet normal  2.865151e-01  4.514755e-01  8.450319e-01
   outer loop
     vertex  5.388488e+01  2.483282e+01  4.114543e+01
     vertex  5.665618e+01  2.730885e+01  3.888293e+01
     vertex  5.494530e+01  2.839461e+01  3.888293e+01
   endloop
 endfacet
 facet normal  3.516695e-01  4.250954e-01  8.340398e-01
   outer loop
     vertex  5.388488e+01  2.483282e+01  4.114543e+01
     vertex  5.494530e+01  2.839461e+01  3.888293e+01
     vertex  5.164530e+01  2.668556e+01  4.114543e+01
   endloop
 endfacet
 facet normal  5.722796e-01  4.157855e-01  7.068370e-01
   outer loop
     vertex  4.836553e+01  2.609905e+01  4.414585e+01
     vertex  5.164530e+01  2.668556e+01  4.114543e+01
     vertex  4.993684e+01  2.903706e+01  4.114543e+01
   endloop
 endfacet
 facet normal  6.414863e-01  3.526601e-01  6.812681e-01
   outer loop
     vertex  4.836553e+01  2.609905e+01  4.414585e+01
     vertex  4.993684e+01  2.903706e+01  4.114543e+01
     vertex  4.661424e+01  2.928462e+01  4.414585e+01
   endloop
 endfacet
 facet normal  8.187063e-01  2.102081e-01  5.343525e-01
   outer loop
     vertex  4.396905e+01  3.048201e+01  4.772763e+01
     vertex  4.661424e+01  2.928462e+01  4.414585e+01
     vertex  4.571020e+01  3.280563e+01  4.414585e+01
   endloop
 endfacet
 facet normal  8.643010e-01  1.091866e-01  4.909807e-01
   outer loop
     vertex  4.396905e+01  3.048201e+01  4.772763e+01
     vertex  4.571020e+01  3.280563e+01  4.414585e+01
     vertex  4.344589e+01  3.462324e+01  4.772763e+01
   endloop
 endfacet
 facet normal  9.348923e-01 -1.181044e-01  3.347054e-01
   outer loop
     vertex  4.230628e+01  3.687087e+01  5.170387e+01
     vertex  4.344589e+01  3.462324e+01  4.772763e+01
     vertex  4.396905e+01  3.876447e+01  4.772763e+01
   endloop
 endfacet
 facet normal  9.310964e-01 -2.390649e-01  2.755130e-01
   outer loop
     vertex  4.230628e+01  3.687087e+01  5.170387e+01
     vertex  4.396905e+01  3.876447e+01  4.772763e+01
     vertex  4.342421e+01  4.122489e+01  5.170387e+01
   endloop
 endfacet
 facet normal  8.131913e-01 -5.613054e-01 -1.538053e-01
   outer loop
     vertex  4.408056e+01  4.342895e+01  5.586707e+01
     vertex  4.687198e+01  4.634054e+01  6.000000e+01
     vertex  4.445217e+01  4.283484e+01  6.000000e+01
   endloop
 endfacet
 facet normal  8.020251e-01 -5.827054e-01 -1.311876e-01
   outer loop
     vertex  4.408056e+01  4.342895e+01  5.586707e+01
     vertex  4.677367e+01  4.713569e+01  5.586707e+01
     vertex  4.687198e+01  4.634054e+01  6.000000e+01
   endloop
 endfacet
 facet normal  8.703805e-01 -4.784957e-01  1.161019e-01
   outer loop
     vertex  4.408056e+01  4.342895e+01  5.586707e+01
     vertex  4.342421e+01  4.122489e+01  5.170387e+01
     vertex  4.558981e+01  4.516411e+01  5.170387e+01
   endloop
 endfacet
 facet normal  8.080747e-01 -5.871007e-01  4.824966e-02
   outer loop
     vertex  4.408056e+01  4.342895e+01  5.586707e+01
     vertex  4.558981e+01  4.516411e+01  5.170387e+01
     vertex  4.677367e+01  4.713569e+01  5.586707e+01
   endloop
 endfacet
 facet normal -3.557160e-02  1.094781e-01  9.933525e-01
   outer loop
     vertex  6.186512e+01  3.086807e+01  3.747641e+01
     vertex  6.009807e+01  3.462324e+01  3.699927e+01
     vertex  6.087573e+01  3.054660e+01  3.747641e+01
   endloop
 endfacet
 facet normal -2.098600e-02  3.335630e-01  9.424942e-01
   outer loop
     vertex  6.060565e+01  2.655544e+01  3.888293e+01
     vertex  6.087573e+01  3.054660e+01  3.747641e+01
     vertex  5.983748e+01  3.048128e+01  3.747641e+01
   endloop
 endfacet
 facet normal  2.144876e-02  3.409183e-01  9.398482e-01
   outer loop
     vertex  6.060565e+01  2.655544e+01  3.888293e+01
     vertex  5.983748e+01  3.048128e+01  3.747641e+01
     vertex  5.858333e+01  2.668268e+01  3.888293e+01
   endloop
 endfacet
 facet normal  1.652363e-01  5.085450e-01  8.450319e-01
   outer loop
     vertex  5.651486e+01  2.359524e+01  4.114543e+01
     vertex  5.858333e+01  2.668268e+01  3.888293e+01
     vertex  5.665618e+01  2.730885e+01  3.888293e+01
   endloop
 endfacet
 facet normal  2.349042e-01  4.991969e-01  8.340398e-01
   outer loop
     vertex  5.651486e+01  2.359524e+01  4.114543e+01
     vertex  5.665618e+01  2.730885e+01  3.888293e+01
     vertex  5.388488e+01  2.483282e+01  4.114543e+01
   endloop
 endfacet
 facet normal  4.508987e-01  5.450429e-01  7.068370e-01
   outer loop
     vertex  5.085401e+01  2.344909e+01  4.414585e+01
     vertex  5.388488e+01  2.483282e+01  4.114543e+01
     vertex  5.164530e+01  2.668556e+01  4.114543e+01
   endloop
 endfacet
 facet normal  5.336298e-01  5.011118e-01  6.812681e-01
   outer loop
     vertex  5.085401e+01  2.344909e+01  4.414585e+01
     vertex  5.164530e+01  2.668556e+01  4.114543e+01
     vertex  4.836553e+01  2.609905e+01  4.414585e+01
   endloop
 endfacet
 facet normal  7.407085e-01  4.072080e-01  5.343525e-01
   outer loop
     vertex  4.550566e+01  2.660099e+01  4.772763e+01
     vertex  4.836553e+01  2.609905e+01  4.414585e+01
     vertex  4.661424e+01  2.928462e+01  4.414585e+01
   endloop
 endfacet
 facet normal  8.099938e-01  3.206992e-01  4.909807e-01
   outer loop
     vertex  4.550566e+01  2.660099e+01  4.772763e+01
     vertex  4.661424e+01  2.928462e+01  4.414585e+01
     vertex  4.396905e+01  3.048201e+01  4.772763e+01
   endloop
 endfacet
 facet normal  9.348923e-01  1.181044e-01  3.347054e-01
   outer loop
     vertex  4.230628e+01  3.237562e+01  5.170387e+01
     vertex  4.396905e+01  3.048201e+01  4.772763e+01
     vertex  4.344589e+01  3.462324e+01  4.772763e+01
   endloop
 endfacet
 facet normal  9.612974e-01 -1.519477e-15  2.755130e-01
   outer loop
     vertex  4.230628e+01  3.237562e+01  5.170387e+01
     vertex  4.344589e+01  3.462324e+01  4.772763e+01
     vertex  4.230628e+01  3.687087e+01  5.170387e+01
   endloop
 endfacet
 facet normal  9.245191e-01 -3.506238e-01 -1.494237e-01
   outer loop
     vertex  4.239389e+01  3.916890e+01  5.586707e+01
     vertex  4.445217e+01  4.283484e+01  6.000000e+01
     vertex  4.294165e+01  3.885192e+01  6.000000e+01
   endloop
 endfacet
 facet normal  9.212315e-01 -3.647413e-01 -1.352640e-01
   outer loop
     vertex  4.239389e+01  3.916890e+01  5.586707e+01
     vertex  4.408056e+01  4.342895e+01  5.586707e+01
     vertex  4.445217e+01  4.283484e+01  6.000000e+01
   endloop
 endfacet
 facet normal  9.620329e-01 -2.470081e-01  1.161019e-01
   outer loop
     vertex  4.239389e+01  3.916890e+01  5.586707e+01
     vertex  4.230628e+01  3.687087e+01  5.170387e+01
     vertex  4.342421e+01  4.122489e+01  5.170387e+01
   endloop
 endfacet
 facet normal  9.286936e-01 -3.676958e-01  4.824966e-02
   outer loop
     vertex  4.239389e+01  3.916890e+01  5.586707e+01
     vertex  4.342421e+01  4.122489e+01  5.170387e+01
     vertex  4.408056e+01  4.342895e+01  5.586707e+01
   endloop
 endfacet
 facet normal -6.168016e-02  9.719238e-02  9.933525e-01
   outer loop
     vertex  6.274348e+01  3.142549e+01  3.747641e+01
     vertex  6.009807e+01  3.462324e+01  3.699927e+01
     vertex  6.186512e+01  3.086807e+01  3.747641e+01
   endloop
 endfacet
 facet normal -1.032804e-01  3.178645e-01  9.424942e-01
   outer loop
     vertex  6.259609e+01  2.693514e+01  3.888293e+01
     vertex  6.186512e+01  3.086807e+01  3.747641e+01
     vertex  6.087573e+01  3.054660e+01  3.747641e+01
   endloop
 endfacet
 facet normal -6.400802e-02  3.355418e-01  9.398482e-01
   outer loop
     vertex  6.259609e+01  2.693514e+01  3.888293e+01
     vertex  6.087573e+01  3.054660e+01  3.747641e+01
     vertex  6.060565e+01  2.655544e+01  3.888293e+01
   endloop
 endfacet
 facet normal  3.357509e-02  5.336607e-01  8.450319e-01
   outer loop
     vertex  5.936998e+01  2.305060e+01  4.114543e+01
     vertex  6.060565e+01  2.655544e+01  3.888293e+01
     vertex  5.858333e+01  2.668268e+01  3.888293e+01
   endloop
 endfacet
 facet normal  1.033791e-01  5.419320e-01  8.340398e-01
   outer loop
     vertex  5.936998e+01  2.305060e+01  4.114543e+01
     vertex  5.858333e+01  2.668268e+01  3.888293e+01
     vertex  5.651486e+01  2.359524e+01  4.114543e+01
   endloop
 endfacet
 facet normal  3.922434e-01  6.180768e-01  6.812681e-01
   outer loop
     vertex  5.392332e+01  2.150124e+01  4.414585e+01
     vertex  5.388488e+01  2.483282e+01  4.114543e+01
     vertex  5.085401e+01  2.344909e+01  4.414585e+01
   endloop
 endfacet
 facet normal  3.011862e-01  6.400534e-01  7.068370e-01
   outer loop
     vertex  5.392332e+01  2.150124e+01  4.414585e+01
     vertex  5.651486e+01  2.359524e+01  4.114543e+01
     vertex  5.388488e+01  2.483282e+01  4.114543e+01
   endloop
 endfacet
 facet normal  7.047917e-01  5.120611e-01  4.909807e-01
   outer loop
     vertex  4.795916e+01  2.322404e+01  4.772763e+01
     vertex  4.836553e+01  2.609905e+01  4.414585e+01
     vertex  4.550566e+01  2.660099e+01  4.772763e+01
   endloop
 endfacet
 facet normal  6.161693e-01  5.786215e-01  5.343525e-01
   outer loop
     vertex  4.795916e+01  2.322404e+01  4.772763e+01
     vertex  5.085401e+01  2.344909e+01  4.414585e+01
     vertex  4.836553e+01  2.609905e+01  4.414585e+01
   endloop
 endfacet
 facet normal  8.761496e-01  3.468922e-01  3.347054e-01
   outer loop
     vertex  4.342421e+01  2.802159e+01  5.170387e+01
     vertex  4.550566e+01  2.660099e+01  4.772763e+01
     vertex  4.396905e+01  3.048201e+01  4.772763e+01
   endloop
 endfacet
 facet normal  9.310964e-01  2.390649e-01  2.755130e-01
   outer loop
     vertex  4.342421e+01  2.802159e+01  5.170387e+01
     vertex  4.396905e+01  3.048201e+01  4.772763e+01
     vertex  4.230628e+01  3.237562e+01  5.170387e+01
   endloop
 endfacet
 facet normal  9.822706e-01 -1.192692e-01 -1.446354e-01
   outer loop
     vertex  4.181964e+01  3.462324e+01  5.586707e+01
     vertex  4.294165e+01  3.885192e+01  6.000000e+01
     vertex  4.242819e+01  3.462324e+01  6.000000e+01
   endloop
 endfacet
 facet normal  9.822706e-01  1.192692e-01 -1.446354e-01
   outer loop
     vertex  4.181964e+01  3.462324e+01  5.586707e+01
     vertex  4.242819e+01  3.462324e+01  6.000000e+01
     vertex  4.294165e+01  3.039456e+01  6.000000e+01
   endloop
 endfacet
 facet normal  9.932373e-01 -1.579125e-15  1.161019e-01
   outer loop
     vertex  4.181964e+01  3.462324e+01  5.586707e+01
     vertex  4.230628e+01  3.237562e+01  5.170387e+01
     vertex  4.230628e+01  3.687087e+01  5.170387e+01
   endloop
 endfacet
 facet normal  9.909592e-01 -1.251873e-01  4.824966e-02
   outer loop
     vertex  4.181964e+01  3.462324e+01  5.586707e+01
     vertex  4.230628e+01  3.687087e+01  5.170387e+01
     vertex  4.239389e+01  3.916890e+01  5.586707e+01
   endloop
 endfacet
 facet normal  9.823832e-01 -1.241039e-01 -1.397193e-01
   outer loop
     vertex  4.181964e+01  3.462324e+01  5.586707e+01
     vertex  4.239389e+01  3.916890e+01  5.586707e+01
     vertex  4.294165e+01  3.885192e+01  6.000000e+01
   endloop
 endfacet
 facet normal -8.391312e-02  7.879967e-02  9.933525e-01
   outer loop
     vertex  6.345562e+01  3.218384e+01  3.747641e+01
     vertex  6.009807e+01  3.462324e+01  3.699927e+01
     vertex  6.274348e+01  3.142549e+01  3.747641e+01
   endloop
 endfacet
 facet normal -1.790854e-01  2.821934e-01  9.424942e-01
   outer loop
     vertex  6.442956e+01  2.779791e+01  3.888293e+01
     vertex  6.274348e+01  3.142549e+01  3.747641e+01
     vertex  6.186512e+01  3.086807e+01  3.747641e+01
   endloop
 endfacet
 facet normal -1.454429e-01  3.090820e-01  9.398482e-01
   outer loop
     vertex  6.442956e+01  2.779791e+01  3.888293e+01
     vertex  6.186512e+01  3.086807e+01  3.747641e+01
     vertex  6.259609e+01  2.693514e+01  3.888293e+01
   endloop
 endfacet
 facet normal -3.464180e-02  5.506156e-01  8.340398e-01
   outer loop
     vertex  6.227086e+01  2.323311e+01  4.114543e+01
     vertex  6.060565e+01  2.655544e+01  3.888293e+01
     vertex  5.936998e+01  2.305060e+01  4.114543e+01
   endloop
 endfacet
 facet normal -1.001958e-01  5.252446e-01  8.450319e-01
   outer loop
     vertex  6.227086e+01  2.323311e+01  4.114543e+01
     vertex  6.259609e+01  2.693514e+01  3.888293e+01
     vertex  6.060565e+01  2.655544e+01  3.888293e+01
   endloop
 endfacet
 facet normal  1.325491e-01  6.948469e-01  7.068370e-01
   outer loop
     vertex  5.738063e+01  2.037789e+01  4.414585e+01
     vertex  5.936998e+01  2.305060e+01  4.114543e+01
     vertex  5.651486e+01  2.359524e+01  4.114543e+01
   endloop
 endfacet
 facet normal  2.262109e-01  6.962057e-01  6.812681e-01
   outer loop
     vertex  5.738063e+01  2.037789e+01  4.414585e+01
     vertex  5.651486e+01  2.359524e+01  4.114543e+01
     vertex  5.392332e+01  2.150124e+01  4.414585e+01
   endloop
 endfacet
 facet normal  4.529139e-01  7.136781e-01  5.343525e-01
   outer loop
     vertex  5.117539e+01  2.056334e+01  4.772763e+01
     vertex  5.392332e+01  2.150124e+01  4.414585e+01
     vertex  5.085401e+01  2.344909e+01  4.414585e+01
   endloop
 endfacet
 facet normal  5.553049e-01  6.712484e-01  4.909807e-01
   outer loop
     vertex  5.117539e+01  2.056334e+01  4.772763e+01
     vertex  5.085401e+01  2.344909e+01  4.414585e+01
     vertex  4.795916e+01  2.322404e+01  4.772763e+01
   endloop
 endfacet
 facet normal  8.423913e-01  4.631085e-01  2.755130e-01
   outer loop
     vertex  4.558981e+01  2.408237e+01  5.170387e+01
     vertex  4.550566e+01  2.660099e+01  4.772763e+01
     vertex  4.342421e+01  2.802159e+01  5.170387e+01
   endloop
 endfacet
 facet normal  7.623552e-01  5.538835e-01  3.347054e-01
   outer loop
     vertex  4.558981e+01  2.408237e+01  5.170387e+01
     vertex  4.795916e+01  2.322404e+01  4.772763e+01
     vertex  4.550566e+01  2.660099e+01  4.772763e+01
   endloop
 endfacet
 facet normal  9.245191e-01  3.506238e-01 -1.494237e-01
   outer loop
     vertex  4.239389e+01  3.007758e+01  5.586707e+01
     vertex  4.294165e+01  3.039456e+01  6.000000e+01
     vertex  4.445217e+01  2.641164e+01  6.000000e+01
   endloop
 endfacet
 facet normal  9.620329e-01  2.470081e-01  1.161019e-01
   outer loop
     vertex  4.239389e+01  3.007758e+01  5.586707e+01
     vertex  4.342421e+01  2.802159e+01  5.170387e+01
     vertex  4.230628e+01  3.237562e+01  5.170387e+01
   endloop
 endfacet
 facet normal  9.909592e-01  1.251873e-01  4.824966e-02
   outer loop
     vertex  4.239389e+01  3.007758e+01  5.586707e+01
     vertex  4.230628e+01  3.237562e+01  5.170387e+01
     vertex  4.181964e+01  3.462324e+01  5.586707e+01
   endloop
 endfacet
 facet normal  9.823832e-01  1.241039e-01 -1.397193e-01
   outer loop
     vertex  4.239389e+01  3.007758e+01  5.586707e+01
     vertex  4.181964e+01  3.462324e+01  5.586707e+01
     vertex  4.294165e+01  3.039456e+01  6.000000e+01
   endloop
 endfacet
 facet normal -1.008735e-01  5.545569e-02  9.933525e-01
   outer loop
     vertex  6.395679e+01  3.309547e+01  3.747641e+01
     vertex  6.009807e+01  3.462324e+01  3.699927e+01
     vertex  6.345562e+01  3.218384e+01  3.747641e+01
   endloop
 endfacet
 facet normal -2.177391e-01  2.632014e-01  9.398482e-01
   outer loop
     vertex  6.599087e+01  2.908953e+01  3.888293e+01
     vertex  6.274348e+01  3.142549e+01  3.747641e+01
     vertex  6.442956e+01  2.779791e+01  3.888293e+01
   endloop
 endfacet
 facet normal -2.436377e-01  2.287910e-01  9.424942e-01
   outer loop
     vertex  6.599087e+01  2.908953e+01  3.888293e+01
     vertex  6.345562e+01  3.218384e+01  3.747641e+01
     vertex  6.274348e+01  3.142549e+01  3.747641e+01
   endloop
 endfacet
 facet normal -2.276709e-01  4.838254e-01  8.450319e-01
   outer loop
     vertex  6.503521e+01  2.413130e+01  4.114543e+01
     vertex  6.442956e+01  2.779791e+01  3.888293e+01
     vertex  6.259609e+01  2.693514e+01  3.888293e+01
   endloop
 endfacet
 facet normal -1.704860e-01  5.247019e-01  8.340398e-01
   outer loop
     vertex  6.503521e+01  2.413130e+01  4.114543e+01
     vertex  6.259609e+01  2.693514e+01  3.888293e+01
     vertex  6.227086e+01  2.323311e+01  4.114543e+01
   endloop
 endfacet
 facet normal -4.441654e-02  7.059806e-01  7.068370e-01
   outer loop
     vertex  6.100867e+01  2.014963e+01  4.414585e+01
     vertex  6.227086e+01  2.323311e+01  4.114543e+01
     vertex  5.936998e+01  2.305060e+01  4.114543e+01
   endloop
 endfacet
 facet normal  4.596480e-02  7.305895e-01  6.812681e-01
   outer loop
     vertex  6.100867e+01  2.014963e+01  4.414585e+01
     vertex  5.936998e+01  2.305060e+01  4.114543e+01
     vertex  5.738063e+01  2.037789e+01  4.414585e+01
   endloop
 endfacet
 facet normal  2.612003e-01  8.038917e-01  5.343525e-01
   outer loop
     vertex  5.495227e+01  1.878608e+01  4.772763e+01
     vertex  5.738063e+01  2.037789e+01  4.414585e+01
     vertex  5.392332e+01  2.150124e+01  4.414585e+01
   endloop
 endfacet
 facet normal  3.709263e-01  7.882586e-01  4.909807e-01
   outer loop
     vertex  5.495227e+01  1.878608e+01  4.772763e+01
     vertex  5.392332e+01  2.150124e+01  4.414585e+01
     vertex  5.117539e+01  2.056334e+01  4.772763e+01
   endloop
 endfacet
 facet normal  6.006592e-01  7.260722e-01  3.347054e-01
   outer loop
     vertex  4.866702e+01  2.080548e+01  5.170387e+01
     vertex  5.117539e+01  2.056334e+01  4.772763e+01
     vertex  4.795916e+01  2.322404e+01  4.772763e+01
   endloop
 endfacet
 facet normal  7.007556e-01  6.580533e-01  2.755130e-01
   outer loop
     vertex  4.866702e+01  2.080548e+01  5.170387e+01
     vertex  4.795916e+01  2.322404e+01  4.772763e+01
     vertex  4.558981e+01  2.408237e+01  5.170387e+01
   endloop
 endfacet
 facet normal  8.131913e-01  5.613054e-01 -1.538053e-01
   outer loop
     vertex  4.408056e+01  2.581754e+01  5.586707e+01
     vertex  4.445217e+01  2.641164e+01  6.000000e+01
     vertex  4.687198e+01  2.290595e+01  6.000000e+01
   endloop
 endfacet
 facet normal  9.212315e-01  3.647413e-01 -1.352640e-01
   outer loop
     vertex  4.408056e+01  2.581754e+01  5.586707e+01
     vertex  4.239389e+01  3.007758e+01  5.586707e+01
     vertex  4.445217e+01  2.641164e+01  6.000000e+01
   endloop
 endfacet
 facet normal  8.703805e-01  4.784957e-01  1.161019e-01
   outer loop
     vertex  4.408056e+01  2.581754e+01  5.586707e+01
     vertex  4.558981e+01  2.408237e+01  5.170387e+01
     vertex  4.342421e+01  2.802159e+01  5.170387e+01
   endloop
 endfacet
 facet normal  9.286936e-01  3.676958e-01  4.824966e-02
   outer loop
     vertex  4.408056e+01  2.581754e+01  5.586707e+01
     vertex  4.342421e+01  2.802159e+01  5.170387e+01
     vertex  4.239389e+01  3.007758e+01  5.586707e+01
   endloop
 endfacet
 facet normal -1.142134e-01  7.185696e-03  9.934303e-01
   outer loop
     vertex  6.421550e+01  3.410309e+01  3.747641e+01
     vertex  6.424823e+01  3.462324e+01  3.747641e+01
     vertex  6.009807e+01  3.462324e+01  3.699927e+01
   endloop
 endfacet
 facet normal -3.366135e-01  2.117792e-02  9.414047e-01
   outer loop
     vertex  6.421550e+01  3.410309e+01  3.747641e+01
     vertex  6.818182e+01  3.462324e+01  3.888293e+01
     vertex  6.424823e+01  3.462324e+01  3.747641e+01
   endloop
 endfacet
 facet normal -1.114957e-01  2.862722e-02  9.933525e-01
   outer loop
     vertex  6.421550e+01  3.410309e+01  3.747641e+01
     vertex  6.009807e+01  3.462324e+01  3.699927e+01
     vertex  6.395679e+01  3.309547e+01  3.747641e+01
   endloop
 endfacet
 facet normal -2.928814e-01  1.610129e-01  9.424942e-01
   outer loop
     vertex  6.718192e+01  3.072887e+01  3.888293e+01
     vertex  6.395679e+01  3.309547e+01  3.747641e+01
     vertex  6.345562e+01  3.218384e+01  3.747641e+01
   endloop
 endfacet
 facet normal -2.763540e-01  2.007829e-01  9.398482e-01
   outer loop
     vertex  6.718192e+01  3.072887e+01  3.888293e+01
     vertex  6.345562e+01  3.218384e+01  3.747641e+01
     vertex  6.599087e+01  2.908953e+01  3.888293e+01
   endloop
 endfacet
 facet normal -3.408407e-01  4.120057e-01  8.450319e-01
   outer loop
     vertex  6.748934e+01  2.568874e+01  4.114543e+01
     vertex  6.599087e+01  2.908953e+01  3.888293e+01
     vertex  6.442956e+01  2.779791e+01  3.888293e+01
   endloop
 endfacet
 facet normal -2.956179e-01  4.658193e-01  8.340398e-01
   outer loop
     vertex  6.748934e+01  2.568874e+01  4.114543e+01
     vertex  6.442956e+01  2.779791e+01  3.888293e+01
     vertex  6.503521e+01  2.413130e+01  4.114543e+01
   endloop
 endfacet
 facet normal -2.185913e-01  6.727550e-01  7.068370e-01
   outer loop
     vertex  6.457951e+01  2.083081e+01  4.414585e+01
     vertex  6.503521e+01  2.413130e+01  4.114543e+01
     vertex  6.227086e+01  2.323311e+01  4.114543e+01
   endloop
 endfacet
 facet normal -1.371695e-01  7.190677e-01  6.812681e-01
   outer loop
     vertex  6.457951e+01  2.083081e+01  4.414585e+01
     vertex  6.227086e+01  2.323311e+01  4.114543e+01
     vertex  6.100867e+01  2.014963e+01  4.414585e+01
   endloop
 endfacet
 facet normal  5.307443e-02  8.435938e-01  5.343525e-01
   outer loop
     vertex  5.905247e+01  1.800392e+01  4.772763e+01
     vertex  6.100867e+01  2.014963e+01  4.414585e+01
     vertex  5.738063e+01  2.037789e+01  4.414585e+01
   endloop
 endfacet
 facet normal  1.632411e-01  8.557396e-01  4.909807e-01
   outer loop
     vertex  5.905247e+01  1.800392e+01  4.772763e+01
     vertex  5.738063e+01  2.037789e+01  4.414585e+01
     vertex  5.495227e+01  1.878608e+01  4.772763e+01
   endloop
 endfacet
 facet normal  4.012215e-01  8.526392e-01  3.347054e-01
   outer loop
     vertex  5.246249e+01  1.839680e+01  5.170387e+01
     vertex  5.495227e+01  1.878608e+01  4.772763e+01
     vertex  5.117539e+01  2.056334e+01  4.772763e+01
   endloop
 endfacet
 facet normal  5.150889e-01  8.116502e-01  2.755130e-01
   outer loop
     vertex  5.246249e+01  1.839680e+01  5.170387e+01
     vertex  5.117539e+01  2.056334e+01  4.772763e+01
     vertex  4.866702e+01  2.080548e+01  5.170387e+01
   endloop
 endfacet
 facet normal  6.548164e-01  7.391349e-01 -1.577820e-01
   outer loop
     vertex  4.677367e+01  2.211079e+01  5.586707e+01
     vertex  4.687198e+01  2.290595e+01  6.000000e+01
     vertex  5.006044e+01  2.008122e+01  6.000000e+01
   endloop
 endfacet
 facet normal  8.020251e-01  5.827054e-01 -1.311876e-01
   outer loop
     vertex  4.677367e+01  2.211079e+01  5.586707e+01
     vertex  4.408056e+01  2.581754e+01  5.586707e+01
     vertex  4.687198e+01  2.290595e+01  6.000000e+01
   endloop
 endfacet
 facet normal  7.240388e-01  6.799177e-01  1.161019e-01
   outer loop
     vertex  4.677367e+01  2.211079e+01  5.586707e+01
     vertex  4.866702e+01  2.080548e+01  5.170387e+01
     vertex  4.558981e+01  2.408237e+01  5.170387e+01
   endloop
 endfacet
 facet normal  8.080747e-01  5.871007e-01  4.824966e-02
   outer loop
     vertex  4.677367e+01  2.211079e+01  5.586707e+01
     vertex  4.558981e+01  2.408237e+01  5.170387e+01
     vertex  4.408056e+01  2.581754e+01  5.586707e+01
   endloop
 endfacet
 facet normal -3.176045e-01  1.257485e-01  9.398482e-01
   outer loop
     vertex  6.792786e+01  3.261289e+01  3.888293e+01
     vertex  6.395679e+01  3.309547e+01  3.747641e+01
     vertex  6.718192e+01  3.072887e+01  3.888293e+01
   endloop
 endfacet
 facet normal -3.388988e-01  4.281287e-02  9.398482e-01
   outer loop
     vertex  6.792786e+01  3.261289e+01  3.888293e+01
     vertex  6.818182e+01  3.462324e+01  3.888293e+01
     vertex  6.421550e+01  3.410309e+01  3.747641e+01
   endloop
 endfacet
 facet normal -3.237223e-01  8.311775e-02  9.424942e-01
   outer loop
     vertex  6.792786e+01  3.261289e+01  3.888293e+01
     vertex  6.421550e+01  3.410309e+01  3.747641e+01
     vertex  6.395679e+01  3.309547e+01  3.747641e+01
   endloop
 endfacet
 facet normal -4.325942e-01  3.142981e-01  8.450319e-01
   outer loop
     vertex  6.947905e+01  2.780756e+01  4.114543e+01
     vertex  6.718192e+01  3.072887e+01  3.888293e+01
     vertex  6.599087e+01  2.908953e+01  3.888293e+01
   endloop
 endfacet
 facet normal -4.021751e-01  3.776675e-01  8.340398e-01
   outer loop
     vertex  6.947905e+01  2.780756e+01  4.114543e+01
     vertex  6.599087e+01  2.908953e+01  3.888293e+01
     vertex  6.748934e+01  2.568874e+01  4.114543e+01
   endloop
 endfacet
 facet normal -3.116849e-01  6.623642e-01  6.812681e-01
   outer loop
     vertex  6.786875e+01  2.237861e+01  4.414585e+01
     vertex  6.503521e+01  2.413130e+01  4.114543e+01
     vertex  6.457951e+01  2.083081e+01  4.414585e+01
   endloop
 endfacet
 facet normal -3.790313e-01  5.972577e-01  7.068370e-01
   outer loop
     vertex  6.786875e+01  2.237861e+01  4.414585e+01
     vertex  6.748934e+01  2.568874e+01  4.114543e+01
     vertex  6.503521e+01  2.413130e+01  4.114543e+01
   endloop
 endfacet
 facet normal -5.470124e-02  8.694514e-01  4.909807e-01
   outer loop
     vertex  6.321838e+01  1.826602e+01  4.772763e+01
     vertex  6.100867e+01  2.014963e+01  4.414585e+01
     vertex  5.905247e+01  1.800392e+01  4.772763e+01
   endloop
 endfacet
 facet normal -1.583863e-01  8.302899e-01  5.343525e-01
   outer loop
     vertex  6.321838e+01  1.826602e+01  4.772763e+01
     vertex  6.457951e+01  2.083081e+01  4.414585e+01
     vertex  6.100867e+01  2.014963e+01  4.414585e+01
   endloop
 endfacet
 facet normal  2.970572e-01  9.142481e-01  2.755130e-01
   outer loop
     vertex  5.673773e+01  1.700769e+01  5.170387e+01
     vertex  5.495227e+01  1.878608e+01  4.772763e+01
     vertex  5.246249e+01  1.839680e+01  5.170387e+01
   endloop
 endfacet
 facet normal  1.765737e-01  9.256317e-01  3.347054e-01
   outer loop
     vertex  5.673773e+01  1.700769e+01  5.170387e+01
     vertex  5.905247e+01  1.800392e+01  4.772763e+01
     vertex  5.495227e+01  1.878608e+01  4.772763e+01
   endloop
 endfacet
 facet normal  6.366816e-01  7.696158e-01  4.824966e-02
   outer loop
     vertex  5.030400e+01  1.919025e+01  5.586707e+01
     vertex  4.866702e+01  2.080548e+01  5.170387e+01
     vertex  4.677367e+01  2.211079e+01  5.586707e+01
   endloop
 endfacet
 facet normal  4.586336e-01  8.738533e-01 -1.613556e-01
   outer loop
     vertex  5.030400e+01  1.919025e+01  5.586707e+01
     vertex  5.006044e+01  2.008122e+01  6.000000e+01
     vertex  5.383225e+01  1.810162e+01  6.000000e+01
   endloop
 endfacet
 facet normal  6.322223e-01  7.642255e-01 -1.274924e-01
   outer loop
     vertex  5.030400e+01  1.919025e+01  5.586707e+01
     vertex  4.677367e+01  2.211079e+01  5.586707e+01
     vertex  5.006044e+01  2.008122e+01  6.000000e+01
   endloop
 endfacet
 facet normal  5.322032e-01  8.386180e-01  1.161019e-01
   outer loop
     vertex  5.030400e+01  1.919025e+01  5.586707e+01
     vertex  5.246249e+01  1.839680e+01  5.170387e+01
     vertex  4.866702e+01  2.080548e+01  5.170387e+01
   endloop
 endfacet
 facet normal -4.834621e-01  2.657855e-01  8.340398e-01
   outer loop
     vertex  7.087932e+01  3.035465e+01  4.114543e+01
     vertex  6.718192e+01  3.072887e+01  3.888293e+01
     vertex  6.947905e+01  2.780756e+01  4.114543e+01
   endloop
 endfacet
 facet normal -4.971662e-01  1.968420e-01  8.450319e-01
   outer loop
     vertex  7.087932e+01  3.035465e+01  4.114543e+01
     vertex  6.792786e+01  3.261289e+01  3.888293e+01
     vertex  6.718192e+01  3.072887e+01  3.888293e+01
   endloop
 endfacet
 facet normal -5.156552e-01  4.842325e-01  7.068370e-01
   outer loop
     vertex  7.066974e+01  2.469579e+01  4.414585e+01
     vertex  6.947905e+01  2.780756e+01  4.114543e+01
     vertex  6.748934e+01  2.568874e+01  4.114543e+01
   endloop
 endfacet
 facet normal -4.666160e-01  5.640419e-01  6.812681e-01
   outer loop
     vertex  7.066974e+01  2.469579e+01  4.414585e+01
     vertex  6.748934e+01  2.568874e+01  4.114543e+01
     vertex  6.786875e+01  2.237861e+01  4.414585e+01
   endloop
 endfacet
 facet normal -2.692065e-01  8.285323e-01  4.909807e-01
   outer loop
     vertex  6.718822e+01  1.955590e+01  4.772763e+01
     vertex  6.457951e+01  2.083081e+01  4.414585e+01
     vertex  6.321838e+01  1.826602e+01  4.772763e+01
   endloop
 endfacet
 facet normal -3.598950e-01  7.648157e-01  5.343525e-01
   outer loop
     vertex  6.718822e+01  1.955590e+01  4.772763e+01
     vertex  6.786875e+01  2.237861e+01  4.414585e+01
     vertex  6.457951e+01  2.083081e+01  4.414585e+01
   endloop
 endfacet
 facet normal -5.916894e-02  9.404634e-01  3.347054e-01
   outer loop
     vertex  6.122411e+01  1.672543e+01  5.170387e+01
     vertex  6.321838e+01  1.826602e+01  4.772763e+01
     vertex  5.905247e+01  1.800392e+01  4.772763e+01
   endloop
 endfacet
 facet normal  6.036036e-02  9.594005e-01  2.755130e-01
   outer loop
     vertex  6.122411e+01  1.672543e+01  5.170387e+01
     vertex  5.905247e+01  1.800392e+01  4.772763e+01
     vertex  5.673773e+01  1.700769e+01  5.170387e+01
   endloop
 endfacet
 facet normal  2.360544e-01  9.577103e-01 -1.645277e-01
   outer loop
     vertex  5.444972e+01  1.723942e+01  5.586707e+01
     vertex  5.383225e+01  1.810162e+01  6.000000e+01
     vertex  5.796820e+01  1.708220e+01  6.000000e+01
   endloop
 endfacet
 facet normal  4.224836e-01  8.978233e-01 -1.241808e-01
   outer loop
     vertex  5.444972e+01  1.723942e+01  5.586707e+01
     vertex  5.030400e+01  1.919025e+01  5.586707e+01
     vertex  5.383225e+01  1.810162e+01  6.000000e+01
   endloop
 endfacet
 facet normal  4.252834e-01  9.037732e-01  4.824966e-02
   outer loop
     vertex  5.444972e+01  1.723942e+01  5.586707e+01
     vertex  5.246249e+01  1.839680e+01  5.170387e+01
     vertex  5.030400e+01  1.919025e+01  5.586707e+01
   endloop
 endfacet
 facet normal  3.069272e-01  9.446248e-01  1.161019e-01
   outer loop
     vertex  5.444972e+01  1.723942e+01  5.586707e+01
     vertex  5.673773e+01  1.700769e+01  5.170387e+01
     vertex  5.246249e+01  1.839680e+01  5.170387e+01
   endloop
 endfacet
 facet normal -5.304995e-01  6.701767e-02  8.450319e-01
   outer loop
     vertex  7.160216e+01  3.316994e+01  4.114543e+01
     vertex  6.818182e+01  3.462324e+01  3.888293e+01
     vertex  6.792786e+01  3.261289e+01  3.888293e+01
   endloop
 endfacet
 facet normal -5.412786e-01  3.405436e-02  8.401534e-01
   outer loop
     vertex  7.160216e+01  3.316994e+01  4.114543e+01
     vertex  7.169359e+01  3.462324e+01  4.114543e+01
     vertex  6.818182e+01  3.462324e+01  3.888293e+01
   endloop
 endfacet
 facet normal -7.175032e-01  4.514147e-02  6.950910e-01
   outer loop
     vertex  7.160216e+01  3.316994e+01  4.114543e+01
     vertex  7.460030e+01  3.462324e+01  4.414585e+01
     vertex  7.169359e+01  3.462324e+01  4.114543e+01
   endloop
 endfacet
 facet normal -5.343714e-01  1.372033e-01  8.340398e-01
   outer loop
     vertex  7.160216e+01  3.316994e+01  4.114543e+01
     vertex  6.792786e+01  3.261289e+01  3.888293e+01
     vertex  7.087932e+01  3.035465e+01  4.114543e+01
   endloop
 endfacet
 facet normal -5.922279e-01  4.302788e-01  6.812681e-01
   outer loop
     vertex  7.280647e+01  2.763674e+01  4.414585e+01
     vertex  6.947905e+01  2.780756e+01  4.114543e+01
     vertex  7.066974e+01  2.469579e+01  4.414585e+01
   endloop
 endfacet
 facet normal -6.198787e-01  3.407812e-01  7.068370e-01
   outer loop
     vertex  7.280647e+01  2.763674e+01  4.414585e+01
     vertex  7.087932e+01  3.035465e+01  4.114543e+01
     vertex  6.947905e+01  2.780756e+01  4.114543e+01
   endloop
 endfacet
 facet normal -4.667965e-01  7.355535e-01  4.909807e-01
   outer loop
     vertex  7.071257e+01  2.179252e+01  4.772763e+01
     vertex  6.786875e+01  2.237861e+01  4.414585e+01
     vertex  6.718822e+01  1.955590e+01  4.772763e+01
   endloop
 endfacet
 facet normal -5.387901e-01  6.512854e-01  5.343525e-01
   outer loop
     vertex  7.071257e+01  2.179252e+01  4.772763e+01
     vertex  7.066974e+01  2.469579e+01  4.414585e+01
     vertex  6.786875e+01  2.237861e+01  4.414585e+01
   endloop
 endfacet
 facet normal -2.911938e-01  8.962023e-01  3.347054e-01
   outer loop
     vertex  6.563973e+01  1.756776e+01  5.170387e+01
     vertex  6.718822e+01  1.955590e+01  4.772763e+01
     vertex  6.321838e+01  1.826602e+01  4.772763e+01
   endloop
 endfacet
 facet normal -1.801292e-01  9.442701e-01  2.755130e-01
   outer loop
     vertex  6.563973e+01  1.756776e+01  5.170387e+01
     vertex  6.321838e+01  1.826602e+01  4.772763e+01
     vertex  6.122411e+01  1.672543e+01  5.170387e+01
   endloop
 endfacet
 facet normal  1.871631e-01  9.811432e-01  4.824966e-02
   outer loop
     vertex  5.895036e+01  1.638087e+01  5.586707e+01
     vertex  5.673773e+01  1.700769e+01  5.170387e+01
     vertex  5.444972e+01  1.723942e+01  5.586707e+01
   endloop
 endfacet
 facet normal  1.859987e-01  9.750394e-01 -1.212547e-01
   outer loop
     vertex  5.895036e+01  1.638087e+01  5.586707e+01
     vertex  5.444972e+01  1.723942e+01  5.586707e+01
     vertex  5.796820e+01  1.708220e+01  6.000000e+01
   endloop
 endfacet
 facet normal  6.236589e-02  9.912774e-01  1.161019e-01
   outer loop
     vertex  5.895036e+01  1.638087e+01  5.586707e+01
     vertex  6.122411e+01  1.672543e+01  5.170387e+01
     vertex  5.673773e+01  1.700769e+01  5.170387e+01
   endloop
 endfacet
 facet normal  1.641379e-15  9.859061e-01 -1.672997e-01
   outer loop
     vertex  5.895036e+01  1.638087e+01  5.586707e+01
     vertex  5.796820e+01  1.708220e+01  6.000000e+01
     vertex  6.222794e+01  1.708220e+01  6.000000e+01
   endloop
 endfacet
 facet normal -6.806280e-01  2.694797e-01  6.812681e-01
   outer loop
     vertex  7.414468e+01  3.101669e+01  4.414585e+01
     vertex  7.087932e+01  3.035465e+01  4.114543e+01
     vertex  7.280647e+01  2.763674e+01  4.414585e+01
   endloop
 endfacet
 facet normal -7.262617e-01  9.174819e-02  6.812681e-01
   outer loop
     vertex  7.414468e+01  3.101669e+01  4.414585e+01
     vertex  7.460030e+01  3.462324e+01  4.414585e+01
     vertex  7.160216e+01  3.316994e+01  4.114543e+01
   endloop
 endfacet
 facet normal -6.851529e-01  1.759174e-01  7.068370e-01
   outer loop
     vertex  7.414468e+01  3.101669e+01  4.414585e+01
     vertex  7.160216e+01  3.316994e+01  4.114543e+01
     vertex  7.087932e+01  3.035465e+01  4.114543e+01
   endloop
 endfacet
 facet normal -6.838311e-01  4.968324e-01  5.343525e-01
   outer loop
     vertex  7.356997e+01  2.483534e+01  4.772763e+01
     vertex  7.280647e+01  2.763674e+01  4.414585e+01
     vertex  7.066974e+01  2.469579e+01  4.414585e+01
   endloop
 endfacet
 facet normal -6.350559e-01  5.963572e-01  4.909807e-01
   outer loop
     vertex  7.356997e+01  2.483534e+01  4.772763e+01
     vertex  7.066974e+01  2.469579e+01  4.414585e+01
     vertex  7.071257e+01  2.179252e+01  4.772763e+01
   endloop
 endfacet
 facet normal -5.049218e-01  7.956295e-01  3.347054e-01
   outer loop
     vertex  6.970716e+01  1.948174e+01  5.170387e+01
     vertex  7.071257e+01  2.179252e+01  4.772763e+01
     vertex  6.718822e+01  1.955590e+01  4.772763e+01
   endloop
 endfacet
 facet normal -4.093005e-01  8.698079e-01  2.755130e-01
   outer loop
     vertex  6.970716e+01  1.948174e+01  5.170387e+01
     vertex  6.718822e+01  1.955590e+01  4.772763e+01
     vertex  6.563973e+01  1.756776e+01  5.170387e+01
   endloop
 endfacet
 facet normal -2.358457e-01  9.568636e-01 -1.696730e-01
   outer loop
     vertex  6.352311e+01  1.666857e+01  5.586707e+01
     vertex  6.222794e+01  1.708220e+01  6.000000e+01
     vertex  6.636390e+01  1.810162e+01  6.000000e+01
   endloop
 endfacet
 facet normal -1.861141e-01  9.756443e-01  1.161019e-01
   outer loop
     vertex  6.352311e+01  1.666857e+01  5.586707e+01
     vertex  6.563973e+01  1.756776e+01  5.170387e+01
     vertex  6.122411e+01  1.672543e+01  5.170387e+01
   endloop
 endfacet
 facet normal -6.234648e-02  9.909690e-01 -1.187155e-01
   outer loop
     vertex  6.352311e+01  1.666857e+01  5.586707e+01
     vertex  5.895036e+01  1.638087e+01  5.586707e+01
     vertex  6.222794e+01  1.708220e+01  6.000000e+01
   endloop
 endfacet
 facet normal -6.271739e-02  9.968643e-01  4.824966e-02
   outer loop
     vertex  6.352311e+01  1.666857e+01  5.586707e+01
     vertex  6.122411e+01  1.672543e+01  5.170387e+01
     vertex  5.895036e+01  1.638087e+01  5.586707e+01
   endloop
 endfacet
 facet normal -7.859045e-01  3.111616e-01  5.343525e-01
   outer loop
     vertex  7.558088e+01  2.849317e+01  4.772763e+01
     vertex  7.414468e+01  3.101669e+01  4.414585e+01
     vertex  7.280647e+01  2.763674e+01  4.414585e+01
   endloop
 endfacet
 facet normal -7.634125e-01  4.196896e-01  4.909807e-01
   outer loop
     vertex  7.558088e+01  2.849317e+01  4.772763e+01
     vertex  7.280647e+01  2.763674e+01  4.414585e+01
     vertex  7.356997e+01  2.483534e+01  4.772763e+01
   endloop
 endfacet
 facet normal -6.127540e-01  7.406923e-01  2.755130e-01
   outer loop
     vertex  7.317081e+01  2.234712e+01  5.170387e+01
     vertex  7.071257e+01  2.179252e+01  4.772763e+01
     vertex  6.970716e+01  1.948174e+01  5.170387e+01
   endloop
 endfacet
 facet normal -6.869238e-01  6.450644e-01  3.347054e-01
   outer loop
     vertex  7.317081e+01  2.234712e+01  5.170387e+01
     vertex  7.356997e+01  2.483534e+01  4.772763e+01
     vertex  7.071257e+01  2.179252e+01  4.772763e+01
   endloop
 endfacet
 facet normal -4.578258e-01  8.723143e-01 -1.716489e-01
   outer loop
     vertex  6.788065e+01  1.808442e+01  5.586707e+01
     vertex  6.636390e+01  1.810162e+01  6.000000e+01
     vertex  7.013571e+01  2.008122e+01  6.000000e+01
   endloop
 endfacet
 facet normal -3.069105e-01  9.445733e-01 -1.165648e-01
   outer loop
     vertex  6.788065e+01  1.808442e+01  5.586707e+01
     vertex  6.352311e+01  1.666857e+01  5.586707e+01
     vertex  6.636390e+01  1.810162e+01  6.000000e+01
   endloop
 endfacet
 facet normal -4.228999e-01  8.987080e-01  1.161019e-01
   outer loop
     vertex  6.788065e+01  1.808442e+01  5.586707e+01
     vertex  6.970716e+01  1.948174e+01  5.170387e+01
     vertex  6.563973e+01  1.756776e+01  5.170387e+01
   endloop
 endfacet
 facet normal -3.086571e-01  9.499488e-01  4.824966e-02
   outer loop
     vertex  6.788065e+01  1.808442e+01  5.586707e+01
     vertex  6.563973e+01  1.756776e+01  5.170387e+01
     vertex  6.352311e+01  1.666857e+01  5.586707e+01
   endloop
 endfacet
 facet normal -8.561547e-01  5.386469e-02  5.139045e-01
   outer loop
     vertex  7.661894e+01  3.253617e+01  4.772763e+01
     vertex  7.675025e+01  3.462324e+01  4.772763e+01
     vertex  7.460030e+01  3.462324e+01  4.414585e+01
   endloop
 endfacet
 facet normal -9.501210e-01  5.977655e-02  3.060993e-01
   outer loop
     vertex  7.661894e+01  3.253617e+01  4.772763e+01
     vertex  7.803127e+01  3.462324e+01  5.170387e+01
     vertex  7.675025e+01  3.462324e+01  4.772763e+01
   endloop
 endfacet
 facet normal -8.385966e-01  1.059394e-01  5.343525e-01
   outer loop
     vertex  7.661894e+01  3.253617e+01  4.772763e+01
     vertex  7.460030e+01  3.462324e+01  4.414585e+01
     vertex  7.414468e+01  3.101669e+01  4.414585e+01
   endloop
 endfacet
 facet normal -8.438010e-01  2.166513e-01  4.909807e-01
   outer loop
     vertex  7.661894e+01  3.253617e+01  4.772763e+01
     vertex  7.414468e+01  3.101669e+01  4.414585e+01
     vertex  7.558088e+01  2.849317e+01  4.772763e+01
   endloop
 endfacet
 facet normal -8.257638e-01  4.539675e-01  3.347054e-01
   outer loop
     vertex  7.581305e+01  2.598386e+01  5.170387e+01
     vertex  7.558088e+01  2.849317e+01  4.772763e+01
     vertex  7.356997e+01  2.483534e+01  4.772763e+01
   endloop
 endfacet
 facet normal -7.777059e-01  5.650364e-01  2.755130e-01
   outer loop
     vertex  7.581305e+01  2.598386e+01  5.170387e+01
     vertex  7.356997e+01  2.483534e+01  4.772763e+01
     vertex  7.317081e+01  2.234712e+01  5.170387e+01
   endloop
 endfacet
 facet normal -5.322840e-01  8.387454e-01 -1.148036e-01
   outer loop
     vertex  7.174918e+01  2.053947e+01  5.586707e+01
     vertex  6.788065e+01  1.808442e+01  5.586707e+01
     vertex  7.013571e+01  2.008122e+01  6.000000e+01
   endloop
 endfacet
 facet normal -6.530974e-01  7.371945e-01 -1.732283e-01
   outer loop
     vertex  7.174918e+01  2.053947e+01  5.586707e+01
     vertex  7.013571e+01  2.008122e+01  6.000000e+01
     vertex  7.332417e+01  2.290595e+01  6.000000e+01
   endloop
 endfacet
 facet normal -6.331133e-01  7.653025e-01  1.161019e-01
   outer loop
     vertex  7.174918e+01  2.053947e+01  5.586707e+01
     vertex  7.317081e+01  2.234712e+01  5.170387e+01
     vertex  6.970716e+01  1.948174e+01  5.170387e+01
   endloop
 endfacet
 facet normal -5.352027e-01  8.433445e-01  4.824966e-02
   outer loop
     vertex  7.174918e+01  2.053947e+01  5.586707e+01
     vertex  6.970716e+01  1.948174e+01  5.170387e+01
     vertex  6.788065e+01  1.808442e+01  5.586707e+01
   endloop
 endfacet
 facet normal -9.537172e-01  1.204825e-01  2.755130e-01
   outer loop
     vertex  7.746786e+01  3.016344e+01  5.170387e+01
     vertex  7.803127e+01  3.462324e+01  5.170387e+01
     vertex  7.661894e+01  3.253617e+01  4.772763e+01
   endloop
 endfacet
 facet normal -9.127180e-01  2.343462e-01  3.347054e-01
   outer loop
     vertex  7.746786e+01  3.016344e+01  5.170387e+01
     vertex  7.661894e+01  3.253617e+01  4.772763e+01
     vertex  7.558088e+01  2.849317e+01  4.772763e+01
   endloop
 endfacet
 facet normal -8.937917e-01  3.538772e-01  2.755130e-01
   outer loop
     vertex  7.746786e+01  3.016344e+01  5.170387e+01
     vertex  7.558088e+01  2.849317e+01  4.772763e+01
     vertex  7.581305e+01  2.598386e+01  5.170387e+01
   endloop
 endfacet
 facet normal -8.103698e-01  5.593579e-01 -1.744121e-01
   outer loop
     vertex  7.488564e+01  2.387945e+01  5.586707e+01
     vertex  7.332417e+01  2.290595e+01  6.000000e+01
     vertex  7.574397e+01  2.641164e+01  6.000000e+01
   endloop
 endfacet
 facet normal -8.035459e-01  5.838102e-01  1.161019e-01
   outer loop
     vertex  7.488564e+01  2.387945e+01  5.586707e+01
     vertex  7.581305e+01  2.598386e+01  5.170387e+01
     vertex  7.317081e+01  2.234712e+01  5.170387e+01
   endloop
 endfacet
 facet normal -7.242636e-01  6.801288e-01 -1.134329e-01
   outer loop
     vertex  7.488564e+01  2.387945e+01  5.586707e+01
     vertex  7.174918e+01  2.053947e+01  5.586707e+01
     vertex  7.332417e+01  2.290595e+01  6.000000e+01
   endloop
 endfacet
 facet normal -7.281196e-01  6.837498e-01  4.824966e-02
   outer loop
     vertex  7.488564e+01  2.387945e+01  5.586707e+01
     vertex  7.317081e+01  2.234712e+01  5.170387e+01
     vertex  7.174918e+01  2.053947e+01  5.586707e+01
   endloop
 endfacet
 facet normal -9.205541e-01  3.491201e-01 -1.752010e-01
   outer loop
     vertex  7.709293e+01  2.789450e+01  5.586707e+01
     vertex  7.574397e+01  2.641164e+01  6.000000e+01
     vertex  7.725450e+01  3.039456e+01  6.000000e+01
   endloop
 endfacet
 facet normal -8.707483e-01  4.786979e-01 -1.124533e-01
   outer loop
     vertex  7.709293e+01  2.789450e+01  5.586707e+01
     vertex  7.488564e+01  2.387945e+01  5.586707e+01
     vertex  7.574397e+01  2.641164e+01  6.000000e+01
   endloop
 endfacet
 facet normal -9.234887e-01  3.656350e-01  1.161019e-01
   outer loop
     vertex  7.709293e+01  2.789450e+01  5.586707e+01
     vertex  7.746786e+01  3.016344e+01  5.170387e+01
     vertex  7.581305e+01  2.598386e+01  5.170387e+01
   endloop
 endfacet
 facet normal -8.752861e-01  4.811926e-01  4.824966e-02
   outer loop
     vertex  7.709293e+01  2.789450e+01  5.586707e+01
     vertex  7.581305e+01  2.598386e+01  5.170387e+01
     vertex  7.488564e+01  2.387945e+01  5.586707e+01
   endloop
 endfacet
 facet normal -9.772846e-01  1.186638e-01 -1.755953e-01
   outer loop
     vertex  7.823238e+01  3.233235e+01  5.586707e+01
     vertex  7.725450e+01  3.039456e+01  6.000000e+01
     vertex  7.776795e+01  3.462324e+01  6.000000e+01
   endloop
 endfacet
 facet normal -9.625037e-01  2.471290e-01 -1.118653e-01
   outer loop
     vertex  7.823238e+01  3.233235e+01  5.586707e+01
     vertex  7.709293e+01  2.789450e+01  5.586707e+01
     vertex  7.725450e+01  3.039456e+01  6.000000e+01
   endloop
 endfacet
 facet normal -9.946261e-01  6.257657e-02  8.248049e-02
   outer loop
     vertex  7.823238e+01  3.233235e+01  5.586707e+01
     vertex  7.837651e+01  3.462324e+01  5.586707e+01
     vertex  7.803127e+01  3.462324e+01  5.170387e+01
   endloop
 endfacet
 facet normal -9.874216e-01  6.212330e-02 -1.453938e-01
   outer loop
     vertex  7.823238e+01  3.233235e+01  5.586707e+01
     vertex  7.776795e+01  3.462324e+01  6.000000e+01
     vertex  7.837651e+01  3.462324e+01  5.586707e+01
   endloop
 endfacet
 facet normal -9.854053e-01  1.244856e-01  1.161019e-01
   outer loop
     vertex  7.823238e+01  3.233235e+01  5.586707e+01
     vertex  7.803127e+01  3.462324e+01  5.170387e+01
     vertex  7.746786e+01  3.016344e+01  5.170387e+01
   endloop
 endfacet
 facet normal -9.674551e-01  2.484002e-01  4.824966e-02
   outer loop
     vertex  7.823238e+01  3.233235e+01  5.586707e+01
     vertex  7.746786e+01  3.016344e+01  5.170387e+01
     vertex  7.709293e+01  2.789450e+01  5.586707e+01
   endloop
 endfacet
endsolid
