solid 
 facet normal -1.000000e+00  0.000000e+00  0.000000e+00
   outer loop
     vertex  0.000000e+00  0.000000e+00  0.000000e+00
     vertex  0.000000e+00  9.746226e+01  6.000000e+01
     vertex  0.000000e+00  9.746226e+01  0.000000e+00
   endloop
 endfacet
 facet normal -1.000000e+00  0.000000e+00  0.000000e+00
   outer loop
     vertex  0.000000e+00  0.000000e+00  6.000000e+01
     vertex  0.000000e+00  9.746226e+01  6.000000e+01
     vertex  0.000000e+00  0.000000e+00  0.000000e+00
   endloop
 endfacet
 facet normal  0.000000e+00 -1.000000e+00 -0.000000e+00
   outer loop
     vertex  1.241887e+02  0.000000e+00  6.000000e+01
     vertex  0.000000e+00  0.000000e+00  0.000000e+00
     vertex  1.241887e+02  0.000000e+00  0.000000e+00
   endloop
 endfacet
 facet normal -0.000000e+00 -1.000000e+00  0.000000e+00
   outer loop
     vertex  1.241887e+02  0.000000e+00  6.000000e+01
     vertex  0.000000e+00  0.000000e+00  6.000000e+01
     vertex  0.000000e+00  0.000000e+00  0.000000e+00
   endloop
 endfacet
 facet normal  0.000000e+00  0.000000e+00  1.000000e+00
   outer loop
     vertex  6.608510e+01  4.591291e+01  6.000000e+01
     vertex  6.300902e+01  4.863808e+01  6.000000e+01
     vertex  0.000000e+00  0.000000e+00  6.000000e+01
   endloop
 endfacet
 facet normal  0.000000e+00  0.000000e+00  1.000000e+00
   outer loop
     vertex  6.067450e+01  5.202021e+01  6.000000e+01
     vertex  0.000000e+00  0.000000e+00  6.000000e+01
     vertex  6.300902e+01  4.863808e+01  6.000000e+01
   endloop
 endfacet
 facet normal  0.000000e+00  0.000000e+00  1.000000e+00
   outer loop
     vertex  6.972397e+01  4.400308e+01  6.000000e+01
     vertex  6.608510e+01  4.591291e+01  6.000000e+01
     vertex  0.000000e+00  0.000000e+00  6.000000e+01
   endloop
 endfacet
 facet normal  0.000000e+00  0.000000e+00  1.000000e+00
   outer loop
     vertex  5.921722e+01  5.586275e+01  6.000000e+01
     vertex  0.000000e+00  9.746226e+01  6.000000e+01
     vertex  0.000000e+00  0.000000e+00  6.000000e+01
   endloop
 endfacet
 facet normal  0.000000e+00  0.000000e+00  1.000000e+00
   outer loop
     vertex  5.921722e+01  5.586275e+01  6.000000e+01
     vertex  0.000000e+00  0.000000e+00  6.000000e+01
     vertex  6.067450e+01  5.202021e+01  6.000000e+01
   endloop
 endfacet
 facet normal  0.000000e+00  0.000000e+00  1.000000e+00
   outer loop
     vertex  7.371415e+01  4.301959e+01  6.000000e+01
     vertex  6.972397e+01  4.400308e+01  6.000000e+01
     vertex  0.000000e+00  0.000000e+00  6.000000e+01
   endloop
 endfacet
 facet normal  0.000000e+00  0.000000e+00  1.000000e+00
   outer loop
     vertex  5.872186e+01  5.994239e+01  6.000000e+01
     vertex  0.000000e+00  9.746226e+01  6.000000e+01
     vertex  5.921722e+01  5.586275e+01  6.000000e+01
   endloop
 endfacet
 facet normal  0.000000e+00  0.000000e+00  1.000000e+00
   outer loop
     vertex  5.921722e+01  6.402202e+01  6.000000e+01
     vertex  0.000000e+00  9.746226e+01  6.000000e+01
     vertex  5.872186e+01  5.994239e+01  6.000000e+01
   endloop
 endfacet
 facet normal  0.000000e+00  0.000000e+00  1.000000e+00
   outer loop
     vertex  1.241887e+02  0.000000e+00  6.000000e+01
     vertex  7.782375e+01  4.301959e+01  6.000000e+01
     vertex  7.371415e+01  4.301959e+01  6.000000e+01
   endloop
 endfacet
 facet normal  0.000000e+00  0.000000e+00  1.000000e+00
   outer loop
     vertex  1.241887e+02  0.000000e+00  6.000000e+01
     vertex  7.371415e+01  4.301959e+01  6.000000e+01
     vertex  0.000000e+00  0.000000e+00  6.000000e+01
   endloop
 endfacet
 facet normal  0.000000e+00  0.000000e+00  1.000000e+00
   outer loop
     vertex  8.181393e+01  4.400308e+01  6.000000e+01
     vertex  7.782375e+01  4.301959e+01  6.000000e+01
     vertex  1.241887e+02  0.000000e+00  6.000000e+01
   endloop
 endfacet
 facet normal  0.000000e+00  0.000000e+00  1.000000e+00
   outer loop
     vertex  6.067450e+01  6.786457e+01  6.000000e+01
     vertex  0.000000e+00  9.746226e+01  6.000000e+01
     vertex  5.921722e+01  6.402202e+01  6.000000e+01
   endloop
 endfacet
 facet normal  0.000000e+00  0.000000e+00  1.000000e+00
   outer loop
     vertex  8.545280e+01  4.591291e+01  6.000000e+01
     vertex  8.181393e+01  4.400308e+01  6.000000e+01
     vertex  1.241887e+02  0.000000e+00  6.000000e+01
   endloop
 endfacet
 facet normal  0.000000e+00  0.000000e+00  1.000000e+00
   outer loop
     vertex  6.300902e+01  7.124670e+01  6.000000e+01
     vertex  0.000000e+00  9.746226e+01  6.000000e+01
     vertex  6.067450e+01  6.786457e+01  6.000000e+01
   endloop
 endfacet
 facet normal  0.000000e+00  0.000000e+00  1.000000e+00
   outer loop
     vertex  8.852888e+01  4.863808e+01  6.000000e+01
     vertex  8.545280e+01  4.591291e+01  6.000000e+01
     vertex  1.241887e+02  0.000000e+00  6.000000e+01
   endloop
 endfacet
 facet normal  0.000000e+00  0.000000e+00  1.000000e+00
   outer loop
     vertex  6.608510e+01  7.397187e+01  6.000000e+01
     vertex  0.000000e+00  9.746226e+01  6.000000e+01
     vertex  6.300902e+01  7.124670e+01  6.000000e+01
   endloop
 endfacet
 facet normal  0.000000e+00  0.000000e+00  1.000000e+00
   outer loop
     vertex  9.086340e+01  5.202021e+01  6.000000e+01
     vertex  8.852888e+01  4.863808e+01  6.000000e+01
     vertex  1.241887e+02  0.000000e+00  6.000000e+01
   endloop
 endfacet
 facet normal  0.000000e+00  0.000000e+00  1.000000e+00
   outer loop
     vertex  6.972397e+01  7.588169e+01  6.000000e+01
     vertex  0.000000e+00  9.746226e+01  6.000000e+01
     vertex  6.608510e+01  7.397187e+01  6.000000e+01
   endloop
 endfacet
 facet normal  0.000000e+00  0.000000e+00  1.000000e+00
   outer loop
     vertex  9.232068e+01  5.586275e+01  6.000000e+01
     vertex  9.086340e+01  5.202021e+01  6.000000e+01
     vertex  1.241887e+02  0.000000e+00  6.000000e+01
   endloop
 endfacet
 facet normal  1.621063e-15 -1.544849e-15  1.000000e+00
   outer loop
     vertex  1.241887e+02  9.746226e+01  6.000000e+01
     vertex  9.232068e+01  6.402202e+01  6.000000e+01
     vertex  9.281604e+01  5.994239e+01  6.000000e+01
   endloop
 endfacet
 facet normal  0.000000e+00  0.000000e+00  1.000000e+00
   outer loop
     vertex  1.241887e+02  9.746226e+01  6.000000e+01
     vertex  9.086340e+01  6.786457e+01  6.000000e+01
     vertex  9.232068e+01  6.402202e+01  6.000000e+01
   endloop
 endfacet
 facet normal  0.000000e+00  0.000000e+00  1.000000e+00
   outer loop
     vertex  1.241887e+02  9.746226e+01  6.000000e+01
     vertex  8.852888e+01  7.124670e+01  6.000000e+01
     vertex  9.086340e+01  6.786457e+01  6.000000e+01
   endloop
 endfacet
 facet normal  0.000000e+00  0.000000e+00  1.000000e+00
   outer loop
     vertex  1.241887e+02  9.746226e+01  6.000000e+01
     vertex  8.545280e+01  7.397187e+01  6.000000e+01
     vertex  8.852888e+01  7.124670e+01  6.000000e+01
   endloop
 endfacet
 facet normal  0.000000e+00  0.000000e+00  1.000000e+00
   outer loop
     vertex  1.241887e+02  9.746226e+01  6.000000e+01
     vertex  8.181393e+01  7.588169e+01  6.000000e+01
     vertex  8.545280e+01  7.397187e+01  6.000000e+01
   endloop
 endfacet
 facet normal  0.000000e+00  0.000000e+00  1.000000e+00
   outer loop
     vertex  1.241887e+02  9.746226e+01  6.000000e+01
     vertex  7.782375e+01  7.686519e+01  6.000000e+01
     vertex  8.181393e+01  7.588169e+01  6.000000e+01
   endloop
 endfacet
 facet normal  0.000000e+00  0.000000e+00  1.000000e+00
   outer loop
     vertex  1.241887e+02  9.746226e+01  6.000000e+01
     vertex  7.371415e+01  7.686519e+01  6.000000e+01
     vertex  7.782375e+01  7.686519e+01  6.000000e+01
   endloop
 endfacet
 facet normal -2.701766e-15  2.069736e-15  1.000000e+00
   outer loop
     vertex  1.241887e+02  9.746226e+01  6.000000e+01
     vertex  9.281604e+01  5.994239e+01  6.000000e+01
     vertex  9.232068e+01  5.586275e+01  6.000000e+01
   endloop
 endfacet
 facet normal  0.000000e+00  0.000000e+00  1.000000e+00
   outer loop
     vertex  1.241887e+02  9.746226e+01  6.000000e+01
     vertex  9.232068e+01  5.586275e+01  6.000000e+01
     vertex  1.241887e+02  0.000000e+00  6.000000e+01
   endloop
 endfacet
 facet normal  0.000000e+00  0.000000e+00  1.000000e+00
   outer loop
     vertex  1.241887e+02  9.746226e+01  6.000000e+01
     vertex  0.000000e+00  9.746226e+01  6.000000e+01
     vertex  7.371415e+01  7.686519e+01  6.000000e+01
   endloop
 endfacet
 facet normal  0.000000e+00  0.000000e+00  1.000000e+00
   outer loop
     vertex  7.371415e+01  7.686519e+01  6.000000e+01
     vertex  0.000000e+00  9.746226e+01  6.000000e+01
     vertex  6.972397e+01  7.588169e+01  6.000000e+01
   endloop
 endfacet
 facet normal  0.000000e+00  1.000000e+00  0.000000e+00
   outer loop
     vertex  1.241887e+02  9.746226e+01  6.000000e+01
     vertex  1.241887e+02  9.746226e+01  0.000000e+00
     vertex  0.000000e+00  9.746226e+01  0.000000e+00
   endloop
 endfacet
 facet normal  0.000000e+00  1.000000e+00  0.000000e+00
   outer loop
     vertex  1.241887e+02  9.746226e+01  6.000000e+01
     vertex  0.000000e+00  9.746226e+01  0.000000e+00
     vertex  0.000000e+00  9.746226e+01  6.000000e+01
   endloop
 endfacet
 facet normal -0.000000e+00  0.000000e+00 -1.000000e+00
   outer loop
     vertex  1.241887e+02  9.746226e+01  0.000000e+00
     vertex  0.000000e+00  0.000000e+00  0.000000e+00
     vertex  0.000000e+00  9.746226e+01  0.000000e+00
   endloop
 endfacet
 facet normal  0.000000e+00 -0.000000e+00 -1.000000e+00
   outer loop
     vertex  1.241887e+02  9.746226e+01  0.000000e+00
     vertex  1.241887e+02  0.000000e+00  0.000000e+00
     vertex  0.000000e+00  0.000000e+00  0.000000e+00
   endloop
 endfacet
 facet normal  1.000000e+00  0.000000e+00  0.000000e+00
   outer loop
     vertex  1.241887e+02  0.000000e+00  0.000000e+00
     vertex  1.241887e+02  9.746226e+01  0.000000e+00
     vertex  1.241887e+02  9.746226e+01  6.000000e+01
   endloop
 endfacet
 facet normal  1.000000e+00 -0.000000e+00  0.000000e+00
   outer loop
     vertex  1.241887e+02  0.000000e+00  6.000000e+01
     vertex  1.241887e+02  0.000000e+00  0.000000e+00
     vertex  1.241887e+02  9.746226e+01  6.000000e+01
   endloop
 endfacet
 facet normal -1.163902e-01 -7.322651e-03  9.931766e-01
   outer loop
     vertex  7.985668e+01  6.045879e+01  3.746858e+01
     vertex  7.576895e+01  5.994239e+01  3.698573e+01
     vertex  7.988917e+01  5.994239e+01  3.746858e+01
   endloop
 endfacet
 facet normal -3.427929e-01 -2.156670e-02  9.391634e-01
   outer loop
     vertex  7.985668e+01  6.045879e+01  3.746858e+01
     vertex  7.988917e+01  5.994239e+01  3.746858e+01
     vertex  8.378612e+01  5.994239e+01  3.889096e+01
   endloop
 endfacet
 facet normal -1.136204e-01 -2.917275e-02  9.930958e-01
   outer loop
     vertex  7.959984e+01  6.145914e+01  3.746858e+01
     vertex  7.576895e+01  5.994239e+01  3.698573e+01
     vertex  7.985668e+01  6.045879e+01  3.746858e+01
   endloop
 endfacet
 facet normal -1.027958e-01 -5.651247e-02  9.930958e-01
   outer loop
     vertex  7.910228e+01  6.236419e+01  3.746858e+01
     vertex  7.576895e+01  5.994239e+01  3.698573e+01
     vertex  7.959984e+01  6.145914e+01  3.746858e+01
   endloop
 endfacet
 facet normal -3.296741e-01 -8.464593e-02  9.402925e-01
   outer loop
     vertex  8.353425e+01  6.193618e+01  3.889096e+01
     vertex  7.959984e+01  6.145914e+01  3.746858e+01
     vertex  7.985668e+01  6.045879e+01  3.746858e+01
   endloop
 endfacet
 facet normal -3.451045e-01 -4.359684e-02  9.375512e-01
   outer loop
     vertex  8.353425e+01  6.193618e+01  3.889096e+01
     vertex  7.985668e+01  6.045879e+01  3.746858e+01
     vertex  8.378612e+01  5.994239e+01  3.889096e+01
   endloop
 endfacet
 facet normal -8.551221e-02 -8.030131e-02  9.930958e-01
   outer loop
     vertex  7.839528e+01  6.311707e+01  3.746858e+01
     vertex  7.576895e+01  5.994239e+01  3.698573e+01
     vertex  7.910228e+01  6.236419e+01  3.746858e+01
   endloop
 endfacet
 facet normal -2.982662e-01 -1.639732e-01  9.402925e-01
   outer loop
     vertex  8.279445e+01  6.380469e+01  3.889096e+01
     vertex  7.910228e+01  6.236419e+01  3.746858e+01
     vertex  7.959984e+01  6.145914e+01  3.746858e+01
   endloop
 endfacet
 facet normal -3.234203e-01 -1.280512e-01  9.375512e-01
   outer loop
     vertex  8.279445e+01  6.380469e+01  3.889096e+01
     vertex  7.959984e+01  6.145914e+01  3.746858e+01
     vertex  8.353425e+01  6.193618e+01  3.889096e+01
   endloop
 endfacet
 facet normal -5.504415e-01 -3.463085e-02  8.341552e-01
   outer loop
     vertex  8.715810e+01  6.138117e+01  4.117579e+01
     vertex  8.378612e+01  5.994239e+01  3.889096e+01
     vertex  8.724862e+01  5.994239e+01  4.117579e+01
   endloop
 endfacet
 facet normal -7.280600e-01 -4.580565e-02  6.839814e-01
   outer loop
     vertex  8.715810e+01  6.138117e+01  4.117579e+01
     vertex  8.724862e+01  5.994239e+01  4.117579e+01
     vertex  9.008904e+01  5.994239e+01  4.419926e+01
   endloop
 endfacet
 facet normal -5.395474e-01 -6.816069e-02  8.391917e-01
   outer loop
     vertex  8.715810e+01  6.138117e+01  4.117579e+01
     vertex  8.353425e+01  6.193618e+01  3.889096e+01
     vertex  8.378612e+01  5.994239e+01  3.889096e+01
   endloop
 endfacet
 facet normal -6.285556e-02 -9.904451e-02  9.930958e-01
   outer loop
     vertex  7.752326e+01  6.367048e+01  3.746858e+01
     vertex  7.576895e+01  5.994239e+01  3.698573e+01
     vertex  7.839528e+01  6.311707e+01  3.746858e+01
   endloop
 endfacet
 facet normal -2.481172e-01 -2.329975e-01  9.402925e-01
   outer loop
     vertex  8.161322e+01  6.543052e+01  3.889096e+01
     vertex  7.839528e+01  6.311707e+01  3.746858e+01
     vertex  7.910228e+01  6.236419e+01  3.746858e+01
   endloop
 endfacet
 facet normal -2.814144e-01 -2.044596e-01  9.375512e-01
   outer loop
     vertex  8.161322e+01  6.543052e+01  3.889096e+01
     vertex  7.910228e+01  6.236419e+01  3.746858e+01
     vertex  8.279445e+01  6.380469e+01  3.889096e+01
   endloop
 endfacet
 facet normal -5.433238e-01 -1.395018e-01  8.278518e-01
   outer loop
     vertex  8.644248e+01  6.416834e+01  4.117579e+01
     vertex  8.353425e+01  6.193618e+01  3.889096e+01
     vertex  8.715810e+01  6.138117e+01  4.117579e+01
   endloop
 endfacet
 facet normal -5.056457e-01 -2.001993e-01  8.391917e-01
   outer loop
     vertex  8.644248e+01  6.416834e+01  4.117579e+01
     vertex  8.279445e+01  6.380469e+01  3.889096e+01
     vertex  8.353425e+01  6.193618e+01  3.889096e+01
   endloop
 endfacet
 facet normal -3.624947e-02 -1.115644e-01  9.930958e-01
   outer loop
     vertex  7.654100e+01  6.398963e+01  3.746858e+01
     vertex  7.576895e+01  5.994239e+01  3.698573e+01
     vertex  7.752326e+01  6.367048e+01  3.746858e+01
   endloop
 endfacet
 facet normal -2.217263e-01 -2.680210e-01  9.375512e-01
   outer loop
     vertex  8.006477e+01  6.671151e+01  3.889096e+01
     vertex  7.839528e+01  6.311707e+01  3.746858e+01
     vertex  8.161322e+01  6.543052e+01  3.889096e+01
   endloop
 endfacet
 facet normal -1.823780e-01 -2.873817e-01  9.402925e-01
   outer loop
     vertex  8.006477e+01  6.671151e+01  3.889096e+01
     vertex  7.752326e+01  6.367048e+01  3.746858e+01
     vertex  7.839528e+01  6.311707e+01  3.746858e+01
   endloop
 endfacet
 facet normal -4.399724e-01 -3.196586e-01  8.391917e-01
   outer loop
     vertex  8.505620e+01  6.668997e+01  4.117579e+01
     vertex  8.161322e+01  6.543052e+01  3.889096e+01
     vertex  8.279445e+01  6.380469e+01  3.889096e+01
   endloop
 endfacet
 facet normal -4.915616e-01 -2.702383e-01  8.278518e-01
   outer loop
     vertex  8.505620e+01  6.668997e+01  4.117579e+01
     vertex  8.279445e+01  6.380469e+01  3.889096e+01
     vertex  8.644248e+01  6.416834e+01  4.117579e+01
   endloop
 endfacet
 facet normal -6.954506e-01 -1.785614e-01  6.960347e-01
   outer loop
     vertex  8.963915e+01  6.350365e+01  4.419926e+01
     vertex  8.644248e+01  6.416834e+01  4.117579e+01
     vertex  8.715810e+01  6.138117e+01  4.117579e+01
   endloop
 endfacet
 facet normal -7.366596e-01 -9.306175e-02  6.698300e-01
   outer loop
     vertex  8.963915e+01  6.350365e+01  4.419926e+01
     vertex  8.715810e+01  6.138117e+01  4.117579e+01
     vertex  9.008904e+01  5.994239e+01  4.419926e+01
   endloop
 endfacet
 facet normal -7.365689e-03 -1.170743e-01  9.930958e-01
   outer loop
     vertex  7.551024e+01  6.405448e+01  3.746858e+01
     vertex  7.576895e+01  5.994239e+01  3.698573e+01
     vertex  7.654100e+01  6.398963e+01  3.746858e+01
   endloop
 endfacet
 facet normal -1.481062e-01 -3.147417e-01  9.375512e-01
   outer loop
     vertex  7.824639e+01  6.756717e+01  3.889096e+01
     vertex  7.752326e+01  6.367048e+01  3.746858e+01
     vertex  8.006477e+01  6.671151e+01  3.889096e+01
   endloop
 endfacet
 facet normal -1.051793e-01 -3.237086e-01  9.402925e-01
   outer loop
     vertex  7.824639e+01  6.756717e+01  3.889096e+01
     vertex  7.654100e+01  6.398963e+01  3.746858e+01
     vertex  7.752326e+01  6.367048e+01  3.746858e+01
   endloop
 endfacet
 facet normal -4.089127e-01 -3.839946e-01  8.278518e-01
   outer loop
     vertex  8.308637e+01  6.878763e+01  4.117579e+01
     vertex  8.161322e+01  6.543052e+01  3.889096e+01
     vertex  8.505620e+01  6.668997e+01  4.117579e+01
   endloop
 endfacet
 facet normal -3.466540e-01 -4.190326e-01  8.391917e-01
   outer loop
     vertex  8.308637e+01  6.878763e+01  4.117579e+01
     vertex  8.006477e+01  6.671151e+01  3.889096e+01
     vertex  8.161322e+01  6.543052e+01  3.889096e+01
   endloop
 endfacet
 facet normal -6.903726e-01 -2.733378e-01  6.698300e-01
   outer loop
     vertex  8.831774e+01  6.684114e+01  4.419926e+01
     vertex  8.644248e+01  6.416834e+01  4.117579e+01
     vertex  8.963915e+01  6.350365e+01  4.419926e+01
   endloop
 endfacet
 facet normal -6.291953e-01 -3.459030e-01  6.960347e-01
   outer loop
     vertex  8.831774e+01  6.684114e+01  4.419926e+01
     vertex  8.505620e+01  6.668997e+01  4.117579e+01
     vertex  8.644248e+01  6.416834e+01  4.117579e+01
   endloop
 endfacet
 facet normal -8.660946e-01 -5.449006e-02  4.969013e-01
   outer loop
     vertex  9.202427e+01  6.199591e+01  4.779753e+01
     vertex  9.008904e+01  5.994239e+01  4.419926e+01
     vertex  9.215346e+01  5.994239e+01  4.779753e+01
   endloop
 endfacet
 facet normal -9.571980e-01 -6.022179e-02  2.830995e-01
   outer loop
     vertex  9.202427e+01  6.199591e+01  4.779753e+01
     vertex  9.215346e+01  5.994239e+01  4.779753e+01
     vertex  9.333001e+01  5.994239e+01  5.177560e+01
   endloop
 endfacet
 facet normal -8.488127e-01 -1.072300e-01  5.177053e-01
   outer loop
     vertex  9.202427e+01  6.199591e+01  4.779753e+01
     vertex  8.963915e+01  6.350365e+01  4.419926e+01
     vertex  9.008904e+01  5.994239e+01  4.419926e+01
   endloop
 endfacet
 facet normal  2.198090e-02 -1.152279e-01  9.930958e-01
   outer loop
     vertex  7.449573e+01  6.386095e+01  3.746858e+01
     vertex  7.576895e+01  5.994239e+01  3.698573e+01
     vertex  7.551024e+01  6.405448e+01  3.746858e+01
   endloop
 endfacet
 facet normal -2.137185e-02 -3.396958e-01  9.402925e-01
   outer loop
     vertex  7.627235e+01  6.794374e+01  3.889096e+01
     vertex  7.551024e+01  6.405448e+01  3.746858e+01
     vertex  7.654100e+01  6.398963e+01  3.746858e+01
   endloop
 endfacet
 facet normal -6.518010e-02 -3.416861e-01  9.375512e-01
   outer loop
     vertex  7.627235e+01  6.794374e+01  3.889096e+01
     vertex  7.654100e+01  6.398963e+01  3.746858e+01
     vertex  7.824639e+01  6.756717e+01  3.889096e+01
   endloop
 endfacet
 facet normal -3.005704e-01 -4.736232e-01  8.278518e-01
   outer loop
     vertex  8.065676e+01  7.032950e+01  4.117579e+01
     vertex  8.006477e+01  6.671151e+01  3.889096e+01
     vertex  8.308637e+01  6.878763e+01  4.117579e+01
   endloop
 endfacet
 facet normal -2.315540e-01 -4.920773e-01  8.391917e-01
   outer loop
     vertex  8.065676e+01  7.032950e+01  4.117579e+01
     vertex  7.824639e+01  6.756717e+01  3.889096e+01
     vertex  8.006477e+01  6.671151e+01  3.889096e+01
   endloop
 endfacet
 facet normal -6.007069e-01 -4.364391e-01  6.698300e-01
   outer loop
     vertex  8.620785e+01  6.974516e+01  4.419926e+01
     vertex  8.505620e+01  6.668997e+01  4.117579e+01
     vertex  8.831774e+01  6.684114e+01  4.419926e+01
   endloop
 endfacet
 facet normal -5.234054e-01 -4.915104e-01  6.960347e-01
   outer loop
     vertex  8.620785e+01  6.974516e+01  4.419926e+01
     vertex  8.308637e+01  6.878763e+01  4.117579e+01
     vertex  8.505620e+01  6.668997e+01  4.117579e+01
   endloop
 endfacet
 facet normal -7.954787e-01 -3.149523e-01  5.177053e-01
   outer loop
     vertex  9.100288e+01  6.597393e+01  4.779753e+01
     vertex  8.831774e+01  6.684114e+01  4.419926e+01
     vertex  8.963915e+01  6.350365e+01  4.419926e+01
   endloop
 endfacet
 facet normal -8.530374e-01 -2.190228e-01  4.736625e-01
   outer loop
     vertex  9.100288e+01  6.597393e+01  4.779753e+01
     vertex  8.963915e+01  6.350365e+01  4.419926e+01
     vertex  9.202427e+01  6.199591e+01  4.779753e+01
   endloop
 endfacet
 facet normal  4.994636e-02 -1.061414e-01  9.930958e-01
   outer loop
     vertex  7.356123e+01  6.342121e+01  3.746858e+01
     vertex  7.576895e+01  5.994239e+01  3.698573e+01
     vertex  7.449573e+01  6.386095e+01  3.746858e+01
   endloop
 endfacet
 facet normal  6.377849e-02 -3.343386e-01  9.402925e-01
   outer loop
     vertex  7.426668e+01  6.781755e+01  3.889096e+01
     vertex  7.449573e+01  6.386095e+01  3.746858e+01
     vertex  7.551024e+01  6.405448e+01  3.746858e+01
   endloop
 endfacet
 facet normal  2.184152e-02 -3.471610e-01  9.375512e-01
   outer loop
     vertex  7.426668e+01  6.781755e+01  3.889096e+01
     vertex  7.551024e+01  6.405448e+01  3.746858e+01
     vertex  7.627235e+01  6.794374e+01  3.889096e+01
   endloop
 endfacet
 facet normal -1.733421e-01 -5.334923e-01  8.278518e-01
   outer loop
     vertex  7.792003e+01  7.121872e+01  4.117579e+01
     vertex  7.824639e+01  6.756717e+01  3.889096e+01
     vertex  8.065676e+01  7.032950e+01  4.117579e+01
   endloop
 endfacet
 facet normal -1.019047e-01 -5.342029e-01  8.391917e-01
   outer loop
     vertex  7.792003e+01  7.121872e+01  4.117579e+01
     vertex  7.627235e+01  6.794374e+01  3.889096e+01
     vertex  7.824639e+01  6.756717e+01  3.889096e+01
   endloop
 endfacet
 facet normal -4.732966e-01 -5.721173e-01  6.698300e-01
   outer loop
     vertex  8.344204e+01  7.203324e+01  4.419926e+01
     vertex  8.308637e+01  6.878763e+01  4.117579e+01
     vertex  8.620785e+01  6.974516e+01  4.419926e+01
   endloop
 endfacet
 facet normal -3.847280e-01 -6.062343e-01  6.960347e-01
   outer loop
     vertex  8.344204e+01  7.203324e+01  4.419926e+01
     vertex  8.065676e+01  7.032950e+01  4.117579e+01
     vertex  8.308637e+01  6.878763e+01  4.117579e+01
   endloop
 endfacet
 facet normal -7.717689e-01 -4.242836e-01  4.736625e-01
   outer loop
     vertex  8.902430e+01  6.957296e+01  4.779753e+01
     vertex  8.831774e+01  6.684114e+01  4.419926e+01
     vertex  9.100288e+01  6.597393e+01  4.779753e+01
   endloop
 endfacet
 facet normal -6.921618e-01 -5.028850e-01  5.177053e-01
   outer loop
     vertex  8.902430e+01  6.957296e+01  4.779753e+01
     vertex  8.620785e+01  6.974516e+01  4.419926e+01
     vertex  8.831774e+01  6.684114e+01  4.419926e+01
   endloop
 endfacet
 facet normal -9.599686e-01 -1.212722e-01  2.524941e-01
   outer loop
     vertex  9.277830e+01  6.430965e+01  5.177560e+01
     vertex  9.202427e+01  6.199591e+01  4.779753e+01
     vertex  9.333001e+01  5.994239e+01  5.177560e+01
   endloop
 endfacet
 facet normal -9.202763e-01 -2.362868e-01  3.118654e-01
   outer loop
     vertex  9.277830e+01  6.430965e+01  5.177560e+01
     vertex  9.100288e+01  6.597393e+01  4.779753e+01
     vertex  9.202427e+01  6.199591e+01  4.779753e+01
   endloop
 endfacet
 facet normal  7.477349e-02 -9.038563e-02  9.930958e-01
   outer loop
     vertex  7.276544e+01  6.276287e+01  3.746858e+01
     vertex  7.576895e+01  5.994239e+01  3.698573e+01
     vertex  7.356123e+01  6.342121e+01  3.746858e+01
   endloop
 endfacet
 facet normal  1.449214e-01 -3.079736e-01  9.402925e-01
   outer loop
     vertex  7.235541e+01  6.719654e+01  3.889096e+01
     vertex  7.356123e+01  6.342121e+01  3.746858e+01
     vertex  7.449573e+01  6.386095e+01  3.746858e+01
   endloop
 endfacet
 facet normal  1.074908e-01 -3.308225e-01  9.375512e-01
   outer loop
     vertex  7.235541e+01  6.719654e+01  3.889096e+01
     vertex  7.449573e+01  6.386095e+01  3.746858e+01
     vertex  7.426668e+01  6.781755e+01  3.889096e+01
   endloop
 endfacet
 facet normal  3.414773e-02 -5.427626e-01  8.391917e-01
   outer loop
     vertex  7.504814e+01  7.139940e+01  4.117579e+01
     vertex  7.426668e+01  6.781755e+01  3.889096e+01
     vertex  7.627235e+01  6.794374e+01  3.889096e+01
   endloop
 endfacet
 facet normal -3.522215e-02 -5.598400e-01  8.278518e-01
   outer loop
     vertex  7.504814e+01  7.139940e+01  4.117579e+01
     vertex  7.627235e+01  6.794374e+01  3.889096e+01
     vertex  7.792003e+01  7.121872e+01  4.117579e+01
   endloop
 endfacet
 facet normal -2.218767e-01 -6.828663e-01  6.960347e-01
   outer loop
     vertex  8.019410e+01  7.356160e+01  4.419926e+01
     vertex  7.792003e+01  7.121872e+01  4.117579e+01
     vertex  8.065676e+01  7.032950e+01  4.117579e+01
   endloop
 endfacet
 facet normal -3.161473e-01 -6.718472e-01  6.698300e-01
   outer loop
     vertex  8.019410e+01  7.356160e+01  4.419926e+01
     vertex  8.065676e+01  7.032950e+01  4.117579e+01
     vertex  8.344204e+01  7.203324e+01  4.419926e+01
   endloop
 endfacet
 facet normal -5.453538e-01 -6.592196e-01  5.177053e-01
   outer loop
     vertex  8.621283e+01  7.256687e+01  4.779753e+01
     vertex  8.344204e+01  7.203324e+01  4.419926e+01
     vertex  8.620785e+01  6.974516e+01  4.419926e+01
   endloop
 endfacet
 facet normal -6.420074e-01 -6.028851e-01  4.736625e-01
   outer loop
     vertex  8.621283e+01  7.256687e+01  4.779753e+01
     vertex  8.620785e+01  6.974516e+01  4.419926e+01
     vertex  8.902430e+01  6.957296e+01  4.779753e+01
   endloop
 endfacet
 facet normal -8.326020e-01 -4.577268e-01  3.118654e-01
   outer loop
     vertex  9.115783e+01  6.840249e+01  5.177560e+01
     vertex  8.902430e+01  6.957296e+01  4.779753e+01
     vertex  9.100288e+01  6.597393e+01  4.779753e+01
   endloop
 endfacet
 facet normal -8.996503e-01 -3.561967e-01  2.524941e-01
   outer loop
     vertex  9.115783e+01  6.840249e+01  5.177560e+01
     vertex  9.100288e+01  6.597393e+01  4.779753e+01
     vertex  9.277830e+01  6.430965e+01  5.177560e+01
   endloop
 endfacet
 facet normal -9.712424e-01 -1.179302e-01 -2.068348e-01
   outer loop
     vertex  9.341469e+01  6.217156e+01  5.591792e+01
     vertex  9.281604e+01  5.994239e+01  6.000000e+01
     vertex  9.232068e+01  6.402202e+01  6.000000e+01
   endloop
 endfacet
 facet normal -9.965645e-01 -6.269852e-02  5.411228e-02
   outer loop
     vertex  9.341469e+01  6.217156e+01  5.591792e+01
     vertex  9.333001e+01  5.994239e+01  5.177560e+01
     vertex  9.355493e+01  5.994239e+01  5.591792e+01
   endloop
 endfacet
 facet normal -9.821295e-01 -6.179035e-02 -1.777741e-01
   outer loop
     vertex  9.341469e+01  6.217156e+01  5.591792e+01
     vertex  9.355493e+01  5.994239e+01  5.591792e+01
     vertex  9.281604e+01  5.994239e+01  6.000000e+01
   endloop
 endfacet
 facet normal -9.883188e-01 -1.248537e-01  8.739236e-02
   outer loop
     vertex  9.341469e+01  6.217156e+01  5.591792e+01
     vertex  9.277830e+01  6.430965e+01  5.177560e+01
     vertex  9.333001e+01  5.994239e+01  5.177560e+01
   endloop
 endfacet
 facet normal  9.490234e-02 -6.895059e-02  9.930958e-01
   outer loop
     vertex  7.215838e+01  6.192732e+01  3.746858e+01
     vertex  7.576895e+01  5.994239e+01  3.698573e+01
     vertex  7.276544e+01  6.276287e+01  3.746858e+01
   endloop
 endfacet
 facet normal  2.169583e-01 -2.622576e-01  9.402925e-01
   outer loop
     vertex  7.065862e+01  6.611972e+01  3.889096e+01
     vertex  7.276544e+01  6.276287e+01  3.746858e+01
     vertex  7.356123e+01  6.342121e+01  3.746858e+01
   endloop
 endfacet
 facet normal  1.863860e-01 -2.936973e-01  9.375512e-01
   outer loop
     vertex  7.065862e+01  6.611972e+01  3.889096e+01
     vertex  7.356123e+01  6.342121e+01  3.746858e+01
     vertex  7.235541e+01  6.719654e+01  3.889096e+01
   endloop
 endfacet
 facet normal  1.680545e-01 -5.172185e-01  8.391917e-01
   outer loop
     vertex  7.222154e+01  7.086020e+01  4.117579e+01
     vertex  7.235541e+01  6.719654e+01  3.889096e+01
     vertex  7.426668e+01  6.781755e+01  3.889096e+01
   endloop
 endfacet
 facet normal  1.051110e-01 -5.510110e-01  8.278518e-01
   outer loop
     vertex  7.222154e+01  7.086020e+01  4.117579e+01
     vertex  7.426668e+01  6.781755e+01  3.889096e+01
     vertex  7.504814e+01  7.139940e+01  4.117579e+01
   endloop
 endfacet
 facet normal -4.508410e-02 -7.165913e-01  6.960347e-01
   outer loop
     vertex  7.666812e+01  7.423422e+01  4.419926e+01
     vertex  7.504814e+01  7.139940e+01  4.117579e+01
     vertex  7.792003e+01  7.121872e+01  4.117579e+01
   endloop
 endfacet
 facet normal -1.391333e-01 -7.293626e-01  6.698300e-01
   outer loop
     vertex  7.666812e+01  7.423422e+01  4.419926e+01
     vertex  7.792003e+01  7.121872e+01  4.117579e+01
     vertex  8.019410e+01  7.356160e+01  4.419926e+01
   endloop
 endfacet
 facet normal -3.642793e-01 -7.741330e-01  5.177053e-01
   outer loop
     vertex  8.274514e+01  7.476754e+01  4.779753e+01
     vertex  8.019410e+01  7.356160e+01  4.419926e+01
     vertex  8.344204e+01  7.203324e+01  4.419926e+01
   endloop
 endfacet
 facet normal -4.719061e-01 -7.436051e-01  4.736625e-01
   outer loop
     vertex  8.274514e+01  7.476754e+01  4.779753e+01
     vertex  8.344204e+01  7.203324e+01  4.419926e+01
     vertex  8.621283e+01  7.256687e+01  4.779753e+01
   endloop
 endfacet
 facet normal -6.926123e-01 -6.504062e-01  3.118654e-01
   outer loop
     vertex  8.857041e+01  7.196376e+01  5.177560e+01
     vertex  8.621283e+01  7.256687e+01  4.779753e+01
     vertex  8.902430e+01  6.957296e+01  4.779753e+01
   endloop
 endfacet
 facet normal -7.828036e-01 -5.687401e-01  2.524941e-01
   outer loop
     vertex  8.857041e+01  7.196376e+01  5.177560e+01
     vertex  8.902430e+01  6.957296e+01  4.779753e+01
     vertex  9.115783e+01  6.840249e+01  5.177560e+01
   endloop
 endfacet
 facet normal -9.148726e-01 -3.469654e-01 -2.064535e-01
   outer loop
     vertex  9.230594e+01  6.648985e+01  5.591792e+01
     vertex  9.232068e+01  6.402202e+01  6.000000e+01
     vertex  9.086340e+01  6.786457e+01  6.000000e+01
   endloop
 endfacet
 facet normal -9.583058e-01 -2.460511e-01 -1.452889e-01
   outer loop
     vertex  9.230594e+01  6.648985e+01  5.591792e+01
     vertex  9.341469e+01  6.217156e+01  5.591792e+01
     vertex  9.232068e+01  6.402202e+01  6.000000e+01
   endloop
 endfacet
 facet normal -9.262191e-01 -3.667161e-01  8.739236e-02
   outer loop
     vertex  9.230594e+01  6.648985e+01  5.591792e+01
     vertex  9.115783e+01  6.840249e+01  5.177560e+01
     vertex  9.277830e+01  6.430965e+01  5.177560e+01
   endloop
 endfacet
 facet normal -9.683809e-01 -2.486379e-01  2.043721e-02
   outer loop
     vertex  9.230594e+01  6.648985e+01  5.591792e+01
     vertex  9.277830e+01  6.430965e+01  5.177560e+01
     vertex  9.341469e+01  6.217156e+01  5.591792e+01
   endloop
 endfacet
 facet normal  1.090681e-01 -4.318312e-02  9.930958e-01
   outer loop
     vertex  7.177818e+01  6.096705e+01  3.746858e+01
     vertex  7.576895e+01  5.994239e+01  3.698573e+01
     vertex  7.215838e+01  6.192732e+01  3.746858e+01
   endloop
 endfacet
 facet normal  2.753630e-01 -2.000629e-01  9.402925e-01
   outer loop
     vertex  6.928293e+01  6.465476e+01  3.889096e+01
     vertex  7.215838e+01  6.192732e+01  3.746858e+01
     vertex  7.276544e+01  6.276287e+01  3.746858e+01
   endloop
 endfacet
 facet normal  2.535698e-01 -2.381179e-01  9.375512e-01
   outer loop
     vertex  6.928293e+01  6.465476e+01  3.889096e+01
     vertex  7.276544e+01  6.276287e+01  3.746858e+01
     vertex  7.065862e+01  6.611972e+01  3.889096e+01
   endloop
 endfacet
 facet normal  2.388396e-01 -5.075600e-01  8.278518e-01
   outer loop
     vertex  6.961784e+01  6.963499e+01  4.117579e+01
     vertex  7.235541e+01  6.719654e+01  3.889096e+01
     vertex  7.222154e+01  7.086020e+01  4.117579e+01
   endloop
 endfacet
 facet normal  2.914018e-01 -4.591757e-01  8.391917e-01
   outer loop
     vertex  6.961784e+01  6.963499e+01  4.117579e+01
     vertex  7.065862e+01  6.611972e+01  3.889096e+01
     vertex  7.235541e+01  6.719654e+01  3.889096e+01
   endloop
 endfacet
 facet normal  1.345413e-01 -7.052902e-01  6.960347e-01
   outer loop
     vertex  7.308564e+01  7.400883e+01  4.419926e+01
     vertex  7.222154e+01  7.086020e+01  4.117579e+01
     vertex  7.504814e+01  7.139940e+01  4.117579e+01
   endloop
 endfacet
 facet normal  4.662287e-02 -7.410494e-01  6.698300e-01
   outer loop
     vertex  7.308564e+01  7.400883e+01  4.419926e+01
     vertex  7.504814e+01  7.139940e+01  4.117579e+01
     vertex  7.666812e+01  7.423422e+01  4.419926e+01
   endloop
 endfacet
 facet normal -2.721533e-01 -8.376016e-01  4.736625e-01
   outer loop
     vertex  7.883910e+01  7.603668e+01  4.779753e+01
     vertex  8.019410e+01  7.356160e+01  4.419926e+01
     vertex  8.274514e+01  7.476754e+01  4.779753e+01
   endloop
 endfacet
 facet normal -1.603158e-01 -8.404047e-01  5.177053e-01
   outer loop
     vertex  7.883910e+01  7.603668e+01  4.779753e+01
     vertex  7.666812e+01  7.423422e+01  4.419926e+01
     vertex  8.019410e+01  7.356160e+01  4.419926e+01
   endloop
 endfacet
 facet normal -5.091031e-01 -8.022182e-01  3.118654e-01
   outer loop
     vertex  8.517864e+01  7.476968e+01  5.177560e+01
     vertex  8.274514e+01  7.476754e+01  4.779753e+01
     vertex  8.621283e+01  7.256687e+01  4.779753e+01
   endloop
 endfacet
 facet normal -6.167705e-01 -7.455474e-01  2.524941e-01
   outer loop
     vertex  8.517864e+01  7.476968e+01  5.177560e+01
     vertex  8.621283e+01  7.256687e+01  4.779753e+01
     vertex  8.857041e+01  7.196376e+01  5.177560e+01
   endloop
 endfacet
 facet normal -8.053861e-01 -5.559179e-01 -2.056906e-01
   outer loop
     vertex  9.015811e+01  7.039673e+01  5.591792e+01
     vertex  9.086340e+01  6.786457e+01  6.000000e+01
     vertex  8.852888e+01  7.124670e+01  6.000000e+01
   endloop
 endfacet
 facet normal -8.059217e-01 -5.855364e-01  8.739236e-02
   outer loop
     vertex  9.015811e+01  7.039673e+01  5.591792e+01
     vertex  8.857041e+01  7.196376e+01  5.177560e+01
     vertex  9.115783e+01  6.840249e+01  5.177560e+01
   endloop
 endfacet
 facet normal -8.761237e-01 -4.816531e-01  2.043721e-02
   outer loop
     vertex  9.015811e+01  7.039673e+01  5.591792e+01
     vertex  9.115783e+01  6.840249e+01  5.177560e+01
     vertex  9.230594e+01  6.648985e+01  5.591792e+01
   endloop
 endfacet
 facet normal -8.669354e-01 -4.766017e-01 -1.458557e-01
   outer loop
     vertex  9.015811e+01  7.039673e+01  5.591792e+01
     vertex  9.230594e+01  6.648985e+01  5.591792e+01
     vertex  9.086340e+01  6.786457e+01  6.000000e+01
   endloop
 endfacet
 facet normal  0.000000e+00  0.000000e+00  0.000000e+00
   outer loop
     vertex  7.164873e+01  5.994239e+01  3.746858e+01
     vertex  7.576895e+01  5.994239e+01  3.698573e+01
     vertex  7.576895e+01  5.994239e+01  3.698573e+01
   endloop
 endfacet
 facet normal  1.163808e-01 -1.470231e-02  9.930958e-01
   outer loop
     vertex  7.164873e+01  5.994239e+01  3.746858e+01
     vertex  7.576895e+01  5.994239e+01  3.698573e+01
     vertex  7.177818e+01  6.096705e+01  3.746858e+01
   endloop
 endfacet
 facet normal  3.164656e-01 -1.252976e-01  9.402925e-01
   outer loop
     vertex  6.831478e+01  6.289371e+01  3.889096e+01
     vertex  7.177818e+01  6.096705e+01  3.746858e+01
     vertex  7.215838e+01  6.192732e+01  3.746858e+01
   endloop
 endfacet
 facet normal  3.048210e-01 -1.675768e-01  9.375512e-01
   outer loop
     vertex  6.831478e+01  6.289371e+01  3.889096e+01
     vertex  7.215838e+01  6.192732e+01  3.746858e+01
     vertex  6.928293e+01  6.465476e+01  3.889096e+01
   endloop
 endfacet
 facet normal  3.964392e-01 -3.722812e-01  8.391917e-01
   outer loop
     vertex  6.740063e+01  6.780076e+01  4.117579e+01
     vertex  6.928293e+01  6.465476e+01  3.889096e+01
     vertex  7.065862e+01  6.611972e+01  3.889096e+01
   endloop
 endfacet
 facet normal  3.575610e-01 -4.322171e-01  8.278518e-01
   outer loop
     vertex  6.740063e+01  6.780076e+01  4.117579e+01
     vertex  7.065862e+01  6.611972e+01  3.889096e+01
     vertex  6.961784e+01  6.963499e+01  4.117579e+01
   endloop
 endfacet
 facet normal  3.057130e-01 -6.496732e-01  6.960347e-01
   outer loop
     vertex  6.967175e+01  7.289959e+01  4.419926e+01
     vertex  6.961784e+01  6.963499e+01  4.117579e+01
     vertex  7.222154e+01  7.086020e+01  4.117579e+01
   endloop
 endfacet
 facet normal  2.294496e-01 -7.061733e-01  6.698300e-01
   outer loop
     vertex  6.967175e+01  7.289959e+01  4.419926e+01
     vertex  7.222154e+01  7.086020e+01  4.117579e+01
     vertex  7.308564e+01  7.400883e+01  4.419926e+01
   endloop
 endfacet
 facet normal  5.372100e-02 -8.538708e-01  5.177053e-01
   outer loop
     vertex  7.474016e+01  7.629457e+01  4.779753e+01
     vertex  7.308564e+01  7.400883e+01  4.419926e+01
     vertex  7.666812e+01  7.423422e+01  4.419926e+01
   endloop
 endfacet
 facet normal -5.530002e-02 -8.789686e-01  4.736625e-01
   outer loop
     vertex  7.474016e+01  7.629457e+01  4.779753e+01
     vertex  7.666812e+01  7.423422e+01  4.419926e+01
     vertex  7.883910e+01  7.603668e+01  4.779753e+01
   endloop
 endfacet
 facet normal -2.936052e-01 -9.036238e-01  3.118654e-01
   outer loop
     vertex  8.119562e+01  7.664395e+01  5.177560e+01
     vertex  7.883910e+01  7.603668e+01  4.779753e+01
     vertex  8.274514e+01  7.476754e+01  4.779753e+01
   endloop
 endfacet
 facet normal -4.119834e-01 -8.755092e-01  2.524941e-01
   outer loop
     vertex  8.119562e+01  7.664395e+01  5.177560e+01
     vertex  8.274514e+01  7.476754e+01  4.779753e+01
     vertex  8.517864e+01  7.476968e+01  5.177560e+01
   endloop
 endfacet
 facet normal -6.491023e-01 -7.326850e-01 -2.045456e-01
   outer loop
     vertex  8.710616e+01  7.364672e+01  5.591792e+01
     vertex  8.852888e+01  7.124670e+01  6.000000e+01
     vertex  8.545280e+01  7.397187e+01  6.000000e+01
   endloop
 endfacet
 facet normal -7.210711e-01 -6.771309e-01 -1.467999e-01
   outer loop
     vertex  8.710616e+01  7.364672e+01  5.591792e+01
     vertex  9.015811e+01  7.039673e+01  5.591792e+01
     vertex  8.852888e+01  7.124670e+01  6.000000e+01
   endloop
 endfacet
 facet normal -7.288164e-01 -6.844041e-01  2.043721e-02
   outer loop
     vertex  8.710616e+01  7.364672e+01  5.591792e+01
     vertex  8.857041e+01  7.196376e+01  5.177560e+01
     vertex  9.015811e+01  7.039673e+01  5.591792e+01
   endloop
 endfacet
 facet normal -6.349852e-01 -7.675652e-01  8.739236e-02
   outer loop
     vertex  8.710616e+01  7.364672e+01  5.591792e+01
     vertex  8.517864e+01  7.476968e+01  5.177560e+01
     vertex  8.857041e+01  7.196376e+01  5.177560e+01
   endloop
 endfacet
 facet normal  1.163808e-01  1.470231e-02  9.930958e-01
   outer loop
     vertex  7.177818e+01  5.891773e+01  3.746858e+01
     vertex  7.576895e+01  5.994239e+01  3.698573e+01
     vertex  7.164873e+01  5.994239e+01  3.746858e+01
   endloop
 endfacet
 facet normal  3.376835e-01 -4.265935e-02  9.402925e-01
   outer loop
     vertex  6.781500e+01  6.094721e+01  3.889096e+01
     vertex  7.164873e+01  5.994239e+01  3.746858e+01
     vertex  7.177818e+01  6.096705e+01  3.746858e+01
   endloop
 endfacet
 facet normal  3.369191e-01 -8.650613e-02  9.375512e-01
   outer loop
     vertex  6.781500e+01  6.094721e+01  3.889096e+01
     vertex  7.177818e+01  6.096705e+01  3.746858e+01
     vertex  6.831478e+01  6.289371e+01  3.889096e+01
   endloop
 endfacet
 facet normal  4.765669e-01 -2.619949e-01  8.391917e-01
   outer loop
     vertex  6.570924e+01  6.547276e+01  4.117579e+01
     vertex  6.831478e+01  6.289371e+01  3.889096e+01
     vertex  6.928293e+01  6.465476e+01  3.889096e+01
   endloop
 endfacet
 facet normal  4.538156e-01 -3.297163e-01  8.278518e-01
   outer loop
     vertex  6.570924e+01  6.547276e+01  4.117579e+01
     vertex  6.928293e+01  6.465476e+01  3.889096e+01
     vertex  6.740063e+01  6.780076e+01  4.117579e+01
   endloop
 endfacet
 facet normal  4.576756e-01 -5.532348e-01  6.960347e-01
   outer loop
     vertex  6.664098e+01  7.097621e+01  4.419926e+01
     vertex  6.740063e+01  6.780076e+01  4.117579e+01
     vertex  6.961784e+01  6.963499e+01  4.117579e+01
   endloop
 endfacet
 facet normal  3.978592e-01 -6.269258e-01  6.698300e-01
   outer loop
     vertex  6.664098e+01  7.097621e+01  4.419926e+01
     vertex  6.961784e+01  6.963499e+01  4.117579e+01
     vertex  6.967175e+01  7.289959e+01  4.419926e+01
   endloop
 endfacet
 facet normal  2.643823e-01 -8.136850e-01  5.177053e-01
   outer loop
     vertex  7.070586e+01  7.552498e+01  4.779753e+01
     vertex  6.967175e+01  7.289959e+01  4.419926e+01
     vertex  7.308564e+01  7.400883e+01  4.419926e+01
   endloop
 endfacet
 facet normal  1.650279e-01 -8.651067e-01  4.736625e-01
   outer loop
     vertex  7.070586e+01  7.552498e+01  4.779753e+01
     vertex  7.308564e+01  7.400883e+01  4.419926e+01
     vertex  7.474016e+01  7.629457e+01  4.779753e+01
   endloop
 endfacet
 facet normal -5.965892e-02 -9.482514e-01  3.118654e-01
   outer loop
     vertex  7.687162e+01  7.746880e+01  5.177560e+01
     vertex  7.474016e+01  7.629457e+01  4.779753e+01
     vertex  7.883910e+01  7.603668e+01  4.779753e+01
   endloop
 endfacet
 facet normal -1.813099e-01 -9.504596e-01  2.524941e-01
   outer loop
     vertex  7.687162e+01  7.746880e+01  5.177560e+01
     vertex  7.883910e+01  7.603668e+01  4.779753e+01
     vertex  8.119562e+01  7.664395e+01  5.177560e+01
   endloop
 endfacet
 facet normal -4.550453e-01 -8.670164e-01 -2.030179e-01
   outer loop
     vertex  8.334186e+01  7.603563e+01  5.591792e+01
     vertex  8.545280e+01  7.397187e+01  6.000000e+01
     vertex  8.181393e+01  7.588169e+01  6.000000e+01
   endloop
 endfacet
 facet normal -5.299162e-01 -8.350143e-01 -1.481211e-01
   outer loop
     vertex  8.334186e+01  7.603563e+01  5.591792e+01
     vertex  8.710616e+01  7.364672e+01  5.591792e+01
     vertex  8.545280e+01  7.397187e+01  6.000000e+01
   endloop
 endfacet
 facet normal -4.241502e-01 -9.013652e-01  8.739236e-02
   outer loop
     vertex  8.334186e+01  7.603563e+01  5.591792e+01
     vertex  8.119562e+01  7.664395e+01  5.177560e+01
     vertex  8.517864e+01  7.476968e+01  5.177560e+01
   endloop
 endfacet
 facet normal -5.357149e-01 -8.441516e-01  2.043721e-02
   outer loop
     vertex  8.334186e+01  7.603563e+01  5.591792e+01
     vertex  8.517864e+01  7.476968e+01  5.177560e+01
     vertex  8.710616e+01  7.364672e+01  5.591792e+01
   endloop
 endfacet
 facet normal  1.090681e-01  4.318312e-02  9.930958e-01
   outer loop
     vertex  7.215838e+01  5.795746e+01  3.746858e+01
     vertex  7.576895e+01  5.994239e+01  3.698573e+01
     vertex  7.177818e+01  5.891773e+01  3.746858e+01
   endloop
 endfacet
 facet normal  3.376835e-01  4.265935e-02  9.402925e-01
   outer loop
     vertex  6.781500e+01  5.893757e+01  3.889096e+01
     vertex  7.177818e+01  5.891773e+01  3.746858e+01
     vertex  7.164873e+01  5.994239e+01  3.746858e+01
   endloop
 endfacet
 facet normal  3.478474e-01 -0.000000e+00  9.375512e-01
   outer loop
     vertex  6.781500e+01  5.893757e+01  3.889096e+01
     vertex  7.164873e+01  5.994239e+01  3.746858e+01
     vertex  6.781500e+01  6.094721e+01  3.889096e+01
   endloop
 endfacet
 facet normal  5.267502e-01 -1.352465e-01  8.391917e-01
   outer loop
     vertex  6.464994e+01  6.279727e+01  4.117579e+01
     vertex  6.781500e+01  6.094721e+01  3.889096e+01
     vertex  6.831478e+01  6.289371e+01  3.889096e+01
   endloop
 endfacet
 facet normal  5.215553e-01 -2.064983e-01  8.278518e-01
   outer loop
     vertex  6.464994e+01  6.279727e+01  4.117579e+01
     vertex  6.831478e+01  6.289371e+01  3.889096e+01
     vertex  6.570924e+01  6.547276e+01  4.117579e+01
   endloop
 endfacet
 facet normal  5.808808e-01 -4.220346e-01  6.960347e-01
   outer loop
     vertex  6.418376e+01  6.835953e+01  4.419926e+01
     vertex  6.570924e+01  6.547276e+01  4.117579e+01
     vertex  6.740063e+01  6.780076e+01  4.117579e+01
   endloop
 endfacet
 facet normal  5.412698e-01 -5.082862e-01  6.698300e-01
   outer loop
     vertex  6.418376e+01  6.835953e+01  4.419926e+01
     vertex  6.740063e+01  6.780076e+01  4.117579e+01
     vertex  6.664098e+01  7.097621e+01  4.419926e+01
   endloop
 endfacet
 facet normal  4.584315e-01 -7.223724e-01  5.177053e-01
   outer loop
     vertex  6.698969e+01  7.377629e+01  4.779753e+01
     vertex  6.664098e+01  7.097621e+01  4.419926e+01
     vertex  6.967175e+01  7.289959e+01  4.419926e+01
   endloop
 endfacet
 facet normal  3.749866e-01 -7.968870e-01  4.736625e-01
   outer loop
     vertex  6.698969e+01  7.377629e+01  4.779753e+01
     vertex  6.967175e+01  7.289959e+01  4.419926e+01
     vertex  7.070586e+01  7.552498e+01  4.779753e+01
   endloop
 endfacet
 facet normal  1.780359e-01 -9.332969e-01  3.118654e-01
   outer loop
     vertex  7.247834e+01  7.719239e+01  5.177560e+01
     vertex  7.070586e+01  7.552498e+01  4.779753e+01
     vertex  7.474016e+01  7.629457e+01  4.779753e+01
   endloop
 endfacet
 facet normal  6.075601e-02 -9.656891e-01  2.524941e-01
   outer loop
     vertex  7.247834e+01  7.719239e+01  5.177560e+01
     vertex  7.474016e+01  7.629457e+01  4.779753e+01
     vertex  7.687162e+01  7.746880e+01  5.177560e+01
   endloop
 endfacet
 facet normal -2.344263e-01 -9.511049e-01 -2.011064e-01
   outer loop
     vertex  7.910171e+01  7.741333e+01  5.591792e+01
     vertex  8.181393e+01  7.588169e+01  6.000000e+01
     vertex  7.782375e+01  7.686519e+01  6.000000e+01
   endloop
 endfacet
 facet normal -1.866644e-01 -9.785290e-01  8.739236e-02
   outer loop
     vertex  7.910171e+01  7.741333e+01  5.591792e+01
     vertex  7.687162e+01  7.746880e+01  5.177560e+01
     vertex  8.119562e+01  7.664395e+01  5.177560e+01
   endloop
 endfacet
 facet normal -3.055293e-01 -9.403224e-01 -1.498184e-01
   outer loop
     vertex  7.910171e+01  7.741333e+01  5.591792e+01
     vertex  8.334186e+01  7.603563e+01  5.591792e+01
     vertex  8.181393e+01  7.588169e+01  6.000000e+01
   endloop
 endfacet
 facet normal -3.089525e-01 -9.508579e-01  2.043721e-02
   outer loop
     vertex  7.910171e+01  7.741333e+01  5.591792e+01
     vertex  8.119562e+01  7.664395e+01  5.177560e+01
     vertex  8.334186e+01  7.603563e+01  5.591792e+01
   endloop
 endfacet
 facet normal  9.490234e-02  6.895059e-02  9.930958e-01
   outer loop
     vertex  7.276544e+01  5.712190e+01  3.746858e+01
     vertex  7.576895e+01  5.994239e+01  3.698573e+01
     vertex  7.215838e+01  5.795746e+01  3.746858e+01
   endloop
 endfacet
 facet normal  3.369191e-01  8.650613e-02  9.375512e-01
   outer loop
     vertex  6.831478e+01  5.699107e+01  3.889096e+01
     vertex  7.177818e+01  5.891773e+01  3.746858e+01
     vertex  6.781500e+01  5.893757e+01  3.889096e+01
   endloop
 endfacet
 facet normal  3.164656e-01  1.252976e-01  9.402925e-01
   outer loop
     vertex  6.831478e+01  5.699107e+01  3.889096e+01
     vertex  7.215838e+01  5.795746e+01  3.746858e+01
     vertex  7.177818e+01  5.891773e+01  3.746858e+01
   endloop
 endfacet
 facet normal  5.438358e-01  0.000000e+00  8.391917e-01
   outer loop
     vertex  6.428928e+01  5.994239e+01  4.117579e+01
     vertex  6.781500e+01  5.893757e+01  3.889096e+01
     vertex  6.781500e+01  6.094721e+01  3.889096e+01
   endloop
 endfacet
 facet normal  5.565237e-01 -7.030529e-02  8.278518e-01
   outer loop
     vertex  6.428928e+01  5.994239e+01  4.117579e+01
     vertex  6.781500e+01  6.094721e+01  3.889096e+01
     vertex  6.464994e+01  6.279727e+01  4.117579e+01
   endloop
 endfacet
 facet normal  6.675871e-01 -2.643164e-01  6.960347e-01
   outer loop
     vertex  6.245447e+01  6.521397e+01  4.419926e+01
     vertex  6.464994e+01  6.279727e+01  4.117579e+01
     vertex  6.570924e+01  6.547276e+01  4.117579e+01
   endloop
 endfacet
 facet normal  6.506704e-01 -3.577091e-01  6.698300e-01
   outer loop
     vertex  6.245447e+01  6.521397e+01  4.419926e+01
     vertex  6.570924e+01  6.547276e+01  4.117579e+01
     vertex  6.418376e+01  6.835953e+01  4.419926e+01
   endloop
 endfacet
 facet normal  6.236757e-01 -5.856705e-01  5.177053e-01
   outer loop
     vertex  6.382516e+01  7.115836e+01  4.779753e+01
     vertex  6.418376e+01  6.835953e+01  4.419926e+01
     vertex  6.664098e+01  7.097621e+01  4.419926e+01
   endloop
 endfacet
 facet normal  5.613834e-01 -6.785960e-01  4.736625e-01
   outer loop
     vertex  6.382516e+01  7.115836e+01  4.779753e+01
     vertex  6.664098e+01  7.097621e+01  4.419926e+01
     vertex  6.698969e+01  7.377629e+01  4.779753e+01
   endloop
 endfacet
 facet normal  4.045441e-01 -8.597000e-01  3.118654e-01
   outer loop
     vertex  6.829182e+01  7.583211e+01  5.177560e+01
     vertex  6.698969e+01  7.377629e+01  4.779753e+01
     vertex  7.070586e+01  7.552498e+01  4.779753e+01
   endloop
 endfacet
 facet normal  2.990044e-01 -9.202408e-01  2.524941e-01
   outer loop
     vertex  6.829182e+01  7.583211e+01  5.177560e+01
     vertex  7.070586e+01  7.552498e+01  4.779753e+01
     vertex  7.247834e+01  7.719239e+01  5.177560e+01
   endloop
 endfacet
 facet normal  0.000000e+00 -9.800381e-01 -1.988100e-01
   outer loop
     vertex  7.465216e+01  7.769328e+01  5.591792e+01
     vertex  7.782375e+01  7.686519e+01  6.000000e+01
     vertex  7.371415e+01  7.686519e+01  6.000000e+01
   endloop
 endfacet
 facet normal -6.206198e-02 -9.864469e-01 -1.518908e-01
   outer loop
     vertex  7.465216e+01  7.769328e+01  5.591792e+01
     vertex  7.910171e+01  7.741333e+01  5.591792e+01
     vertex  7.782375e+01  7.686519e+01  6.000000e+01
   endloop
 endfacet
 facet normal  6.255028e-02 -9.942082e-01  8.739236e-02
   outer loop
     vertex  7.465216e+01  7.769328e+01  5.591792e+01
     vertex  7.247834e+01  7.719239e+01  5.177560e+01
     vertex  7.687162e+01  7.746880e+01  5.177560e+01
   endloop
 endfacet
 facet normal -6.277741e-02 -9.978183e-01  2.043721e-02
   outer loop
     vertex  7.465216e+01  7.769328e+01  5.591792e+01
     vertex  7.687162e+01  7.746880e+01  5.177560e+01
     vertex  7.910171e+01  7.741333e+01  5.591792e+01
   endloop
 endfacet
 facet normal  7.477349e-02  9.038563e-02  9.930958e-01
   outer loop
     vertex  7.356123e+01  5.646357e+01  3.746858e+01
     vertex  7.576895e+01  5.994239e+01  3.698573e+01
     vertex  7.276544e+01  5.712190e+01  3.746858e+01
   endloop
 endfacet
 facet normal  3.048210e-01  1.675768e-01  9.375512e-01
   outer loop
     vertex  6.928293e+01  5.523002e+01  3.889096e+01
     vertex  7.215838e+01  5.795746e+01  3.746858e+01
     vertex  6.831478e+01  5.699107e+01  3.889096e+01
   endloop
 endfacet
 facet normal  2.753630e-01  2.000629e-01  9.402925e-01
   outer loop
     vertex  6.928293e+01  5.523002e+01  3.889096e+01
     vertex  7.276544e+01  5.712190e+01  3.746858e+01
     vertex  7.215838e+01  5.795746e+01  3.746858e+01
   endloop
 endfacet
 facet normal  5.565237e-01  7.030529e-02  8.278518e-01
   outer loop
     vertex  6.464994e+01  5.708751e+01  4.117579e+01
     vertex  6.781500e+01  5.893757e+01  3.889096e+01
     vertex  6.428928e+01  5.994239e+01  4.117579e+01
   endloop
 endfacet
 facet normal  5.267502e-01  1.352465e-01  8.391917e-01
   outer loop
     vertex  6.464994e+01  5.708751e+01  4.117579e+01
     vertex  6.831478e+01  5.699107e+01  3.889096e+01
     vertex  6.781500e+01  5.893757e+01  3.889096e+01
   endloop
 endfacet
 facet normal  7.123464e-01 -8.999028e-02  6.960347e-01
   outer loop
     vertex  6.156178e+01  6.173717e+01  4.419926e+01
     vertex  6.428928e+01  5.994239e+01  4.117579e+01
     vertex  6.464994e+01  6.279727e+01  4.117579e+01
   endloop
 endfacet
 facet normal  7.191871e-01 -1.846559e-01  6.698300e-01
   outer loop
     vertex  6.156178e+01  6.173717e+01  4.419926e+01
     vertex  6.464994e+01  6.279727e+01  4.117579e+01
     vertex  6.245447e+01  6.521397e+01  4.419926e+01
   endloop
 endfacet
 facet normal  7.497321e-01 -4.121687e-01  5.177053e-01
   outer loop
     vertex  6.141110e+01  6.783569e+01  4.779753e+01
     vertex  6.245447e+01  6.521397e+01  4.419926e+01
     vertex  6.418376e+01  6.835953e+01  4.419926e+01
   endloop
 endfacet
 facet normal  7.125065e-01 -5.176663e-01  4.736625e-01
   outer loop
     vertex  6.141110e+01  6.783569e+01  4.779753e+01
     vertex  6.418376e+01  6.835953e+01  4.419926e+01
     vertex  6.382516e+01  7.115836e+01  4.779753e+01
   endloop
 endfacet
 facet normal  6.056333e-01 -7.320849e-01  3.118654e-01
   outer loop
     vertex  6.457511e+01  7.347342e+01  5.177560e+01
     vertex  6.382516e+01  7.115836e+01  4.779753e+01
     vertex  6.698969e+01  7.377629e+01  4.779753e+01
   endloop
 endfacet
 facet normal  5.184652e-01 -8.169704e-01  2.524941e-01
   outer loop
     vertex  6.457511e+01  7.347342e+01  5.177560e+01
     vertex  6.698969e+01  7.377629e+01  4.779753e+01
     vertex  6.829182e+01  7.583211e+01  5.177560e+01
   endloop
 endfacet
 facet normal  2.346678e-01 -9.520846e-01 -1.961272e-01
   outer loop
     vertex  7.027278e+01  7.685786e+01  5.591792e+01
     vertex  7.371415e+01  7.686519e+01  6.000000e+01
     vertex  6.972397e+01  7.588169e+01  6.000000e+01
   endloop
 endfacet
 facet normal  3.078347e-01 -9.474177e-01  8.739236e-02
   outer loop
     vertex  7.027278e+01  7.685786e+01  5.591792e+01
     vertex  6.829182e+01  7.583211e+01  5.177560e+01
     vertex  7.247834e+01  7.719239e+01  5.177560e+01
   endloop
 endfacet
 facet normal  1.873422e-01 -9.820821e-01  2.043721e-02
   outer loop
     vertex  7.027278e+01  7.685786e+01  5.591792e+01
     vertex  7.247834e+01  7.719239e+01  5.177560e+01
     vertex  7.465216e+01  7.769328e+01  5.591792e+01
   endloop
 endfacet
 facet normal  1.851362e-01 -9.705178e-01 -1.543368e-01
   outer loop
     vertex  7.027278e+01  7.685786e+01  5.591792e+01
     vertex  7.465216e+01  7.769328e+01  5.591792e+01
     vertex  7.371415e+01  7.686519e+01  6.000000e+01
   endloop
 endfacet
 facet normal  4.994636e-02  1.061414e-01  9.930958e-01
   outer loop
     vertex  7.449573e+01  5.602383e+01  3.746858e+01
     vertex  7.576895e+01  5.994239e+01  3.698573e+01
     vertex  7.356123e+01  5.646357e+01  3.746858e+01
   endloop
 endfacet
 facet normal  2.535698e-01  2.381179e-01  9.375512e-01
   outer loop
     vertex  7.065862e+01  5.376505e+01  3.889096e+01
     vertex  7.276544e+01  5.712190e+01  3.746858e+01
     vertex  6.928293e+01  5.523002e+01  3.889096e+01
   endloop
 endfacet
 facet normal  2.169583e-01  2.622576e-01  9.402925e-01
   outer loop
     vertex  7.065862e+01  5.376505e+01  3.889096e+01
     vertex  7.356123e+01  5.646357e+01  3.746858e+01
     vertex  7.276544e+01  5.712190e+01  3.746858e+01
   endloop
 endfacet
 facet normal  5.215553e-01  2.064983e-01  8.278518e-01
   outer loop
     vertex  6.570924e+01  5.441202e+01  4.117579e+01
     vertex  6.831478e+01  5.699107e+01  3.889096e+01
     vertex  6.464994e+01  5.708751e+01  4.117579e+01
   endloop
 endfacet
 facet normal  4.765669e-01  2.619949e-01  8.391917e-01
   outer loop
     vertex  6.570924e+01  5.441202e+01  4.117579e+01
     vertex  6.928293e+01  5.523002e+01  3.889096e+01
     vertex  6.831478e+01  5.699107e+01  3.889096e+01
   endloop
 endfacet
 facet normal  7.123464e-01  8.999028e-02  6.960347e-01
   outer loop
     vertex  6.156178e+01  5.814761e+01  4.419926e+01
     vertex  6.464994e+01  5.708751e+01  4.117579e+01
     vertex  6.428928e+01  5.994239e+01  4.117579e+01
   endloop
 endfacet
 facet normal  7.425145e-01 -0.000000e+00  6.698300e-01
   outer loop
     vertex  6.156178e+01  5.814761e+01  4.419926e+01
     vertex  6.428928e+01  5.994239e+01  4.117579e+01
     vertex  6.156178e+01  6.173717e+01  4.419926e+01
   endloop
 endfacet
 facet normal  8.286801e-01 -2.127689e-01  5.177053e-01
   outer loop
     vertex  5.989919e+01  6.401705e+01  4.779753e+01
     vertex  6.156178e+01  6.173717e+01  4.419926e+01
     vertex  6.245447e+01  6.521397e+01  4.419926e+01
   endloop
 endfacet
 facet normal  8.188601e-01 -3.242097e-01  4.736625e-01
   outer loop
     vertex  5.989919e+01  6.401705e+01  4.779753e+01
     vertex  6.245447e+01  6.521397e+01  4.419926e+01
     vertex  6.141110e+01  6.783569e+01  4.779753e+01
   endloop
 endfacet
 facet normal  7.053489e-01 -6.623667e-01  2.524941e-01
   outer loop
     vertex  6.156176e+01  7.026452e+01  5.177560e+01
     vertex  6.382516e+01  7.115836e+01  4.779753e+01
     vertex  6.457511e+01  7.347342e+01  5.177560e+01
   endloop
 endfacet
 facet normal  7.686683e-01 -5.584702e-01  3.118654e-01
   outer loop
     vertex  6.156176e+01  7.026452e+01  5.177560e+01
     vertex  6.141110e+01  6.783569e+01  4.779753e+01
     vertex  6.382516e+01  7.115836e+01  4.779753e+01
   endloop
 endfacet
 facet normal  5.337767e-01 -8.410975e-01  8.739236e-02
   outer loop
     vertex  6.623875e+01  7.495959e+01  5.591792e+01
     vertex  6.457511e+01  7.347342e+01  5.177560e+01
     vertex  6.829182e+01  7.583211e+01  5.177560e+01
   endloop
 endfacet
 facet normal  4.559806e-01 -8.687985e-01 -1.930565e-01
   outer loop
     vertex  6.623875e+01  7.495959e+01  5.591792e+01
     vertex  6.972397e+01  7.588169e+01  6.000000e+01
     vertex  6.608510e+01  7.397187e+01  6.000000e+01
   endloop
 endfacet
 facet normal  4.204885e-01 -8.935836e-01 -1.571551e-01
   outer loop
     vertex  6.623875e+01  7.495959e+01  5.591792e+01
     vertex  7.027278e+01  7.685786e+01  5.591792e+01
     vertex  6.972397e+01  7.588169e+01  6.000000e+01
   endloop
 endfacet
 facet normal  4.256904e-01 -9.046381e-01  2.043721e-02
   outer loop
     vertex  6.623875e+01  7.495959e+01  5.591792e+01
     vertex  6.829182e+01  7.583211e+01  5.177560e+01
     vertex  7.027278e+01  7.685786e+01  5.591792e+01
   endloop
 endfacet
 facet normal  2.198090e-02  1.152279e-01  9.930958e-01
   outer loop
     vertex  7.551024e+01  5.583030e+01  3.746858e+01
     vertex  7.576895e+01  5.994239e+01  3.698573e+01
     vertex  7.449573e+01  5.602383e+01  3.746858e+01
   endloop
 endfacet
 facet normal  1.449214e-01  3.079736e-01  9.402925e-01
   outer loop
     vertex  7.235541e+01  5.268824e+01  3.889096e+01
     vertex  7.449573e+01  5.602383e+01  3.746858e+01
     vertex  7.356123e+01  5.646357e+01  3.746858e+01
   endloop
 endfacet
 facet normal  1.863860e-01  2.936973e-01  9.375512e-01
   outer loop
     vertex  7.235541e+01  5.268824e+01  3.889096e+01
     vertex  7.356123e+01  5.646357e+01  3.746858e+01
     vertex  7.065862e+01  5.376505e+01  3.889096e+01
   endloop
 endfacet
 facet normal  3.964392e-01  3.722812e-01  8.391917e-01
   outer loop
     vertex  6.740063e+01  5.208402e+01  4.117579e+01
     vertex  7.065862e+01  5.376505e+01  3.889096e+01
     vertex  6.928293e+01  5.523002e+01  3.889096e+01
   endloop
 endfacet
 facet normal  4.538156e-01  3.297163e-01  8.278518e-01
   outer loop
     vertex  6.740063e+01  5.208402e+01  4.117579e+01
     vertex  6.928293e+01  5.523002e+01  3.889096e+01
     vertex  6.570924e+01  5.441202e+01  4.117579e+01
   endloop
 endfacet
 facet normal  7.191871e-01  1.846559e-01  6.698300e-01
   outer loop
     vertex  6.245447e+01  5.467081e+01  4.419926e+01
     vertex  6.464994e+01  5.708751e+01  4.117579e+01
     vertex  6.156178e+01  5.814761e+01  4.419926e+01
   endloop
 endfacet
 facet normal  6.675871e-01  2.643164e-01  6.960347e-01
   outer loop
     vertex  6.245447e+01  5.467081e+01  4.419926e+01
     vertex  6.570924e+01  5.441202e+01  4.117579e+01
     vertex  6.464994e+01  5.708751e+01  4.117579e+01
   endloop
 endfacet
 facet normal  8.555590e-01  0.000000e+00  5.177053e-01
   outer loop
     vertex  5.938444e+01  5.994239e+01  4.779753e+01
     vertex  6.156178e+01  5.814761e+01  4.419926e+01
     vertex  6.156178e+01  6.173717e+01  4.419926e+01
   endloop
 endfacet
 facet normal  8.737618e-01 -1.103818e-01  4.736625e-01
   outer loop
     vertex  5.938444e+01  5.994239e+01  4.779753e+01
     vertex  6.156178e+01  6.173717e+01  4.419926e+01
     vertex  5.989919e+01  6.401705e+01  4.779753e+01
   endloop
 endfacet
 facet normal  8.834051e-01 -3.497648e-01  3.118654e-01
   outer loop
     vertex  5.944109e+01  6.640705e+01  5.177560e+01
     vertex  5.989919e+01  6.401705e+01  4.779753e+01
     vertex  6.141110e+01  6.783569e+01  4.779753e+01
   endloop
 endfacet
 facet normal  8.479130e-01 -4.661441e-01  2.524941e-01
   outer loop
     vertex  5.944109e+01  6.640705e+01  5.177560e+01
     vertex  6.141110e+01  6.783569e+01  4.779753e+01
     vertex  6.156176e+01  7.026452e+01  5.177560e+01
   endloop
 endfacet
 facet normal  6.510951e-01 -7.349344e-01 -1.895961e-01
   outer loop
     vertex  6.280353e+01  7.211773e+01  5.591792e+01
     vertex  6.608510e+01  7.397187e+01  6.000000e+01
     vertex  6.300902e+01  7.124670e+01  6.000000e+01
   endloop
 endfacet
 facet normal  6.372909e-01 -7.703523e-01  2.043721e-02
   outer loop
     vertex  6.280353e+01  7.211773e+01  5.591792e+01
     vertex  6.457511e+01  7.347342e+01  5.177560e+01
     vertex  6.623875e+01  7.495959e+01  5.591792e+01
   endloop
 endfacet
 facet normal  7.261796e-01 -6.819280e-01  8.739236e-02
   outer loop
     vertex  6.280353e+01  7.211773e+01  5.591792e+01
     vertex  6.156176e+01  7.026452e+01  5.177560e+01
     vertex  6.457511e+01  7.347342e+01  5.177560e+01
   endloop
 endfacet
 facet normal  6.291765e-01 -7.605438e-01 -1.603437e-01
   outer loop
     vertex  6.280353e+01  7.211773e+01  5.591792e+01
     vertex  6.623875e+01  7.495959e+01  5.591792e+01
     vertex  6.608510e+01  7.397187e+01  6.000000e+01
   endloop
 endfacet
 facet normal -7.365689e-03  1.170743e-01  9.930958e-01
   outer loop
     vertex  7.654100e+01  5.589515e+01  3.746858e+01
     vertex  7.576895e+01  5.994239e+01  3.698573e+01
     vertex  7.551024e+01  5.583030e+01  3.746858e+01
   endloop
 endfacet
 facet normal  6.377849e-02  3.343386e-01  9.402925e-01
   outer loop
     vertex  7.426668e+01  5.206723e+01  3.889096e+01
     vertex  7.551024e+01  5.583030e+01  3.746858e+01
     vertex  7.449573e+01  5.602383e+01  3.746858e+01
   endloop
 endfacet
 facet normal  1.074908e-01  3.308225e-01  9.375512e-01
   outer loop
     vertex  7.426668e+01  5.206723e+01  3.889096e+01
     vertex  7.449573e+01  5.602383e+01  3.746858e+01
     vertex  7.235541e+01  5.268824e+01  3.889096e+01
   endloop
 endfacet
 facet normal  2.914018e-01  4.591757e-01  8.391917e-01
   outer loop
     vertex  6.961784e+01  5.024978e+01  4.117579e+01
     vertex  7.235541e+01  5.268824e+01  3.889096e+01
     vertex  7.065862e+01  5.376505e+01  3.889096e+01
   endloop
 endfacet
 facet normal  3.575610e-01  4.322171e-01  8.278518e-01
   outer loop
     vertex  6.961784e+01  5.024978e+01  4.117579e+01
     vertex  7.065862e+01  5.376505e+01  3.889096e+01
     vertex  6.740063e+01  5.208402e+01  4.117579e+01
   endloop
 endfacet
 facet normal  5.808808e-01  4.220346e-01  6.960347e-01
   outer loop
     vertex  6.418376e+01  5.152525e+01  4.419926e+01
     vertex  6.740063e+01  5.208402e+01  4.117579e+01
     vertex  6.570924e+01  5.441202e+01  4.117579e+01
   endloop
 endfacet
 facet normal  6.506704e-01  3.577091e-01  6.698300e-01
   outer loop
     vertex  6.418376e+01  5.152525e+01  4.419926e+01
     vertex  6.570924e+01  5.441202e+01  4.117579e+01
     vertex  6.245447e+01  5.467081e+01  4.419926e+01
   endloop
 endfacet
 facet normal  8.737618e-01  1.103818e-01  4.736625e-01
   outer loop
     vertex  5.989919e+01  5.586773e+01  4.779753e+01
     vertex  6.156178e+01  5.814761e+01  4.419926e+01
     vertex  5.938444e+01  5.994239e+01  4.779753e+01
   endloop
 endfacet
 facet normal  8.286801e-01  2.127689e-01  5.177053e-01
   outer loop
     vertex  5.989919e+01  5.586773e+01  4.779753e+01
     vertex  6.245447e+01  5.467081e+01  4.419926e+01
     vertex  6.156178e+01  5.814761e+01  4.419926e+01
   endloop
 endfacet
 facet normal  9.426343e-01 -1.190824e-01  3.118654e-01
   outer loop
     vertex  5.834637e+01  6.214337e+01  5.177560e+01
     vertex  5.938444e+01  5.994239e+01  4.779753e+01
     vertex  5.989919e+01  6.401705e+01  4.779753e+01
   endloop
 endfacet
 facet normal  9.371996e-01 -2.406319e-01  2.524941e-01
   outer loop
     vertex  5.834637e+01  6.214337e+01  5.177560e+01
     vertex  5.989919e+01  6.401705e+01  4.779753e+01
     vertex  5.944109e+01  6.640705e+01  5.177560e+01
   endloop
 endfacet
 facet normal  8.086624e-01 -5.581794e-01 -1.857440e-01
   outer loop
     vertex  6.018298e+01  6.851085e+01  5.591792e+01
     vertex  6.300902e+01  7.124670e+01  6.000000e+01
     vertex  6.067450e+01  6.786457e+01  6.000000e+01
   endloop
 endfacet
 facet normal  8.729539e-01 -4.799105e-01  8.739236e-02
   outer loop
     vertex  6.018298e+01  6.851085e+01  5.591792e+01
     vertex  5.944109e+01  6.640705e+01  5.177560e+01
     vertex  6.156176e+01  7.026452e+01  5.177560e+01
   endloop
 endfacet
 facet normal  7.980766e-01 -5.798366e-01 -1.639005e-01
   outer loop
     vertex  6.018298e+01  6.851085e+01  5.591792e+01
     vertex  6.280353e+01  7.211773e+01  5.591792e+01
     vertex  6.300902e+01  7.124670e+01  6.000000e+01
   endloop
 endfacet
 facet normal  8.088480e-01 -5.876625e-01  2.043721e-02
   outer loop
     vertex  6.018298e+01  6.851085e+01  5.591792e+01
     vertex  6.156176e+01  7.026452e+01  5.177560e+01
     vertex  6.280353e+01  7.211773e+01  5.591792e+01
   endloop
 endfacet
 facet normal -3.624947e-02  1.115644e-01  9.930958e-01
   outer loop
     vertex  7.752326e+01  5.621430e+01  3.746858e+01
     vertex  7.576895e+01  5.994239e+01  3.698573e+01
     vertex  7.654100e+01  5.589515e+01  3.746858e+01
   endloop
 endfacet
 facet normal  2.184152e-02  3.471610e-01  9.375512e-01
   outer loop
     vertex  7.627235e+01  5.194104e+01  3.889096e+01
     vertex  7.551024e+01  5.583030e+01  3.746858e+01
     vertex  7.426668e+01  5.206723e+01  3.889096e+01
   endloop
 endfacet
 facet normal -2.137185e-02  3.396958e-01  9.402925e-01
   outer loop
     vertex  7.627235e+01  5.194104e+01  3.889096e+01
     vertex  7.654100e+01  5.589515e+01  3.746858e+01
     vertex  7.551024e+01  5.583030e+01  3.746858e+01
   endloop
 endfacet
 facet normal  2.388396e-01  5.075600e-01  8.278518e-01
   outer loop
     vertex  7.222154e+01  4.902458e+01  4.117579e+01
     vertex  7.235541e+01  5.268824e+01  3.889096e+01
     vertex  6.961784e+01  5.024978e+01  4.117579e+01
   endloop
 endfacet
 facet normal  1.680545e-01  5.172185e-01  8.391917e-01
   outer loop
     vertex  7.222154e+01  4.902458e+01  4.117579e+01
     vertex  7.426668e+01  5.206723e+01  3.889096e+01
     vertex  7.235541e+01  5.268824e+01  3.889096e+01
   endloop
 endfacet
 facet normal  4.576756e-01  5.532348e-01  6.960347e-01
   outer loop
     vertex  6.664098e+01  4.890857e+01  4.419926e+01
     vertex  6.961784e+01  5.024978e+01  4.117579e+01
     vertex  6.740063e+01  5.208402e+01  4.117579e+01
   endloop
 endfacet
 facet normal  5.412698e-01  5.082862e-01  6.698300e-01
   outer loop
     vertex  6.664098e+01  4.890857e+01  4.419926e+01
     vertex  6.740063e+01  5.208402e+01  4.117579e+01
     vertex  6.418376e+01  5.152525e+01  4.419926e+01
   endloop
 endfacet
 facet normal  7.497321e-01  4.121687e-01  5.177053e-01
   outer loop
     vertex  6.141110e+01  5.204909e+01  4.779753e+01
     vertex  6.418376e+01  5.152525e+01  4.419926e+01
     vertex  6.245447e+01  5.467081e+01  4.419926e+01
   endloop
 endfacet
 facet normal  8.188601e-01  3.242097e-01  4.736625e-01
   outer loop
     vertex  6.141110e+01  5.204909e+01  4.779753e+01
     vertex  6.245447e+01  5.467081e+01  4.419926e+01
     vertex  5.989919e+01  5.586773e+01  4.779753e+01
   endloop
 endfacet
 facet normal  9.426343e-01  1.190824e-01  3.118654e-01
   outer loop
     vertex  5.834637e+01  5.774140e+01  5.177560e+01
     vertex  5.989919e+01  5.586773e+01  4.779753e+01
     vertex  5.938444e+01  5.994239e+01  4.779753e+01
   endloop
 endfacet
 facet normal  9.675984e-01 -1.561847e-15  2.524941e-01
   outer loop
     vertex  5.834637e+01  5.774140e+01  5.177560e+01
     vertex  5.938444e+01  5.994239e+01  4.779753e+01
     vertex  5.834637e+01  6.214337e+01  5.177560e+01
   endloop
 endfacet
 facet normal  9.194868e-01 -3.487153e-01 -1.814983e-01
   outer loop
     vertex  5.854175e+01  6.436558e+01  5.591792e+01
     vertex  6.067450e+01  6.786457e+01  6.000000e+01
     vertex  5.921722e+01  6.402202e+01  6.000000e+01
   endloop
 endfacet
 facet normal  9.165896e-01 -3.629035e-01 -1.678231e-01
   outer loop
     vertex  5.854175e+01  6.436558e+01  5.591792e+01
     vertex  6.018298e+01  6.851085e+01  5.591792e+01
     vertex  6.067450e+01  6.786457e+01  6.000000e+01
   endloop
 endfacet
 facet normal  9.648773e-01 -2.477384e-01  8.739236e-02
   outer loop
     vertex  5.854175e+01  6.436558e+01  5.591792e+01
     vertex  5.834637e+01  6.214337e+01  5.177560e+01
     vertex  5.944109e+01  6.640705e+01  5.177560e+01
   endloop
 endfacet
 facet normal  9.295823e-01 -3.680477e-01  2.043721e-02
   outer loop
     vertex  5.854175e+01  6.436558e+01  5.591792e+01
     vertex  5.944109e+01  6.640705e+01  5.177560e+01
     vertex  6.018298e+01  6.851085e+01  5.591792e+01
   endloop
 endfacet
 facet normal -6.285556e-02  9.904451e-02  9.930958e-01
   outer loop
     vertex  7.839528e+01  5.676770e+01  3.746858e+01
     vertex  7.576895e+01  5.994239e+01  3.698573e+01
     vertex  7.752326e+01  5.621430e+01  3.746858e+01
   endloop
 endfacet
 facet normal -1.051793e-01  3.237086e-01  9.402925e-01
   outer loop
     vertex  7.824639e+01  5.231761e+01  3.889096e+01
     vertex  7.752326e+01  5.621430e+01  3.746858e+01
     vertex  7.654100e+01  5.589515e+01  3.746858e+01
   endloop
 endfacet
 facet normal -6.518010e-02  3.416861e-01  9.375512e-01
   outer loop
     vertex  7.824639e+01  5.231761e+01  3.889096e+01
     vertex  7.654100e+01  5.589515e+01  3.746858e+01
     vertex  7.627235e+01  5.194104e+01  3.889096e+01
   endloop
 endfacet
 facet normal  1.051110e-01  5.510110e-01  8.278518e-01
   outer loop
     vertex  7.504814e+01  4.848537e+01  4.117579e+01
     vertex  7.426668e+01  5.206723e+01  3.889096e+01
     vertex  7.222154e+01  4.902458e+01  4.117579e+01
   endloop
 endfacet
 facet normal  3.414773e-02  5.427626e-01  8.391917e-01
   outer loop
     vertex  7.504814e+01  4.848537e+01  4.117579e+01
     vertex  7.627235e+01  5.194104e+01  3.889096e+01
     vertex  7.426668e+01  5.206723e+01  3.889096e+01
   endloop
 endfacet
 facet normal  3.057130e-01  6.496732e-01  6.960347e-01
   outer loop
     vertex  6.967175e+01  4.698518e+01  4.419926e+01
     vertex  7.222154e+01  4.902458e+01  4.117579e+01
     vertex  6.961784e+01  5.024978e+01  4.117579e+01
   endloop
 endfacet
 facet normal  3.978592e-01  6.269258e-01  6.698300e-01
   outer loop
     vertex  6.967175e+01  4.698518e+01  4.419926e+01
     vertex  6.961784e+01  5.024978e+01  4.117579e+01
     vertex  6.664098e+01  4.890857e+01  4.419926e+01
   endloop
 endfacet
 facet normal  7.125065e-01  5.176663e-01  4.736625e-01
   outer loop
     vertex  6.382516e+01  4.872642e+01  4.779753e+01
     vertex  6.418376e+01  5.152525e+01  4.419926e+01
     vertex  6.141110e+01  5.204909e+01  4.779753e+01
   endloop
 endfacet
 facet normal  6.236757e-01  5.856705e-01  5.177053e-01
   outer loop
     vertex  6.382516e+01  4.872642e+01  4.779753e+01
     vertex  6.664098e+01  4.890857e+01  4.419926e+01
     vertex  6.418376e+01  5.152525e+01  4.419926e+01
   endloop
 endfacet
 facet normal  8.834051e-01  3.497648e-01  3.118654e-01
   outer loop
     vertex  5.944109e+01  5.347773e+01  5.177560e+01
     vertex  6.141110e+01  5.204909e+01  4.779753e+01
     vertex  5.989919e+01  5.586773e+01  4.779753e+01
   endloop
 endfacet
 facet normal  9.371996e-01  2.406319e-01  2.524941e-01
   outer loop
     vertex  5.944109e+01  5.347773e+01  5.177560e+01
     vertex  5.989919e+01  5.586773e+01  4.779753e+01
     vertex  5.834637e+01  5.774140e+01  5.177560e+01
   endloop
 endfacet
 facet normal  9.770604e-01 -1.186366e-01 -1.768566e-01
   outer loop
     vertex  5.798297e+01  5.994239e+01  5.591792e+01
     vertex  5.921722e+01  6.402202e+01  6.000000e+01
     vertex  5.872186e+01  5.994239e+01  6.000000e+01
   endloop
 endfacet
 facet normal  9.770604e-01  1.186366e-01 -1.768566e-01
   outer loop
     vertex  5.798297e+01  5.994239e+01  5.591792e+01
     vertex  5.872186e+01  5.994239e+01  6.000000e+01
     vertex  5.921722e+01  5.586275e+01  6.000000e+01
   endloop
 endfacet
 facet normal  9.961740e-01 -1.601251e-15  8.739236e-02
   outer loop
     vertex  5.798297e+01  5.994239e+01  5.591792e+01
     vertex  5.834637e+01  5.774140e+01  5.177560e+01
     vertex  5.834637e+01  6.214337e+01  5.177560e+01
   endloop
 endfacet
 facet normal  9.919075e-01 -1.253071e-01  2.043721e-02
   outer loop
     vertex  5.798297e+01  5.994239e+01  5.591792e+01
     vertex  5.834637e+01  6.214337e+01  5.177560e+01
     vertex  5.854175e+01  6.436558e+01  5.591792e+01
   endloop
 endfacet
 facet normal  9.773103e-01 -1.234630e-01 -1.721086e-01
   outer loop
     vertex  5.798297e+01  5.994239e+01  5.591792e+01
     vertex  5.854175e+01  6.436558e+01  5.591792e+01
     vertex  5.921722e+01  6.402202e+01  6.000000e+01
   endloop
 endfacet
 facet normal -8.551221e-02  8.030131e-02  9.930958e-01
   outer loop
     vertex  7.910228e+01  5.752058e+01  3.746858e+01
     vertex  7.576895e+01  5.994239e+01  3.698573e+01
     vertex  7.839528e+01  5.676770e+01  3.746858e+01
   endloop
 endfacet
 facet normal -1.823780e-01  2.873817e-01  9.402925e-01
   outer loop
     vertex  8.006477e+01  5.317327e+01  3.889096e+01
     vertex  7.839528e+01  5.676770e+01  3.746858e+01
     vertex  7.752326e+01  5.621430e+01  3.746858e+01
   endloop
 endfacet
 facet normal -1.481062e-01  3.147417e-01  9.375512e-01
   outer loop
     vertex  8.006477e+01  5.317327e+01  3.889096e+01
     vertex  7.752326e+01  5.621430e+01  3.746858e+01
     vertex  7.824639e+01  5.231761e+01  3.889096e+01
   endloop
 endfacet
 facet normal -1.019047e-01  5.342029e-01  8.391917e-01
   outer loop
     vertex  7.792003e+01  4.866606e+01  4.117579e+01
     vertex  7.824639e+01  5.231761e+01  3.889096e+01
     vertex  7.627235e+01  5.194104e+01  3.889096e+01
   endloop
 endfacet
 facet normal -3.522215e-02  5.598400e-01  8.278518e-01
   outer loop
     vertex  7.792003e+01  4.866606e+01  4.117579e+01
     vertex  7.627235e+01  5.194104e+01  3.889096e+01
     vertex  7.504814e+01  4.848537e+01  4.117579e+01
   endloop
 endfacet
 facet normal  1.345413e-01  7.052902e-01  6.960347e-01
   outer loop
     vertex  7.308564e+01  4.587595e+01  4.419926e+01
     vertex  7.504814e+01  4.848537e+01  4.117579e+01
     vertex  7.222154e+01  4.902458e+01  4.117579e+01
   endloop
 endfacet
 facet normal  2.294496e-01  7.061733e-01  6.698300e-01
   outer loop
     vertex  7.308564e+01  4.587595e+01  4.419926e+01
     vertex  7.222154e+01  4.902458e+01  4.117579e+01
     vertex  6.967175e+01  4.698518e+01  4.419926e+01
   endloop
 endfacet
 facet normal  5.613834e-01  6.785960e-01  4.736625e-01
   outer loop
     vertex  6.698969e+01  4.610849e+01  4.779753e+01
     vertex  6.664098e+01  4.890857e+01  4.419926e+01
     vertex  6.382516e+01  4.872642e+01  4.779753e+01
   endloop
 endfacet
 facet normal  4.584315e-01  7.223724e-01  5.177053e-01
   outer loop
     vertex  6.698969e+01  4.610849e+01  4.779753e+01
     vertex  6.967175e+01  4.698518e+01  4.419926e+01
     vertex  6.664098e+01  4.890857e+01  4.419926e+01
   endloop
 endfacet
 facet normal  7.686683e-01  5.584702e-01  3.118654e-01
   outer loop
     vertex  6.156176e+01  4.962026e+01  5.177560e+01
     vertex  6.382516e+01  4.872642e+01  4.779753e+01
     vertex  6.141110e+01  5.204909e+01  4.779753e+01
   endloop
 endfacet
 facet normal  8.479130e-01  4.661441e-01  2.524941e-01
   outer loop
     vertex  6.156176e+01  4.962026e+01  5.177560e+01
     vertex  6.141110e+01  5.204909e+01  4.779753e+01
     vertex  5.944109e+01  5.347773e+01  5.177560e+01
   endloop
 endfacet
 facet normal  9.194868e-01  3.487153e-01 -1.814983e-01
   outer loop
     vertex  5.854175e+01  5.551919e+01  5.591792e+01
     vertex  5.921722e+01  5.586275e+01  6.000000e+01
     vertex  6.067450e+01  5.202021e+01  6.000000e+01
   endloop
 endfacet
 facet normal  9.919075e-01  1.253071e-01  2.043721e-02
   outer loop
     vertex  5.854175e+01  5.551919e+01  5.591792e+01
     vertex  5.834637e+01  5.774140e+01  5.177560e+01
     vertex  5.798297e+01  5.994239e+01  5.591792e+01
   endloop
 endfacet
 facet normal  9.648773e-01  2.477384e-01  8.739236e-02
   outer loop
     vertex  5.854175e+01  5.551919e+01  5.591792e+01
     vertex  5.944109e+01  5.347773e+01  5.177560e+01
     vertex  5.834637e+01  5.774140e+01  5.177560e+01
   endloop
 endfacet
 facet normal  9.773103e-01  1.234630e-01 -1.721086e-01
   outer loop
     vertex  5.854175e+01  5.551919e+01  5.591792e+01
     vertex  5.798297e+01  5.994239e+01  5.591792e+01
     vertex  5.921722e+01  5.586275e+01  6.000000e+01
   endloop
 endfacet
 facet normal -1.027958e-01  5.651247e-02  9.930958e-01
   outer loop
     vertex  7.959984e+01  5.842563e+01  3.746858e+01
     vertex  7.576895e+01  5.994239e+01  3.698573e+01
     vertex  7.910228e+01  5.752058e+01  3.746858e+01
   endloop
 endfacet
 facet normal -2.217263e-01  2.680210e-01  9.375512e-01
   outer loop
     vertex  8.161322e+01  5.445426e+01  3.889096e+01
     vertex  7.839528e+01  5.676770e+01  3.746858e+01
     vertex  8.006477e+01  5.317327e+01  3.889096e+01
   endloop
 endfacet
 facet normal -2.481172e-01  2.329975e-01  9.402925e-01
   outer loop
     vertex  8.161322e+01  5.445426e+01  3.889096e+01
     vertex  7.910228e+01  5.752058e+01  3.746858e+01
     vertex  7.839528e+01  5.676770e+01  3.746858e+01
   endloop
 endfacet
 facet normal -1.733421e-01  5.334923e-01  8.278518e-01
   outer loop
     vertex  8.065676e+01  4.955527e+01  4.117579e+01
     vertex  7.824639e+01  5.231761e+01  3.889096e+01
     vertex  7.792003e+01  4.866606e+01  4.117579e+01
   endloop
 endfacet
 facet normal -2.315540e-01  4.920773e-01  8.391917e-01
   outer loop
     vertex  8.065676e+01  4.955527e+01  4.117579e+01
     vertex  8.006477e+01  5.317327e+01  3.889096e+01
     vertex  7.824639e+01  5.231761e+01  3.889096e+01
   endloop
 endfacet
 facet normal -4.508410e-02  7.165913e-01  6.960347e-01
   outer loop
     vertex  7.666812e+01  4.565056e+01  4.419926e+01
     vertex  7.792003e+01  4.866606e+01  4.117579e+01
     vertex  7.504814e+01  4.848537e+01  4.117579e+01
   endloop
 endfacet
 facet normal  4.662287e-02  7.410494e-01  6.698300e-01
   outer loop
     vertex  7.666812e+01  4.565056e+01  4.419926e+01
     vertex  7.504814e+01  4.848537e+01  4.117579e+01
     vertex  7.308564e+01  4.587595e+01  4.419926e+01
   endloop
 endfacet
 facet normal  2.643823e-01  8.136850e-01  5.177053e-01
   outer loop
     vertex  7.070586e+01  4.435979e+01  4.779753e+01
     vertex  7.308564e+01  4.587595e+01  4.419926e+01
     vertex  6.967175e+01  4.698518e+01  4.419926e+01
   endloop
 endfacet
 facet normal  3.749866e-01  7.968870e-01  4.736625e-01
   outer loop
     vertex  7.070586e+01  4.435979e+01  4.779753e+01
     vertex  6.967175e+01  4.698518e+01  4.419926e+01
     vertex  6.698969e+01  4.610849e+01  4.779753e+01
   endloop
 endfacet
 facet normal  7.053489e-01  6.623667e-01  2.524941e-01
   outer loop
     vertex  6.457511e+01  4.641136e+01  5.177560e+01
     vertex  6.382516e+01  4.872642e+01  4.779753e+01
     vertex  6.156176e+01  4.962026e+01  5.177560e+01
   endloop
 endfacet
 facet normal  6.056333e-01  7.320849e-01  3.118654e-01
   outer loop
     vertex  6.457511e+01  4.641136e+01  5.177560e+01
     vertex  6.698969e+01  4.610849e+01  4.779753e+01
     vertex  6.382516e+01  4.872642e+01  4.779753e+01
   endloop
 endfacet
 facet normal  9.165896e-01  3.629035e-01 -1.678231e-01
   outer loop
     vertex  6.018298e+01  5.137393e+01  5.591792e+01
     vertex  5.854175e+01  5.551919e+01  5.591792e+01
     vertex  6.067450e+01  5.202021e+01  6.000000e+01
   endloop
 endfacet
 facet normal  8.086624e-01  5.581794e-01 -1.857440e-01
   outer loop
     vertex  6.018298e+01  5.137393e+01  5.591792e+01
     vertex  6.067450e+01  5.202021e+01  6.000000e+01
     vertex  6.300902e+01  4.863808e+01  6.000000e+01
   endloop
 endfacet
 facet normal  8.729539e-01  4.799105e-01  8.739236e-02
   outer loop
     vertex  6.018298e+01  5.137393e+01  5.591792e+01
     vertex  6.156176e+01  4.962026e+01  5.177560e+01
     vertex  5.944109e+01  5.347773e+01  5.177560e+01
   endloop
 endfacet
 facet normal  9.295823e-01  3.680477e-01  2.043721e-02
   outer loop
     vertex  6.018298e+01  5.137393e+01  5.591792e+01
     vertex  5.944109e+01  5.347773e+01  5.177560e+01
     vertex  5.854175e+01  5.551919e+01  5.591792e+01
   endloop
 endfacet
 facet normal -1.163902e-01  7.322651e-03  9.931766e-01
   outer loop
     vertex  7.985668e+01  5.942599e+01  3.746858e+01
     vertex  7.988917e+01  5.994239e+01  3.746858e+01
     vertex  7.576895e+01  5.994239e+01  3.698573e+01
   endloop
 endfacet
 facet normal -3.427929e-01  2.156670e-02  9.391634e-01
   outer loop
     vertex  7.985668e+01  5.942599e+01  3.746858e+01
     vertex  8.378612e+01  5.994239e+01  3.889096e+01
     vertex  7.988917e+01  5.994239e+01  3.746858e+01
   endloop
 endfacet
 facet normal -1.136204e-01  2.917275e-02  9.930958e-01
   outer loop
     vertex  7.985668e+01  5.942599e+01  3.746858e+01
     vertex  7.576895e+01  5.994239e+01  3.698573e+01
     vertex  7.959984e+01  5.842563e+01  3.746858e+01
   endloop
 endfacet
 facet normal -2.982662e-01  1.639732e-01  9.402925e-01
   outer loop
     vertex  8.279445e+01  5.608009e+01  3.889096e+01
     vertex  7.959984e+01  5.842563e+01  3.746858e+01
     vertex  7.910228e+01  5.752058e+01  3.746858e+01
   endloop
 endfacet
 facet normal -2.814144e-01  2.044596e-01  9.375512e-01
   outer loop
     vertex  8.279445e+01  5.608009e+01  3.889096e+01
     vertex  7.910228e+01  5.752058e+01  3.746858e+01
     vertex  8.161322e+01  5.445426e+01  3.889096e+01
   endloop
 endfacet
 facet normal -3.466540e-01  4.190326e-01  8.391917e-01
   outer loop
     vertex  8.308637e+01  5.109715e+01  4.117579e+01
     vertex  8.161322e+01  5.445426e+01  3.889096e+01
     vertex  8.006477e+01  5.317327e+01  3.889096e+01
   endloop
 endfacet
 facet normal -3.005704e-01  4.736232e-01  8.278518e-01
   outer loop
     vertex  8.308637e+01  5.109715e+01  4.117579e+01
     vertex  8.006477e+01  5.317327e+01  3.889096e+01
     vertex  8.065676e+01  4.955527e+01  4.117579e+01
   endloop
 endfacet
 facet normal -2.218767e-01  6.828663e-01  6.960347e-01
   outer loop
     vertex  8.019410e+01  4.632317e+01  4.419926e+01
     vertex  8.065676e+01  4.955527e+01  4.117579e+01
     vertex  7.792003e+01  4.866606e+01  4.117579e+01
   endloop
 endfacet
 facet normal -1.391333e-01  7.293626e-01  6.698300e-01
   outer loop
     vertex  8.019410e+01  4.632317e+01  4.419926e+01
     vertex  7.792003e+01  4.866606e+01  4.117579e+01
     vertex  7.666812e+01  4.565056e+01  4.419926e+01
   endloop
 endfacet
 facet normal  5.372100e-02  8.538708e-01  5.177053e-01
   outer loop
     vertex  7.474016e+01  4.359021e+01  4.779753e+01
     vertex  7.666812e+01  4.565056e+01  4.419926e+01
     vertex  7.308564e+01  4.587595e+01  4.419926e+01
   endloop
 endfacet
 facet normal  1.650279e-01  8.651067e-01  4.736625e-01
   outer loop
     vertex  7.474016e+01  4.359021e+01  4.779753e+01
     vertex  7.308564e+01  4.587595e+01  4.419926e+01
     vertex  7.070586e+01  4.435979e+01  4.779753e+01
   endloop
 endfacet
 facet normal  4.045441e-01  8.597000e-01  3.118654e-01
   outer loop
     vertex  6.829182e+01  4.405267e+01  5.177560e+01
     vertex  7.070586e+01  4.435979e+01  4.779753e+01
     vertex  6.698969e+01  4.610849e+01  4.779753e+01
   endloop
 endfacet
 facet normal  5.184652e-01  8.169704e-01  2.524941e-01
   outer loop
     vertex  6.829182e+01  4.405267e+01  5.177560e+01
     vertex  6.698969e+01  4.610849e+01  4.779753e+01
     vertex  6.457511e+01  4.641136e+01  5.177560e+01
   endloop
 endfacet
 facet normal  6.510951e-01  7.349344e-01 -1.895961e-01
   outer loop
     vertex  6.280353e+01  4.776705e+01  5.591792e+01
     vertex  6.300902e+01  4.863808e+01  6.000000e+01
     vertex  6.608510e+01  4.591291e+01  6.000000e+01
   endloop
 endfacet
 facet normal  7.261796e-01  6.819280e-01  8.739236e-02
   outer loop
     vertex  6.280353e+01  4.776705e+01  5.591792e+01
     vertex  6.457511e+01  4.641136e+01  5.177560e+01
     vertex  6.156176e+01  4.962026e+01  5.177560e+01
   endloop
 endfacet
 facet normal  7.980766e-01  5.798366e-01 -1.639005e-01
   outer loop
     vertex  6.280353e+01  4.776705e+01  5.591792e+01
     vertex  6.018298e+01  5.137393e+01  5.591792e+01
     vertex  6.300902e+01  4.863808e+01  6.000000e+01
   endloop
 endfacet
 facet normal  8.088480e-01  5.876625e-01  2.043721e-02
   outer loop
     vertex  6.280353e+01  4.776705e+01  5.591792e+01
     vertex  6.156176e+01  4.962026e+01  5.177560e+01
     vertex  6.018298e+01  5.137393e+01  5.591792e+01
   endloop
 endfacet
 facet normal -3.234203e-01  1.280512e-01  9.375512e-01
   outer loop
     vertex  8.353425e+01  5.794860e+01  3.889096e+01
     vertex  7.959984e+01  5.842563e+01  3.746858e+01
     vertex  8.279445e+01  5.608009e+01  3.889096e+01
   endloop
 endfacet
 facet normal -3.451045e-01  4.359684e-02  9.375512e-01
   outer loop
     vertex  8.353425e+01  5.794860e+01  3.889096e+01
     vertex  8.378612e+01  5.994239e+01  3.889096e+01
     vertex  7.985668e+01  5.942599e+01  3.746858e+01
   endloop
 endfacet
 facet normal -3.296741e-01  8.464593e-02  9.402925e-01
   outer loop
     vertex  8.353425e+01  5.794860e+01  3.889096e+01
     vertex  7.985668e+01  5.942599e+01  3.746858e+01
     vertex  7.959984e+01  5.842563e+01  3.746858e+01
   endloop
 endfacet
 facet normal -4.399724e-01  3.196586e-01  8.391917e-01
   outer loop
     vertex  8.505620e+01  5.319481e+01  4.117579e+01
     vertex  8.279445e+01  5.608009e+01  3.889096e+01
     vertex  8.161322e+01  5.445426e+01  3.889096e+01
   endloop
 endfacet
 facet normal -4.089127e-01  3.839946e-01  8.278518e-01
   outer loop
     vertex  8.505620e+01  5.319481e+01  4.117579e+01
     vertex  8.161322e+01  5.445426e+01  3.889096e+01
     vertex  8.308637e+01  5.109715e+01  4.117579e+01
   endloop
 endfacet
 facet normal -3.847280e-01  6.062343e-01  6.960347e-01
   outer loop
     vertex  8.344204e+01  4.785154e+01  4.419926e+01
     vertex  8.308637e+01  5.109715e+01  4.117579e+01
     vertex  8.065676e+01  4.955527e+01  4.117579e+01
   endloop
 endfacet
 facet normal -3.161473e-01  6.718472e-01  6.698300e-01
   outer loop
     vertex  8.344204e+01  4.785154e+01  4.419926e+01
     vertex  8.065676e+01  4.955527e+01  4.117579e+01
     vertex  8.019410e+01  4.632317e+01  4.419926e+01
   endloop
 endfacet
 facet normal -1.603158e-01  8.404047e-01  5.177053e-01
   outer loop
     vertex  7.883910e+01  4.384809e+01  4.779753e+01
     vertex  8.019410e+01  4.632317e+01  4.419926e+01
     vertex  7.666812e+01  4.565056e+01  4.419926e+01
   endloop
 endfacet
 facet normal -5.530002e-02  8.789686e-01  4.736625e-01
   outer loop
     vertex  7.883910e+01  4.384809e+01  4.779753e+01
     vertex  7.666812e+01  4.565056e+01  4.419926e+01
     vertex  7.474016e+01  4.359021e+01  4.779753e+01
   endloop
 endfacet
 facet normal  2.990044e-01  9.202408e-01  2.524941e-01
   outer loop
     vertex  7.247834e+01  4.269238e+01  5.177560e+01
     vertex  7.070586e+01  4.435979e+01  4.779753e+01
     vertex  6.829182e+01  4.405267e+01  5.177560e+01
   endloop
 endfacet
 facet normal  1.780359e-01  9.332969e-01  3.118654e-01
   outer loop
     vertex  7.247834e+01  4.269238e+01  5.177560e+01
     vertex  7.474016e+01  4.359021e+01  4.779753e+01
     vertex  7.070586e+01  4.435979e+01  4.779753e+01
   endloop
 endfacet
 facet normal  6.372909e-01  7.703523e-01  2.043721e-02
   outer loop
     vertex  6.623875e+01  4.492519e+01  5.591792e+01
     vertex  6.457511e+01  4.641136e+01  5.177560e+01
     vertex  6.280353e+01  4.776705e+01  5.591792e+01
   endloop
 endfacet
 facet normal  4.559806e-01  8.687985e-01 -1.930565e-01
   outer loop
     vertex  6.623875e+01  4.492519e+01  5.591792e+01
     vertex  6.608510e+01  4.591291e+01  6.000000e+01
     vertex  6.972397e+01  4.400308e+01  6.000000e+01
   endloop
 endfacet
 facet normal  6.291765e-01  7.605438e-01 -1.603437e-01
   outer loop
     vertex  6.623875e+01  4.492519e+01  5.591792e+01
     vertex  6.280353e+01  4.776705e+01  5.591792e+01
     vertex  6.608510e+01  4.591291e+01  6.000000e+01
   endloop
 endfacet
 facet normal  5.337767e-01  8.410975e-01  8.739236e-02
   outer loop
     vertex  6.623875e+01  4.492519e+01  5.591792e+01
     vertex  6.829182e+01  4.405267e+01  5.177560e+01
     vertex  6.457511e+01  4.641136e+01  5.177560e+01
   endloop
 endfacet
 facet normal -5.056457e-01  2.001993e-01  8.391917e-01
   outer loop
     vertex  8.644248e+01  5.571644e+01  4.117579e+01
     vertex  8.353425e+01  5.794860e+01  3.889096e+01
     vertex  8.279445e+01  5.608009e+01  3.889096e+01
   endloop
 endfacet
 facet normal -4.915616e-01  2.702383e-01  8.278518e-01
   outer loop
     vertex  8.644248e+01  5.571644e+01  4.117579e+01
     vertex  8.279445e+01  5.608009e+01  3.889096e+01
     vertex  8.505620e+01  5.319481e+01  4.117579e+01
   endloop
 endfacet
 facet normal -5.234054e-01  4.915104e-01  6.960347e-01
   outer loop
     vertex  8.620785e+01  5.013961e+01  4.419926e+01
     vertex  8.505620e+01  5.319481e+01  4.117579e+01
     vertex  8.308637e+01  5.109715e+01  4.117579e+01
   endloop
 endfacet
 facet normal -4.732966e-01  5.721173e-01  6.698300e-01
   outer loop
     vertex  8.620785e+01  5.013961e+01  4.419926e+01
     vertex  8.308637e+01  5.109715e+01  4.117579e+01
     vertex  8.344204e+01  4.785154e+01  4.419926e+01
   endloop
 endfacet
 facet normal -3.642793e-01  7.741330e-01  5.177053e-01
   outer loop
     vertex  8.274514e+01  4.511724e+01  4.779753e+01
     vertex  8.344204e+01  4.785154e+01  4.419926e+01
     vertex  8.019410e+01  4.632317e+01  4.419926e+01
   endloop
 endfacet
 facet normal -2.721533e-01  8.376016e-01  4.736625e-01
   outer loop
     vertex  8.274514e+01  4.511724e+01  4.779753e+01
     vertex  8.019410e+01  4.632317e+01  4.419926e+01
     vertex  7.883910e+01  4.384809e+01  4.779753e+01
   endloop
 endfacet
 facet normal -5.965892e-02  9.482514e-01  3.118654e-01
   outer loop
     vertex  7.687162e+01  4.241598e+01  5.177560e+01
     vertex  7.883910e+01  4.384809e+01  4.779753e+01
     vertex  7.474016e+01  4.359021e+01  4.779753e+01
   endloop
 endfacet
 facet normal  6.075601e-02  9.656891e-01  2.524941e-01
   outer loop
     vertex  7.687162e+01  4.241598e+01  5.177560e+01
     vertex  7.474016e+01  4.359021e+01  4.779753e+01
     vertex  7.247834e+01  4.269238e+01  5.177560e+01
   endloop
 endfacet
 facet normal  4.256904e-01  9.046381e-01  2.043721e-02
   outer loop
     vertex  7.027278e+01  4.302691e+01  5.591792e+01
     vertex  6.829182e+01  4.405267e+01  5.177560e+01
     vertex  6.623875e+01  4.492519e+01  5.591792e+01
   endloop
 endfacet
 facet normal  3.078347e-01  9.474177e-01  8.739236e-02
   outer loop
     vertex  7.027278e+01  4.302691e+01  5.591792e+01
     vertex  7.247834e+01  4.269238e+01  5.177560e+01
     vertex  6.829182e+01  4.405267e+01  5.177560e+01
   endloop
 endfacet
 facet normal  2.346678e-01  9.520846e-01 -1.961272e-01
   outer loop
     vertex  7.027278e+01  4.302691e+01  5.591792e+01
     vertex  6.972397e+01  4.400308e+01  6.000000e+01
     vertex  7.371415e+01  4.301959e+01  6.000000e+01
   endloop
 endfacet
 facet normal  4.204885e-01  8.935836e-01 -1.571551e-01
   outer loop
     vertex  7.027278e+01  4.302691e+01  5.591792e+01
     vertex  6.623875e+01  4.492519e+01  5.591792e+01
     vertex  6.972397e+01  4.400308e+01  6.000000e+01
   endloop
 endfacet
 facet normal -5.433238e-01  1.395018e-01  8.278518e-01
   outer loop
     vertex  8.715810e+01  5.850361e+01  4.117579e+01
     vertex  8.353425e+01  5.794860e+01  3.889096e+01
     vertex  8.644248e+01  5.571644e+01  4.117579e+01
   endloop
 endfacet
 facet normal -5.504415e-01  3.463085e-02  8.341552e-01
   outer loop
     vertex  8.715810e+01  5.850361e+01  4.117579e+01
     vertex  8.724862e+01  5.994239e+01  4.117579e+01
     vertex  8.378612e+01  5.994239e+01  3.889096e+01
   endloop
 endfacet
 facet normal -7.280600e-01  4.580565e-02  6.839814e-01
   outer loop
     vertex  8.715810e+01  5.850361e+01  4.117579e+01
     vertex  9.008904e+01  5.994239e+01  4.419926e+01
     vertex  8.724862e+01  5.994239e+01  4.117579e+01
   endloop
 endfacet
 facet normal -5.395474e-01  6.816069e-02  8.391917e-01
   outer loop
     vertex  8.715810e+01  5.850361e+01  4.117579e+01
     vertex  8.378612e+01  5.994239e+01  3.889096e+01
     vertex  8.353425e+01  5.794860e+01  3.889096e+01
   endloop
 endfacet
 facet normal -6.291953e-01  3.459030e-01  6.960347e-01
   outer loop
     vertex  8.831774e+01  5.304363e+01  4.419926e+01
     vertex  8.644248e+01  5.571644e+01  4.117579e+01
     vertex  8.505620e+01  5.319481e+01  4.117579e+01
   endloop
 endfacet
 facet normal -6.007069e-01  4.364391e-01  6.698300e-01
   outer loop
     vertex  8.831774e+01  5.304363e+01  4.419926e+01
     vertex  8.505620e+01  5.319481e+01  4.117579e+01
     vertex  8.620785e+01  5.013961e+01  4.419926e+01
   endloop
 endfacet
 facet normal -5.453538e-01  6.592196e-01  5.177053e-01
   outer loop
     vertex  8.621283e+01  4.731791e+01  4.779753e+01
     vertex  8.620785e+01  5.013961e+01  4.419926e+01
     vertex  8.344204e+01  4.785154e+01  4.419926e+01
   endloop
 endfacet
 facet normal -4.719061e-01  7.436051e-01  4.736625e-01
   outer loop
     vertex  8.621283e+01  4.731791e+01  4.779753e+01
     vertex  8.344204e+01  4.785154e+01  4.419926e+01
     vertex  8.274514e+01  4.511724e+01  4.779753e+01
   endloop
 endfacet
 facet normal -2.936052e-01  9.036238e-01  3.118654e-01
   outer loop
     vertex  8.119562e+01  4.324083e+01  5.177560e+01
     vertex  8.274514e+01  4.511724e+01  4.779753e+01
     vertex  7.883910e+01  4.384809e+01  4.779753e+01
   endloop
 endfacet
 facet normal -1.813099e-01  9.504596e-01  2.524941e-01
   outer loop
     vertex  8.119562e+01  4.324083e+01  5.177560e+01
     vertex  7.883910e+01  4.384809e+01  4.779753e+01
     vertex  7.687162e+01  4.241598e+01  5.177560e+01
   endloop
 endfacet
 facet normal  6.255028e-02  9.942082e-01  8.739236e-02
   outer loop
     vertex  7.465216e+01  4.219150e+01  5.591792e+01
     vertex  7.687162e+01  4.241598e+01  5.177560e+01
     vertex  7.247834e+01  4.269238e+01  5.177560e+01
   endloop
 endfacet
 facet normal  1.873422e-01  9.820821e-01  2.043721e-02
   outer loop
     vertex  7.465216e+01  4.219150e+01  5.591792e+01
     vertex  7.247834e+01  4.269238e+01  5.177560e+01
     vertex  7.027278e+01  4.302691e+01  5.591792e+01
   endloop
 endfacet
 facet normal  0.000000e+00  9.800381e-01 -1.988100e-01
   outer loop
     vertex  7.465216e+01  4.219150e+01  5.591792e+01
     vertex  7.371415e+01  4.301959e+01  6.000000e+01
     vertex  7.782375e+01  4.301959e+01  6.000000e+01
   endloop
 endfacet
 facet normal  1.851362e-01  9.705178e-01 -1.543368e-01
   outer loop
     vertex  7.465216e+01  4.219150e+01  5.591792e+01
     vertex  7.027278e+01  4.302691e+01  5.591792e+01
     vertex  7.371415e+01  4.301959e+01  6.000000e+01
   endloop
 endfacet
 facet normal -7.366596e-01  9.306175e-02  6.698300e-01
   outer loop
     vertex  8.963915e+01  5.638113e+01  4.419926e+01
     vertex  9.008904e+01  5.994239e+01  4.419926e+01
     vertex  8.715810e+01  5.850361e+01  4.117579e+01
   endloop
 endfacet
 facet normal -6.903726e-01  2.733378e-01  6.698300e-01
   outer loop
     vertex  8.963915e+01  5.638113e+01  4.419926e+01
     vertex  8.644248e+01  5.571644e+01  4.117579e+01
     vertex  8.831774e+01  5.304363e+01  4.419926e+01
   endloop
 endfacet
 facet normal -6.954506e-01  1.785614e-01  6.960347e-01
   outer loop
     vertex  8.963915e+01  5.638113e+01  4.419926e+01
     vertex  8.715810e+01  5.850361e+01  4.117579e+01
     vertex  8.644248e+01  5.571644e+01  4.117579e+01
   endloop
 endfacet
 facet normal -6.420074e-01  6.028851e-01  4.736625e-01
   outer loop
     vertex  8.902430e+01  5.031182e+01  4.779753e+01
     vertex  8.620785e+01  5.013961e+01  4.419926e+01
     vertex  8.621283e+01  4.731791e+01  4.779753e+01
   endloop
 endfacet
 facet normal -6.921618e-01  5.028850e-01  5.177053e-01
   outer loop
     vertex  8.902430e+01  5.031182e+01  4.779753e+01
     vertex  8.831774e+01  5.304363e+01  4.419926e+01
     vertex  8.620785e+01  5.013961e+01  4.419926e+01
   endloop
 endfacet
 facet normal -5.091031e-01  8.022182e-01  3.118654e-01
   outer loop
     vertex  8.517864e+01  4.511510e+01  5.177560e+01
     vertex  8.621283e+01  4.731791e+01  4.779753e+01
     vertex  8.274514e+01  4.511724e+01  4.779753e+01
   endloop
 endfacet
 facet normal -4.119834e-01  8.755092e-01  2.524941e-01
   outer loop
     vertex  8.517864e+01  4.511510e+01  5.177560e+01
     vertex  8.274514e+01  4.511724e+01  4.779753e+01
     vertex  8.119562e+01  4.324083e+01  5.177560e+01
   endloop
 endfacet
 facet normal -2.344263e-01  9.511049e-01 -2.011064e-01
   outer loop
     vertex  7.910171e+01  4.247144e+01  5.591792e+01
     vertex  7.782375e+01  4.301959e+01  6.000000e+01
     vertex  8.181393e+01  4.400308e+01  6.000000e+01
   endloop
 endfacet
 facet normal -6.277741e-02  9.978183e-01  2.043721e-02
   outer loop
     vertex  7.910171e+01  4.247144e+01  5.591792e+01
     vertex  7.687162e+01  4.241598e+01  5.177560e+01
     vertex  7.465216e+01  4.219150e+01  5.591792e+01
   endloop
 endfacet
 facet normal -6.206198e-02  9.864469e-01 -1.518908e-01
   outer loop
     vertex  7.910171e+01  4.247144e+01  5.591792e+01
     vertex  7.465216e+01  4.219150e+01  5.591792e+01
     vertex  7.782375e+01  4.301959e+01  6.000000e+01
   endloop
 endfacet
 facet normal -1.866644e-01  9.785290e-01  8.739236e-02
   outer loop
     vertex  7.910171e+01  4.247144e+01  5.591792e+01
     vertex  8.119562e+01  4.324083e+01  5.177560e+01
     vertex  7.687162e+01  4.241598e+01  5.177560e+01
   endloop
 endfacet
 facet normal -7.954787e-01  3.149523e-01  5.177053e-01
   outer loop
     vertex  9.100288e+01  5.391085e+01  4.779753e+01
     vertex  8.963915e+01  5.638113e+01  4.419926e+01
     vertex  8.831774e+01  5.304363e+01  4.419926e+01
   endloop
 endfacet
 facet normal -7.717689e-01  4.242836e-01  4.736625e-01
   outer loop
     vertex  9.100288e+01  5.391085e+01  4.779753e+01
     vertex  8.831774e+01  5.304363e+01  4.419926e+01
     vertex  8.902430e+01  5.031182e+01  4.779753e+01
   endloop
 endfacet
 facet normal -6.926123e-01  6.504062e-01  3.118654e-01
   outer loop
     vertex  8.857041e+01  4.792102e+01  5.177560e+01
     vertex  8.902430e+01  5.031182e+01  4.779753e+01
     vertex  8.621283e+01  4.731791e+01  4.779753e+01
   endloop
 endfacet
 facet normal -6.167705e-01  7.455474e-01  2.524941e-01
   outer loop
     vertex  8.857041e+01  4.792102e+01  5.177560e+01
     vertex  8.621283e+01  4.731791e+01  4.779753e+01
     vertex  8.517864e+01  4.511510e+01  5.177560e+01
   endloop
 endfacet
 facet normal -4.550453e-01  8.670164e-01 -2.030179e-01
   outer loop
     vertex  8.334186e+01  4.384915e+01  5.591792e+01
     vertex  8.181393e+01  4.400308e+01  6.000000e+01
     vertex  8.545280e+01  4.591291e+01  6.000000e+01
   endloop
 endfacet
 facet normal -4.241502e-01  9.013652e-01  8.739236e-02
   outer loop
     vertex  8.334186e+01  4.384915e+01  5.591792e+01
     vertex  8.517864e+01  4.511510e+01  5.177560e+01
     vertex  8.119562e+01  4.324083e+01  5.177560e+01
   endloop
 endfacet
 facet normal -3.055293e-01  9.403224e-01 -1.498184e-01
   outer loop
     vertex  8.334186e+01  4.384915e+01  5.591792e+01
     vertex  7.910171e+01  4.247144e+01  5.591792e+01
     vertex  8.181393e+01  4.400308e+01  6.000000e+01
   endloop
 endfacet
 facet normal -3.089525e-01  9.508579e-01  2.043721e-02
   outer loop
     vertex  8.334186e+01  4.384915e+01  5.591792e+01
     vertex  8.119562e+01  4.324083e+01  5.177560e+01
     vertex  7.910171e+01  4.247144e+01  5.591792e+01
   endloop
 endfacet
 facet normal -8.488127e-01  1.072300e-01  5.177053e-01
   outer loop
     vertex  9.202427e+01  5.788887e+01  4.779753e+01
     vertex  9.008904e+01  5.994239e+01  4.419926e+01
     vertex  8.963915e+01  5.638113e+01  4.419926e+01
   endloop
 endfacet
 facet normal -8.660946e-01  5.449006e-02  4.969013e-01
   outer loop
     vertex  9.202427e+01  5.788887e+01  4.779753e+01
     vertex  9.215346e+01  5.994239e+01  4.779753e+01
     vertex  9.008904e+01  5.994239e+01  4.419926e+01
   endloop
 endfacet
 facet normal -9.571980e-01  6.022179e-02  2.830995e-01
   outer loop
     vertex  9.202427e+01  5.788887e+01  4.779753e+01
     vertex  9.333001e+01  5.994239e+01  5.177560e+01
     vertex  9.215346e+01  5.994239e+01  4.779753e+01
   endloop
 endfacet
 facet normal -8.530374e-01  2.190228e-01  4.736625e-01
   outer loop
     vertex  9.202427e+01  5.788887e+01  4.779753e+01
     vertex  8.963915e+01  5.638113e+01  4.419926e+01
     vertex  9.100288e+01  5.391085e+01  4.779753e+01
   endloop
 endfacet
 facet normal -8.326020e-01  4.577268e-01  3.118654e-01
   outer loop
     vertex  9.115783e+01  5.148228e+01  5.177560e+01
     vertex  9.100288e+01  5.391085e+01  4.779753e+01
     vertex  8.902430e+01  5.031182e+01  4.779753e+01
   endloop
 endfacet
 facet normal -7.828036e-01  5.687401e-01  2.524941e-01
   outer loop
     vertex  9.115783e+01  5.148228e+01  5.177560e+01
     vertex  8.902430e+01  5.031182e+01  4.779753e+01
     vertex  8.857041e+01  4.792102e+01  5.177560e+01
   endloop
 endfacet
 facet normal -6.491023e-01  7.326850e-01 -2.045456e-01
   outer loop
     vertex  8.710616e+01  4.623805e+01  5.591792e+01
     vertex  8.545280e+01  4.591291e+01  6.000000e+01
     vertex  8.852888e+01  4.863808e+01  6.000000e+01
   endloop
 endfacet
 facet normal -6.349852e-01  7.675652e-01  8.739236e-02
   outer loop
     vertex  8.710616e+01  4.623805e+01  5.591792e+01
     vertex  8.857041e+01  4.792102e+01  5.177560e+01
     vertex  8.517864e+01  4.511510e+01  5.177560e+01
   endloop
 endfacet
 facet normal -5.299162e-01  8.350143e-01 -1.481211e-01
   outer loop
     vertex  8.710616e+01  4.623805e+01  5.591792e+01
     vertex  8.334186e+01  4.384915e+01  5.591792e+01
     vertex  8.545280e+01  4.591291e+01  6.000000e+01
   endloop
 endfacet
 facet normal -5.357149e-01  8.441516e-01  2.043721e-02
   outer loop
     vertex  8.710616e+01  4.623805e+01  5.591792e+01
     vertex  8.517864e+01  4.511510e+01  5.177560e+01
     vertex  8.334186e+01  4.384915e+01  5.591792e+01
   endloop
 endfacet
 facet normal -9.599686e-01  1.212722e-01  2.524941e-01
   outer loop
     vertex  9.277830e+01  5.557513e+01  5.177560e+01
     vertex  9.333001e+01  5.994239e+01  5.177560e+01
     vertex  9.202427e+01  5.788887e+01  4.779753e+01
   endloop
 endfacet
 facet normal -9.202763e-01  2.362868e-01  3.118654e-01
   outer loop
     vertex  9.277830e+01  5.557513e+01  5.177560e+01
     vertex  9.202427e+01  5.788887e+01  4.779753e+01
     vertex  9.100288e+01  5.391085e+01  4.779753e+01
   endloop
 endfacet
 facet normal -8.996503e-01  3.561967e-01  2.524941e-01
   outer loop
     vertex  9.277830e+01  5.557513e+01  5.177560e+01
     vertex  9.100288e+01  5.391085e+01  4.779753e+01
     vertex  9.115783e+01  5.148228e+01  5.177560e+01
   endloop
 endfacet
 facet normal -7.210711e-01  6.771309e-01 -1.467999e-01
   outer loop
     vertex  9.015811e+01  4.948805e+01  5.591792e+01
     vertex  8.710616e+01  4.623805e+01  5.591792e+01
     vertex  8.852888e+01  4.863808e+01  6.000000e+01
   endloop
 endfacet
 facet normal -8.053861e-01  5.559179e-01 -2.056906e-01
   outer loop
     vertex  9.015811e+01  4.948805e+01  5.591792e+01
     vertex  8.852888e+01  4.863808e+01  6.000000e+01
     vertex  9.086340e+01  5.202021e+01  6.000000e+01
   endloop
 endfacet
 facet normal -8.059217e-01  5.855364e-01  8.739236e-02
   outer loop
     vertex  9.015811e+01  4.948805e+01  5.591792e+01
     vertex  9.115783e+01  5.148228e+01  5.177560e+01
     vertex  8.857041e+01  4.792102e+01  5.177560e+01
   endloop
 endfacet
 facet normal -7.288164e-01  6.844041e-01  2.043721e-02
   outer loop
     vertex  9.015811e+01  4.948805e+01  5.591792e+01
     vertex  8.857041e+01  4.792102e+01  5.177560e+01
     vertex  8.710616e+01  4.623805e+01  5.591792e+01
   endloop
 endfacet
 facet normal -9.148726e-01  3.469654e-01 -2.064535e-01
   outer loop
     vertex  9.230594e+01  5.339493e+01  5.591792e+01
     vertex  9.086340e+01  5.202021e+01  6.000000e+01
     vertex  9.232068e+01  5.586275e+01  6.000000e+01
   endloop
 endfacet
 facet normal -8.669354e-01  4.766017e-01 -1.458557e-01
   outer loop
     vertex  9.230594e+01  5.339493e+01  5.591792e+01
     vertex  9.015811e+01  4.948805e+01  5.591792e+01
     vertex  9.086340e+01  5.202021e+01  6.000000e+01
   endloop
 endfacet
 facet normal -9.262191e-01  3.667161e-01  8.739236e-02
   outer loop
     vertex  9.230594e+01  5.339493e+01  5.591792e+01
     vertex  9.277830e+01  5.557513e+01  5.177560e+01
     vertex  9.115783e+01  5.148228e+01  5.177560e+01
   endloop
 endfacet
 facet normal -8.761237e-01  4.816531e-01  2.043721e-02
   outer loop
     vertex  9.230594e+01  5.339493e+01  5.591792e+01
     vertex  9.115783e+01  5.148228e+01  5.177560e+01
     vertex  9.015811e+01  4.948805e+01  5.591792e+01
   endloop
 endfacet
 facet normal -9.712424e-01  1.179302e-01 -2.068348e-01
   outer loop
     vertex  9.341469e+01  5.771321e+01  5.591792e+01
     vertex  9.232068e+01  5.586275e+01  6.000000e+01
     vertex  9.281604e+01  5.994239e+01  6.000000e+01
   endloop
 endfacet
 facet normal -9.965645e-01  6.269852e-02  5.411228e-02
   outer loop
     vertex  9.341469e+01  5.771321e+01  5.591792e+01
     vertex  9.355493e+01  5.994239e+01  5.591792e+01
     vertex  9.333001e+01  5.994239e+01  5.177560e+01
   endloop
 endfacet
 facet normal -9.821295e-01  6.179035e-02 -1.777741e-01
   outer loop
     vertex  9.341469e+01  5.771321e+01  5.591792e+01
     vertex  9.281604e+01  5.994239e+01  6.000000e+01
     vertex  9.355493e+01  5.994239e+01  5.591792e+01
   endloop
 endfacet
 facet normal -9.883188e-01  1.248537e-01  8.739236e-02
   outer loop
     vertex  9.341469e+01  5.771321e+01  5.591792e+01
     vertex  9.333001e+01  5.994239e+01  5.177560e+01
     vertex  9.277830e+01  5.557513e+01  5.177560e+01
   endloop
 endfacet
 facet normal -9.583058e-01  2.460511e-01 -1.452889e-01
   outer loop
     vertex  9.341469e+01  5.771321e+01  5.591792e+01
     vertex  9.230594e+01  5.339493e+01  5.591792e+01
     vertex  9.232068e+01  5.586275e+01  6.000000e+01
   endloop
 endfacet
 facet normal -9.683809e-01  2.486379e-01  2.043721e-02
   outer loop
     vertex  9.341469e+01  5.771321e+01  5.591792e+01
     vertex  9.277830e+01  5.557513e+01  5.177560e+01
     vertex  9.230594e+01  5.339493e+01  5.591792e+01
   endloop
 endfacet
endsolid
