solid 
 facet normal -1.000000e+00  0.000000e+00  0.000000e+00
   outer loop
     vertex  0.000000e+00  0.000000e+00  0.000000e+00
     vertex  0.000000e+00  1.031808e+02  6.000000e+01
     vertex  0.000000e+00  1.031808e+02  0.000000e+00
   endloop
 endfacet
 facet normal -1.000000e+00  0.000000e+00  0.000000e+00
   outer loop
     vertex  0.000000e+00  0.000000e+00  6.000000e+01
     vertex  0.000000e+00  1.031808e+02  6.000000e+01
     vertex  0.000000e+00  0.000000e+00  0.000000e+00
   endloop
 endfacet
 facet normal  0.000000e+00 -1.000000e+00 -0.000000e+00
   outer loop
     vertex  1.213863e+02  0.000000e+00  6.000000e+01
     vertex  0.000000e+00  0.000000e+00  0.000000e+00
     vertex  1.213863e+02  0.000000e+00  0.000000e+00
   endloop
 endfacet
 facet normal -0.000000e+00 -1.000000e+00  0.000000e+00
   outer loop
     vertex  1.213863e+02  0.000000e+00  6.000000e+01
     vertex  0.000000e+00  0.000000e+00  6.000000e+01
     vertex  0.000000e+00  0.000000e+00  0.000000e+00
   endloop
 endfacet
 facet normal  0.000000e+00  0.000000e+00  1.000000e+00
   outer loop
     vertex  5.103759e+01  5.731014e+01  6.000000e+01
     vertex  4.782034e+01  6.016037e+01  6.000000e+01
     vertex  0.000000e+00  0.000000e+00  6.000000e+01
   endloop
 endfacet
 facet normal  0.000000e+00  0.000000e+00  1.000000e+00
   outer loop
     vertex  4.537868e+01  6.369773e+01  6.000000e+01
     vertex  0.000000e+00  0.000000e+00  6.000000e+01
     vertex  4.782034e+01  6.016037e+01  6.000000e+01
   endloop
 endfacet
 facet normal  0.000000e+00  0.000000e+00  1.000000e+00
   outer loop
     vertex  5.484346e+01  5.531266e+01  6.000000e+01
     vertex  5.103759e+01  5.731014e+01  6.000000e+01
     vertex  0.000000e+00  0.000000e+00  6.000000e+01
   endloop
 endfacet
 facet normal  0.000000e+00  0.000000e+00  1.000000e+00
   outer loop
     vertex  4.385452e+01  6.771662e+01  6.000000e+01
     vertex  0.000000e+00  1.031808e+02  6.000000e+01
     vertex  0.000000e+00  0.000000e+00  6.000000e+01
   endloop
 endfacet
 facet normal  0.000000e+00  0.000000e+00  1.000000e+00
   outer loop
     vertex  4.385452e+01  6.771662e+01  6.000000e+01
     vertex  0.000000e+00  0.000000e+00  6.000000e+01
     vertex  4.537868e+01  6.369773e+01  6.000000e+01
   endloop
 endfacet
 facet normal  0.000000e+00  0.000000e+00  1.000000e+00
   outer loop
     vertex  5.901677e+01  5.428403e+01  6.000000e+01
     vertex  5.484346e+01  5.531266e+01  6.000000e+01
     vertex  0.000000e+00  0.000000e+00  6.000000e+01
   endloop
 endfacet
 facet normal  0.000000e+00  0.000000e+00  1.000000e+00
   outer loop
     vertex  4.333642e+01  7.198349e+01  6.000000e+01
     vertex  0.000000e+00  1.031808e+02  6.000000e+01
     vertex  4.385452e+01  6.771662e+01  6.000000e+01
   endloop
 endfacet
 facet normal  0.000000e+00  0.000000e+00  1.000000e+00
   outer loop
     vertex  4.385452e+01  7.625035e+01  6.000000e+01
     vertex  0.000000e+00  1.031808e+02  6.000000e+01
     vertex  4.333642e+01  7.198349e+01  6.000000e+01
   endloop
 endfacet
 facet normal  0.000000e+00  0.000000e+00  1.000000e+00
   outer loop
     vertex  1.213863e+02  0.000000e+00  6.000000e+01
     vertex  6.331498e+01  5.428403e+01  6.000000e+01
     vertex  5.901677e+01  5.428403e+01  6.000000e+01
   endloop
 endfacet
 facet normal  0.000000e+00  0.000000e+00  1.000000e+00
   outer loop
     vertex  1.213863e+02  0.000000e+00  6.000000e+01
     vertex  5.901677e+01  5.428403e+01  6.000000e+01
     vertex  0.000000e+00  0.000000e+00  6.000000e+01
   endloop
 endfacet
 facet normal  0.000000e+00  0.000000e+00  1.000000e+00
   outer loop
     vertex  6.748828e+01  5.531266e+01  6.000000e+01
     vertex  6.331498e+01  5.428403e+01  6.000000e+01
     vertex  1.213863e+02  0.000000e+00  6.000000e+01
   endloop
 endfacet
 facet normal  0.000000e+00  0.000000e+00  1.000000e+00
   outer loop
     vertex  4.537868e+01  8.026924e+01  6.000000e+01
     vertex  0.000000e+00  1.031808e+02  6.000000e+01
     vertex  4.385452e+01  7.625035e+01  6.000000e+01
   endloop
 endfacet
 facet normal  0.000000e+00  0.000000e+00  1.000000e+00
   outer loop
     vertex  7.129416e+01  5.731014e+01  6.000000e+01
     vertex  6.748828e+01  5.531266e+01  6.000000e+01
     vertex  1.213863e+02  0.000000e+00  6.000000e+01
   endloop
 endfacet
 facet normal  0.000000e+00  0.000000e+00  1.000000e+00
   outer loop
     vertex  4.782034e+01  8.380660e+01  6.000000e+01
     vertex  0.000000e+00  1.031808e+02  6.000000e+01
     vertex  4.537868e+01  8.026924e+01  6.000000e+01
   endloop
 endfacet
 facet normal  0.000000e+00  0.000000e+00  1.000000e+00
   outer loop
     vertex  7.451141e+01  6.016037e+01  6.000000e+01
     vertex  7.129416e+01  5.731014e+01  6.000000e+01
     vertex  1.213863e+02  0.000000e+00  6.000000e+01
   endloop
 endfacet
 facet normal  0.000000e+00  0.000000e+00  1.000000e+00
   outer loop
     vertex  5.103759e+01  8.665684e+01  6.000000e+01
     vertex  0.000000e+00  1.031808e+02  6.000000e+01
     vertex  4.782034e+01  8.380660e+01  6.000000e+01
   endloop
 endfacet
 facet normal  0.000000e+00  0.000000e+00  1.000000e+00
   outer loop
     vertex  7.695307e+01  6.369773e+01  6.000000e+01
     vertex  7.451141e+01  6.016037e+01  6.000000e+01
     vertex  1.213863e+02  0.000000e+00  6.000000e+01
   endloop
 endfacet
 facet normal  0.000000e+00  0.000000e+00  1.000000e+00
   outer loop
     vertex  5.484346e+01  8.865431e+01  6.000000e+01
     vertex  0.000000e+00  1.031808e+02  6.000000e+01
     vertex  5.103759e+01  8.665684e+01  6.000000e+01
   endloop
 endfacet
 facet normal  0.000000e+00  0.000000e+00  1.000000e+00
   outer loop
     vertex  7.847723e+01  6.771662e+01  6.000000e+01
     vertex  7.695307e+01  6.369773e+01  6.000000e+01
     vertex  1.213863e+02  0.000000e+00  6.000000e+01
   endloop
 endfacet
 facet normal  0.000000e+00  0.000000e+00  1.000000e+00
   outer loop
     vertex  5.901677e+01  8.968294e+01  6.000000e+01
     vertex  0.000000e+00  1.031808e+02  6.000000e+01
     vertex  5.484346e+01  8.865431e+01  6.000000e+01
   endloop
 endfacet
 facet normal  9.711351e-16 -1.547339e-15  1.000000e+00
   outer loop
     vertex  1.213863e+02  1.031808e+02  6.000000e+01
     vertex  7.847723e+01  7.625035e+01  6.000000e+01
     vertex  7.899532e+01  7.198349e+01  6.000000e+01
   endloop
 endfacet
 facet normal  0.000000e+00  0.000000e+00  1.000000e+00
   outer loop
     vertex  1.213863e+02  1.031808e+02  6.000000e+01
     vertex  7.695307e+01  8.026924e+01  6.000000e+01
     vertex  7.847723e+01  7.625035e+01  6.000000e+01
   endloop
 endfacet
 facet normal  0.000000e+00  0.000000e+00  1.000000e+00
   outer loop
     vertex  1.213863e+02  1.031808e+02  6.000000e+01
     vertex  7.451141e+01  8.380660e+01  6.000000e+01
     vertex  7.695307e+01  8.026924e+01  6.000000e+01
   endloop
 endfacet
 facet normal  0.000000e+00  0.000000e+00  1.000000e+00
   outer loop
     vertex  1.213863e+02  1.031808e+02  6.000000e+01
     vertex  7.129416e+01  8.665684e+01  6.000000e+01
     vertex  7.451141e+01  8.380660e+01  6.000000e+01
   endloop
 endfacet
 facet normal  0.000000e+00  0.000000e+00  1.000000e+00
   outer loop
     vertex  1.213863e+02  1.031808e+02  6.000000e+01
     vertex  6.748828e+01  8.865431e+01  6.000000e+01
     vertex  7.129416e+01  8.665684e+01  6.000000e+01
   endloop
 endfacet
 facet normal  0.000000e+00  0.000000e+00  1.000000e+00
   outer loop
     vertex  1.213863e+02  1.031808e+02  6.000000e+01
     vertex  6.331498e+01  8.968294e+01  6.000000e+01
     vertex  6.748828e+01  8.865431e+01  6.000000e+01
   endloop
 endfacet
 facet normal -1.529856e-15  1.851015e-15  1.000000e+00
   outer loop
     vertex  1.213863e+02  1.031808e+02  6.000000e+01
     vertex  7.899532e+01  7.198349e+01  6.000000e+01
     vertex  7.847723e+01  6.771662e+01  6.000000e+01
   endloop
 endfacet
 facet normal  0.000000e+00  0.000000e+00  1.000000e+00
   outer loop
     vertex  1.213863e+02  1.031808e+02  6.000000e+01
     vertex  7.847723e+01  6.771662e+01  6.000000e+01
     vertex  1.213863e+02  0.000000e+00  6.000000e+01
   endloop
 endfacet
 facet normal  0.000000e+00  0.000000e+00  1.000000e+00
   outer loop
     vertex  1.213863e+02  1.031808e+02  6.000000e+01
     vertex  0.000000e+00  1.031808e+02  6.000000e+01
     vertex  5.901677e+01  8.968294e+01  6.000000e+01
   endloop
 endfacet
 facet normal  0.000000e+00  0.000000e+00  1.000000e+00
   outer loop
     vertex  1.213863e+02  1.031808e+02  6.000000e+01
     vertex  5.901677e+01  8.968294e+01  6.000000e+01
     vertex  6.331498e+01  8.968294e+01  6.000000e+01
   endloop
 endfacet
 facet normal  0.000000e+00  1.000000e+00  0.000000e+00
   outer loop
     vertex  1.213863e+02  1.031808e+02  6.000000e+01
     vertex  1.213863e+02  1.031808e+02  0.000000e+00
     vertex  0.000000e+00  1.031808e+02  0.000000e+00
   endloop
 endfacet
 facet normal  0.000000e+00  1.000000e+00  0.000000e+00
   outer loop
     vertex  1.213863e+02  1.031808e+02  6.000000e+01
     vertex  0.000000e+00  1.031808e+02  0.000000e+00
     vertex  0.000000e+00  1.031808e+02  6.000000e+01
   endloop
 endfacet
 facet normal -0.000000e+00  0.000000e+00 -1.000000e+00
   outer loop
     vertex  1.213863e+02  1.031808e+02  0.000000e+00
     vertex  0.000000e+00  0.000000e+00  0.000000e+00
     vertex  0.000000e+00  1.031808e+02  0.000000e+00
   endloop
 endfacet
 facet normal  0.000000e+00 -0.000000e+00 -1.000000e+00
   outer loop
     vertex  1.213863e+02  1.031808e+02  0.000000e+00
     vertex  1.213863e+02  0.000000e+00  0.000000e+00
     vertex  0.000000e+00  0.000000e+00  0.000000e+00
   endloop
 endfacet
 facet normal  1.000000e+00  0.000000e+00  0.000000e+00
   outer loop
     vertex  1.213863e+02  0.000000e+00  0.000000e+00
     vertex  1.213863e+02  1.031808e+02  0.000000e+00
     vertex  1.213863e+02  1.031808e+02  6.000000e+01
   endloop
 endfacet
 facet normal  1.000000e+00 -0.000000e+00  0.000000e+00
   outer loop
     vertex  1.213863e+02  0.000000e+00  6.000000e+01
     vertex  1.213863e+02  0.000000e+00  0.000000e+00
     vertex  1.213863e+02  1.031808e+02  6.000000e+01
   endloop
 endfacet
 facet normal -1.125208e-01 -7.079211e-03  9.936241e-01
   outer loop
     vertex  6.523167e+01  7.249712e+01  3.789901e+01
     vertex  6.116587e+01  7.198349e+01  3.743493e+01
     vertex  6.526398e+01  7.198349e+01  3.789901e+01
   endloop
 endfacet
 facet normal -3.317997e-01 -2.087507e-02  9.431189e-01
   outer loop
     vertex  6.523167e+01  7.249712e+01  3.789901e+01
     vertex  6.526398e+01  7.198349e+01  3.789901e+01
     vertex  6.915453e+01  7.198349e+01  3.926775e+01
   endloop
 endfacet
 facet normal -1.098437e-01 -2.820306e-02  9.935487e-01
   outer loop
     vertex  6.497620e+01  7.349210e+01  3.789901e+01
     vertex  6.116587e+01  7.198349e+01  3.743493e+01
     vertex  6.523167e+01  7.249712e+01  3.789901e+01
   endloop
 endfacet
 facet normal -9.937890e-02 -5.463401e-02  9.935487e-01
   outer loop
     vertex  6.448131e+01  7.439229e+01  3.789901e+01
     vertex  6.116587e+01  7.198349e+01  3.743493e+01
     vertex  6.497620e+01  7.349210e+01  3.789901e+01
   endloop
 endfacet
 facet normal -3.190862e-01 -8.192741e-02  9.441779e-01
   outer loop
     vertex  6.890356e+01  7.397019e+01  3.926775e+01
     vertex  6.497620e+01  7.349210e+01  3.789901e+01
     vertex  6.523167e+01  7.249712e+01  3.789901e+01
   endloop
 endfacet
 facet normal -3.340640e-01 -4.220209e-02  9.416051e-01
   outer loop
     vertex  6.890356e+01  7.397019e+01  3.926775e+01
     vertex  6.523167e+01  7.249712e+01  3.789901e+01
     vertex  6.915453e+01  7.198349e+01  3.926775e+01
   endloop
 endfacet
 facet normal -8.266980e-02 -7.763211e-02  9.935487e-01
   outer loop
     vertex  6.377811e+01  7.514113e+01  3.789901e+01
     vertex  6.116587e+01  7.198349e+01  3.743493e+01
     vertex  6.448131e+01  7.439229e+01  3.789901e+01
   endloop
 endfacet
 facet normal -3.130735e-01 -1.239546e-01  9.416051e-01
   outer loop
     vertex  6.816639e+01  7.583205e+01  3.926775e+01
     vertex  6.497620e+01  7.349210e+01  3.789901e+01
     vertex  6.890356e+01  7.397019e+01  3.926775e+01
   endloop
 endfacet
 facet normal -2.886870e-01 -1.587070e-01  9.441779e-01
   outer loop
     vertex  6.816639e+01  7.583205e+01  3.926775e+01
     vertex  6.448131e+01  7.439229e+01  3.789901e+01
     vertex  6.497620e+01  7.349210e+01  3.789901e+01
   endloop
 endfacet
 facet normal -5.341106e-01 -3.360339e-02  8.447465e-01
   outer loop
     vertex  7.255001e+01  7.342164e+01  4.147183e+01
     vertex  6.915453e+01  7.198349e+01  3.926775e+01
     vertex  7.264049e+01  7.198349e+01  4.147183e+01
   endloop
 endfacet
 facet normal -7.091797e-01 -4.461781e-02  7.036145e-01
   outer loop
     vertex  7.255001e+01  7.342164e+01  4.147183e+01
     vertex  7.264049e+01  7.198349e+01  4.147183e+01
     vertex  7.554530e+01  7.198349e+01  4.439961e+01
   endloop
 endfacet
 facet normal -5.234239e-01 -6.612382e-02  8.495028e-01
   outer loop
     vertex  7.255001e+01  7.342164e+01  4.147183e+01
     vertex  6.890356e+01  7.397019e+01  3.926775e+01
     vertex  6.915453e+01  7.198349e+01  3.926775e+01
   endloop
 endfacet
 facet normal -6.076626e-02 -9.575230e-02  9.935487e-01
   outer loop
     vertex  6.291076e+01  7.569156e+01  3.789901e+01
     vertex  6.116587e+01  7.198349e+01  3.743493e+01
     vertex  6.377811e+01  7.514113e+01  3.789901e+01
   endloop
 endfacet
 facet normal -2.724115e-01 -1.979185e-01  9.416051e-01
   outer loop
     vertex  6.698936e+01  7.745210e+01  3.926775e+01
     vertex  6.448131e+01  7.439229e+01  3.789901e+01
     vertex  6.816639e+01  7.583205e+01  3.926775e+01
   endloop
 endfacet
 facet normal -2.401485e-01 -2.255145e-01  9.441779e-01
   outer loop
     vertex  6.698936e+01  7.745210e+01  3.926775e+01
     vertex  6.377811e+01  7.514113e+01  3.789901e+01
     vertex  6.448131e+01  7.439229e+01  3.789901e+01
   endloop
 endfacet
 facet normal -4.905353e-01 -1.942167e-01  8.495028e-01
   outer loop
     vertex  7.183470e+01  7.620757e+01  4.147183e+01
     vertex  6.816639e+01  7.583205e+01  3.926775e+01
     vertex  6.890356e+01  7.397019e+01  3.926775e+01
   endloop
 endfacet
 facet normal -5.273648e-01 -1.354043e-01  8.387801e-01
   outer loop
     vertex  7.183470e+01  7.620757e+01  4.147183e+01
     vertex  6.890356e+01  7.397019e+01  3.926775e+01
     vertex  7.255001e+01  7.342164e+01  4.147183e+01
   endloop
 endfacet
 facet normal -3.504455e-02 -1.078560e-01  9.935487e-01
   outer loop
     vertex  6.193378e+01  7.600900e+01  3.789901e+01
     vertex  6.116587e+01  7.198349e+01  3.743493e+01
     vertex  6.291076e+01  7.569156e+01  3.789901e+01
   endloop
 endfacet
 facet normal -2.146328e-01 -2.594465e-01  9.416051e-01
   outer loop
     vertex  6.544641e+01  7.872854e+01  3.926775e+01
     vertex  6.377811e+01  7.514113e+01  3.789901e+01
     vertex  6.698936e+01  7.745210e+01  3.926775e+01
   endloop
 endfacet
 facet normal -1.765207e-01 -2.781520e-01  9.441779e-01
   outer loop
     vertex  6.544641e+01  7.872854e+01  3.926775e+01
     vertex  6.291076e+01  7.569156e+01  3.789901e+01
     vertex  6.377811e+01  7.514113e+01  3.789901e+01
   endloop
 endfacet
 facet normal -4.268245e-01 -3.101062e-01  8.495028e-01
   outer loop
     vertex  7.044903e+01  7.872810e+01  4.147183e+01
     vertex  6.698936e+01  7.745210e+01  3.926775e+01
     vertex  6.816639e+01  7.583205e+01  3.926775e+01
   endloop
 endfacet
 facet normal -4.771230e-01 -2.623006e-01  8.387801e-01
   outer loop
     vertex  7.044903e+01  7.872810e+01  4.147183e+01
     vertex  6.816639e+01  7.583205e+01  3.926775e+01
     vertex  7.183470e+01  7.620757e+01  4.147183e+01
   endloop
 endfacet
 facet normal -7.180534e-01 -9.071124e-02  6.900513e-01
   outer loop
     vertex  7.509355e+01  7.555950e+01  4.439961e+01
     vertex  7.255001e+01  7.342164e+01  4.147183e+01
     vertex  7.554530e+01  7.198349e+01  4.439961e+01
   endloop
 endfacet
 facet normal -6.770420e-01 -1.738349e-01  7.151192e-01
   outer loop
     vertex  7.509355e+01  7.555950e+01  4.439961e+01
     vertex  7.183470e+01  7.620757e+01  4.147183e+01
     vertex  7.255001e+01  7.342164e+01  4.147183e+01
   endloop
 endfacet
 facet normal -7.120855e-03 -1.131827e-01  9.935487e-01
   outer loop
     vertex  6.090855e+01  7.607351e+01  3.789901e+01
     vertex  6.116587e+01  7.198349e+01  3.743493e+01
     vertex  6.193378e+01  7.600900e+01  3.789901e+01
   endloop
 endfacet
 facet normal -1.018013e-01 -3.133123e-01  9.441779e-01
   outer loop
     vertex  6.363451e+01  7.958115e+01  3.926775e+01
     vertex  6.193378e+01  7.600900e+01  3.789901e+01
     vertex  6.291076e+01  7.569156e+01  3.789901e+01
   endloop
 endfacet
 facet normal -1.433680e-01 -3.046726e-01  9.416051e-01
   outer loop
     vertex  6.363451e+01  7.958115e+01  3.926775e+01
     vertex  6.291076e+01  7.569156e+01  3.789901e+01
     vertex  6.544641e+01  7.872854e+01  3.926775e+01
   endloop
 endfacet
 facet normal -3.969018e-01 -3.727156e-01  8.387801e-01
   outer loop
     vertex  6.848007e+01  8.082483e+01  4.147183e+01
     vertex  6.698936e+01  7.745210e+01  3.926775e+01
     vertex  7.044903e+01  7.872810e+01  4.147183e+01
   endloop
 endfacet
 facet normal -3.362948e-01 -4.065105e-01  8.495028e-01
   outer loop
     vertex  6.848007e+01  8.082483e+01  4.147183e+01
     vertex  6.544641e+01  7.872854e+01  3.926775e+01
     vertex  6.698936e+01  7.745210e+01  3.926775e+01
   endloop
 endfacet
 facet normal -6.729354e-01 -2.664340e-01  6.900513e-01
   outer loop
     vertex  7.376666e+01  7.891083e+01  4.439961e+01
     vertex  7.183470e+01  7.620757e+01  4.147183e+01
     vertex  7.509355e+01  7.555950e+01  4.439961e+01
   endloop
 endfacet
 facet normal -6.125406e-01 -3.367470e-01  7.151192e-01
   outer loop
     vertex  7.376666e+01  7.891083e+01  4.439961e+01
     vertex  7.044903e+01  7.872810e+01  4.147183e+01
     vertex  7.183470e+01  7.620757e+01  4.147183e+01
   endloop
 endfacet
 facet normal -8.481976e-01 -5.336407e-02  5.269850e-01
   outer loop
     vertex  7.759130e+01  7.405850e+01  4.790282e+01
     vertex  7.554530e+01  7.198349e+01  4.439961e+01
     vertex  7.772185e+01  7.198349e+01  4.790282e+01
   endloop
 endfacet
 facet normal -9.442391e-01 -5.940649e-02  3.238571e-01
   outer loop
     vertex  7.759130e+01  7.405850e+01  4.790282e+01
     vertex  7.772185e+01  7.198349e+01  4.790282e+01
     vertex  7.905989e+01  7.198349e+01  5.180404e+01
   endloop
 endfacet
 facet normal -8.304383e-01 -1.049088e-01  5.471438e-01
   outer loop
     vertex  7.759130e+01  7.405850e+01  4.790282e+01
     vertex  7.509355e+01  7.555950e+01  4.439961e+01
     vertex  7.554530e+01  7.198349e+01  4.439961e+01
   endloop
 endfacet
 facet normal  2.125026e-02 -1.113978e-01  9.935487e-01
   outer loop
     vertex  5.989949e+01  7.588102e+01  3.789901e+01
     vertex  6.116587e+01  7.198349e+01  3.743493e+01
     vertex  6.090855e+01  7.607351e+01  3.789901e+01
   endloop
 endfacet
 facet normal -2.068546e-02 -3.287860e-01  9.441779e-01
   outer loop
     vertex  6.166749e+01  7.995638e+01  3.926775e+01
     vertex  6.090855e+01  7.607351e+01  3.789901e+01
     vertex  6.193378e+01  7.600900e+01  3.789901e+01
   endloop
 endfacet
 facet normal -6.309487e-02 -3.307549e-01  9.416051e-01
   outer loop
     vertex  6.166749e+01  7.995638e+01  3.926775e+01
     vertex  6.193378e+01  7.600900e+01  3.789901e+01
     vertex  6.363451e+01  7.958115e+01  3.926775e+01
   endloop
 endfacet
 facet normal -2.917418e-01 -4.597115e-01  8.387801e-01
   outer loop
     vertex  6.605153e+01  8.236603e+01  4.147183e+01
     vertex  6.544641e+01  7.872854e+01  3.926775e+01
     vertex  6.848007e+01  8.082483e+01  4.147183e+01
   endloop
 endfacet
 facet normal -2.246344e-01 -4.773724e-01  8.495028e-01
   outer loop
     vertex  6.605153e+01  8.236603e+01  4.147183e+01
     vertex  6.363451e+01  7.958115e+01  3.926775e+01
     vertex  6.544641e+01  7.872854e+01  3.926775e+01
   endloop
 endfacet
 facet normal -5.855345e-01 -4.254157e-01  6.900513e-01
   outer loop
     vertex  7.164803e+01  8.182688e+01  4.439961e+01
     vertex  7.044903e+01  7.872810e+01  4.147183e+01
     vertex  7.376666e+01  7.891083e+01  4.439961e+01
   endloop
 endfacet
 facet normal -5.095509e-01 -4.785001e-01  7.151192e-01
   outer loop
     vertex  7.164803e+01  8.182688e+01  4.439961e+01
     vertex  6.848007e+01  8.082483e+01  4.147183e+01
     vertex  7.044903e+01  7.872810e+01  4.147183e+01
   endloop
 endfacet
 facet normal -7.782588e-01 -3.081345e-01  5.471438e-01
   outer loop
     vertex  7.655923e+01  7.807815e+01  4.790282e+01
     vertex  7.376666e+01  7.891083e+01  4.439961e+01
     vertex  7.509355e+01  7.555950e+01  4.439961e+01
   endloop
 endfacet
 facet normal -8.363864e-01 -2.147475e-01  5.043226e-01
   outer loop
     vertex  7.655923e+01  7.807815e+01  4.790282e+01
     vertex  7.509355e+01  7.555950e+01  4.439961e+01
     vertex  7.759130e+01  7.405850e+01  4.790282e+01
   endloop
 endfacet
 facet normal  4.828615e-02 -1.026133e-01  9.935487e-01
   outer loop
     vertex  5.897000e+01  7.544363e+01  3.789901e+01
     vertex  6.116587e+01  7.198349e+01  3.743493e+01
     vertex  5.989949e+01  7.588102e+01  3.789901e+01
   endloop
 endfacet
 facet normal  6.173016e-02 -3.236008e-01  9.441779e-01
   outer loop
     vertex  5.966895e+01  7.983065e+01  3.926775e+01
     vertex  5.989949e+01  7.588102e+01  3.789901e+01
     vertex  6.090855e+01  7.607351e+01  3.789901e+01
   endloop
 endfacet
 facet normal  2.114277e-02 -3.360547e-01  9.416051e-01
   outer loop
     vertex  5.966895e+01  7.983065e+01  3.926775e+01
     vertex  6.090855e+01  7.607351e+01  3.789901e+01
     vertex  6.166749e+01  7.995638e+01  3.926775e+01
   endloop
 endfacet
 facet normal -1.682506e-01 -5.178220e-01  8.387801e-01
   outer loop
     vertex  6.331600e+01  8.325486e+01  4.147183e+01
     vertex  6.363451e+01  7.958115e+01  3.926775e+01
     vertex  6.605153e+01  8.236603e+01  4.147183e+01
   endloop
 endfacet
 facet normal -9.885940e-02 -5.182391e-01  8.495028e-01
   outer loop
     vertex  6.331600e+01  8.325486e+01  4.147183e+01
     vertex  6.166749e+01  7.995638e+01  3.926775e+01
     vertex  6.363451e+01  7.958115e+01  3.926775e+01
   endloop
 endfacet
 facet normal -4.613423e-01 -5.576670e-01  6.900513e-01
   outer loop
     vertex  6.887076e+01  8.412444e+01  4.439961e+01
     vertex  6.848007e+01  8.082483e+01  4.147183e+01
     vertex  7.164803e+01  8.182688e+01  4.439961e+01
   endloop
 endfacet
 facet normal -3.745443e-01 -5.901873e-01  7.151192e-01
   outer loop
     vertex  6.887076e+01  8.412444e+01  4.439961e+01
     vertex  6.605153e+01  8.236603e+01  4.147183e+01
     vertex  6.848007e+01  8.082483e+01  4.147183e+01
   endloop
 endfacet
 facet normal -6.771785e-01 -4.919990e-01  5.471438e-01
   outer loop
     vertex  7.455994e+01  8.171484e+01  4.790282e+01
     vertex  7.164803e+01  8.182688e+01  4.439961e+01
     vertex  7.376666e+01  7.891083e+01  4.439961e+01
   endloop
 endfacet
 facet normal -7.567042e-01 -4.160017e-01  5.043226e-01
   outer loop
     vertex  7.455994e+01  8.171484e+01  4.790282e+01
     vertex  7.376666e+01  7.891083e+01  4.439961e+01
     vertex  7.655923e+01  7.807815e+01  4.790282e+01
   endloop
 endfacet
 facet normal -9.484763e-01 -1.198204e-01  2.933187e-01
   outer loop
     vertex  7.849772e+01  7.643355e+01  5.180404e+01
     vertex  7.759130e+01  7.405850e+01  4.790282e+01
     vertex  7.905989e+01  7.198349e+01  5.180404e+01
   endloop
 endfacet
 facet normal -9.064811e-01 -2.327448e-01  3.523094e-01
   outer loop
     vertex  7.849772e+01  7.643355e+01  5.180404e+01
     vertex  7.655923e+01  7.807815e+01  4.790282e+01
     vertex  7.759130e+01  7.405850e+01  4.790282e+01
   endloop
 endfacet
 facet normal  7.228804e-02 -8.738123e-02  9.935487e-01
   outer loop
     vertex  5.817848e+01  7.478883e+01  3.789901e+01
     vertex  6.116587e+01  7.198349e+01  3.743493e+01
     vertex  5.897000e+01  7.544363e+01  3.789901e+01
   endloop
 endfacet
 facet normal  1.402670e-01 -2.980826e-01  9.441779e-01
   outer loop
     vertex  5.776447e+01  7.921184e+01  3.926775e+01
     vertex  5.897000e+01  7.544363e+01  3.789901e+01
     vertex  5.989949e+01  7.588102e+01  3.789901e+01
   endloop
 endfacet
 facet normal  1.040519e-01 -3.202389e-01  9.416051e-01
   outer loop
     vertex  5.776447e+01  7.921184e+01  3.926775e+01
     vertex  5.989949e+01  7.588102e+01  3.789901e+01
     vertex  5.966895e+01  7.983065e+01  3.926775e+01
   endloop
 endfacet
 facet normal -3.418757e-02 -5.433959e-01  8.387801e-01
   outer loop
     vertex  6.044538e+01  8.343546e+01  4.147183e+01
     vertex  6.166749e+01  7.995638e+01  3.926775e+01
     vertex  6.331600e+01  8.325486e+01  4.147183e+01
   endloop
 endfacet
 facet normal  3.312728e-02 -5.265430e-01  8.495028e-01
   outer loop
     vertex  6.044538e+01  8.343546e+01  4.147183e+01
     vertex  5.966895e+01  7.983065e+01  3.926775e+01
     vertex  6.166749e+01  7.995638e+01  3.926775e+01
   endloop
 endfacet
 facet normal -2.160036e-01 -6.647909e-01  7.151192e-01
   outer loop
     vertex  6.560936e+01  8.565913e+01  4.439961e+01
     vertex  6.331600e+01  8.325486e+01  4.147183e+01
     vertex  6.605153e+01  8.236603e+01  4.147183e+01
   endloop
 endfacet
 facet normal -3.081622e-01 -6.548780e-01  6.900513e-01
   outer loop
     vertex  6.560936e+01  8.565913e+01  4.439961e+01
     vertex  6.605153e+01  8.236603e+01  4.147183e+01
     vertex  6.887076e+01  8.412444e+01  4.439961e+01
   endloop
 endfacet
 facet normal -5.335485e-01 -6.449493e-01  5.471438e-01
   outer loop
     vertex  7.171905e+01  8.474008e+01  4.790282e+01
     vertex  6.887076e+01  8.412444e+01  4.439961e+01
     vertex  7.164803e+01  8.182688e+01  4.439961e+01
   endloop
 endfacet
 facet normal -6.294756e-01 -5.911169e-01  5.043226e-01
   outer loop
     vertex  7.171905e+01  8.474008e+01  4.790282e+01
     vertex  7.164803e+01  8.182688e+01  4.439961e+01
     vertex  7.455994e+01  8.171484e+01  4.790282e+01
   endloop
 endfacet
 facet normal -8.201211e-01 -4.508654e-01  3.523094e-01
   outer loop
     vertex  7.684652e+01  8.060400e+01  5.180404e+01
     vertex  7.455994e+01  8.171484e+01  4.790282e+01
     vertex  7.655923e+01  7.807815e+01  4.790282e+01
   endloop
 endfacet
 facet normal -8.888800e-01 -3.519325e-01  2.933187e-01
   outer loop
     vertex  7.684652e+01  8.060400e+01  5.180404e+01
     vertex  7.655923e+01  7.807815e+01  4.790282e+01
     vertex  7.849772e+01  7.643355e+01  5.180404e+01
   endloop
 endfacet
 facet normal -9.813004e-01 -1.191514e-01 -1.511702e-01
   outer loop
     vertex  7.934717e+01  7.428032e+01  5.590568e+01
     vertex  7.899532e+01  7.198349e+01  6.000000e+01
     vertex  7.847723e+01  7.625035e+01  6.000000e+01
   endloop
 endfacet
 facet normal -9.925637e-01 -6.244682e-02  1.044877e-01
   outer loop
     vertex  7.934717e+01  7.428032e+01  5.590568e+01
     vertex  7.905989e+01  7.198349e+01  5.180404e+01
     vertex  7.949168e+01  7.198349e+01  5.590568e+01
   endloop
 endfacet
 facet normal -9.908011e-01 -6.233592e-02 -1.201143e-01
   outer loop
     vertex  7.934717e+01  7.428032e+01  5.590568e+01
     vertex  7.949168e+01  7.198349e+01  5.590568e+01
     vertex  7.899532e+01  7.198349e+01  6.000000e+01
   endloop
 endfacet
 facet normal -9.825769e-01 -1.241283e-01  1.383286e-01
   outer loop
     vertex  7.934717e+01  7.428032e+01  5.590568e+01
     vertex  7.849772e+01  7.643355e+01  5.180404e+01
     vertex  7.905989e+01  7.198349e+01  5.180404e+01
   endloop
 endfacet
 facet normal  9.174781e-02 -6.665869e-02  9.935487e-01
   outer loop
     vertex  5.757468e+01  7.395776e+01  3.789901e+01
     vertex  6.116587e+01  7.198349e+01  3.743493e+01
     vertex  5.817848e+01  7.478883e+01  3.789901e+01
   endloop
 endfacet
 facet normal  2.099904e-01 -2.538348e-01  9.441779e-01
   outer loop
     vertex  5.607371e+01  7.813885e+01  3.926775e+01
     vertex  5.817848e+01  7.478883e+01  3.789901e+01
     vertex  5.897000e+01  7.544363e+01  3.789901e+01
   endloop
 endfacet
 facet normal  1.804231e-01 -2.843013e-01  9.416051e-01
   outer loop
     vertex  5.607371e+01  7.813885e+01  3.926775e+01
     vertex  5.897000e+01  7.544363e+01  3.789901e+01
     vertex  5.776447e+01  7.921184e+01  3.926775e+01
   endloop
 endfacet
 facet normal  1.630325e-01 -5.017623e-01  8.495028e-01
   outer loop
     vertex  5.762002e+01  8.289650e+01  4.147183e+01
     vertex  5.776447e+01  7.921184e+01  3.926775e+01
     vertex  5.966895e+01  7.983065e+01  3.926775e+01
   endloop
 endfacet
 facet normal  1.020236e-01 -5.348262e-01  8.387801e-01
   outer loop
     vertex  5.762002e+01  8.289650e+01  4.147183e+01
     vertex  5.966895e+01  7.983065e+01  3.926775e+01
     vertex  6.044538e+01  8.343546e+01  4.147183e+01
   endloop
 endfacet
 facet normal -4.389073e-02 -6.976232e-01  7.151192e-01
   outer loop
     vertex  6.206877e+01  8.633454e+01  4.439961e+01
     vertex  6.044538e+01  8.343546e+01  4.147183e+01
     vertex  6.331600e+01  8.325486e+01  4.147183e+01
   endloop
 endfacet
 facet normal -1.356192e-01 -7.109407e-01  6.900513e-01
   outer loop
     vertex  6.206877e+01  8.633454e+01  4.439961e+01
     vertex  6.331600e+01  8.325486e+01  4.147183e+01
     vertex  6.560936e+01  8.565913e+01  4.439961e+01
   endloop
 endfacet
 facet normal -3.563937e-01 -7.573752e-01  5.471438e-01
   outer loop
     vertex  6.821506e+01  8.696378e+01  4.790282e+01
     vertex  6.560936e+01  8.565913e+01  4.439961e+01
     vertex  6.887076e+01  8.412444e+01  4.439961e+01
   endloop
 endfacet
 facet normal -4.626946e-01 -7.290901e-01  5.043226e-01
   outer loop
     vertex  6.821506e+01  8.696378e+01  4.790282e+01
     vertex  6.887076e+01  8.412444e+01  4.439961e+01
     vertex  7.171905e+01  8.474008e+01  4.790282e+01
   endloop
 endfacet
 facet normal -6.822298e-01 -6.406564e-01  3.523094e-01
   outer loop
     vertex  7.421005e+01  8.423279e+01  5.180404e+01
     vertex  7.171905e+01  8.474008e+01  4.790282e+01
     vertex  7.455994e+01  8.171484e+01  4.790282e+01
   endloop
 endfacet
 facet normal -7.734322e-01 -5.619314e-01  2.933187e-01
   outer loop
     vertex  7.421005e+01  8.423279e+01  5.180404e+01
     vertex  7.455994e+01  8.171484e+01  4.790282e+01
     vertex  7.684652e+01  8.060400e+01  5.180404e+01
   endloop
 endfacet
 facet normal -9.243285e-01 -3.505516e-01 -1.507662e-01
   outer loop
     vertex  7.820477e+01  7.872966e+01  5.590568e+01
     vertex  7.847723e+01  7.625035e+01  6.000000e+01
     vertex  7.695307e+01  8.026924e+01  6.000000e+01
   endloop
 endfacet
 facet normal -9.650096e-01 -2.477724e-01 -8.582124e-02
   outer loop
     vertex  7.820477e+01  7.872966e+01  5.590568e+01
     vertex  7.934717e+01  7.428032e+01  5.590568e+01
     vertex  7.847723e+01  7.625035e+01  6.000000e+01
   endloop
 endfacet
 facet normal -9.208380e-01 -3.645855e-01  1.383286e-01
   outer loop
     vertex  7.820477e+01  7.872966e+01  5.590568e+01
     vertex  7.684652e+01  8.060400e+01  5.180404e+01
     vertex  7.849772e+01  7.643355e+01  5.180404e+01
   endloop
 endfacet
 facet normal -9.662162e-01 -2.480821e-01  6.986842e-02
   outer loop
     vertex  7.820477e+01  7.872966e+01  5.590568e+01
     vertex  7.849772e+01  7.643355e+01  5.180404e+01
     vertex  7.934717e+01  7.428032e+01  5.590568e+01
   endloop
 endfacet
 facet normal  1.054427e-01 -4.174773e-02  9.935487e-01
   outer loop
     vertex  5.719652e+01  7.300264e+01  3.789901e+01
     vertex  6.116587e+01  7.198349e+01  3.743493e+01
     vertex  5.757468e+01  7.395776e+01  3.789901e+01
   endloop
 endfacet
 facet normal  2.665194e-01 -1.936376e-01  9.441779e-01
   outer loop
     vertex  5.470291e+01  7.667910e+01  3.926775e+01
     vertex  5.757468e+01  7.395776e+01  3.789901e+01
     vertex  5.817848e+01  7.478883e+01  3.789901e+01
   endloop
 endfacet
 facet normal  2.454577e-01 -2.305001e-01  9.416051e-01
   outer loop
     vertex  5.470291e+01  7.667910e+01  3.926775e+01
     vertex  5.817848e+01  7.478883e+01  3.789901e+01
     vertex  5.607371e+01  7.813885e+01  3.926775e+01
   endloop
 endfacet
 facet normal  2.318242e-01 -4.926515e-01  8.387801e-01
   outer loop
     vertex  5.501747e+01  8.167183e+01  4.147183e+01
     vertex  5.776447e+01  7.921184e+01  3.926775e+01
     vertex  5.762002e+01  8.289650e+01  4.147183e+01
   endloop
 endfacet
 facet normal  2.826937e-01 -4.454540e-01  8.495028e-01
   outer loop
     vertex  5.501747e+01  8.167183e+01  4.147183e+01
     vertex  5.607371e+01  7.813885e+01  3.926775e+01
     vertex  5.776447e+01  7.921184e+01  3.926775e+01
   endloop
 endfacet
 facet normal  4.544529e-02 -7.223323e-01  6.900513e-01
   outer loop
     vertex  5.847144e+01  8.610821e+01  4.439961e+01
     vertex  6.044538e+01  8.343546e+01  4.147183e+01
     vertex  6.206877e+01  8.633454e+01  4.439961e+01
   endloop
 endfacet
 facet normal  1.309800e-01 -6.866212e-01  7.151192e-01
   outer loop
     vertex  5.847144e+01  8.610821e+01  4.439961e+01
     vertex  5.762002e+01  8.289650e+01  4.147183e+01
     vertex  6.044538e+01  8.343546e+01  4.147183e+01
   endloop
 endfacet
 facet normal -2.668409e-01 -8.212519e-01  5.043226e-01
   outer loop
     vertex  6.426815e+01  8.824621e+01  4.790282e+01
     vertex  6.560936e+01  8.565913e+01  4.439961e+01
     vertex  6.821506e+01  8.696378e+01  4.790282e+01
   endloop
 endfacet
 facet normal -1.568454e-01 -8.222124e-01  5.471438e-01
   outer loop
     vertex  6.426815e+01  8.824621e+01  4.790282e+01
     vertex  6.206877e+01  8.633454e+01  4.439961e+01
     vertex  6.560936e+01  8.565913e+01  4.439961e+01
   endloop
 endfacet
 facet normal -5.014715e-01 -7.901927e-01  3.523094e-01
   outer loop
     vertex  7.075397e+01  8.709191e+01  5.180404e+01
     vertex  6.821506e+01  8.696378e+01  4.790282e+01
     vertex  7.171905e+01  8.474008e+01  4.790282e+01
   endloop
 endfacet
 facet normal -6.093867e-01 -7.366220e-01  2.933187e-01
   outer loop
     vertex  7.075397e+01  8.709191e+01  5.180404e+01
     vertex  7.171905e+01  8.474008e+01  4.790282e+01
     vertex  7.421005e+01  8.423279e+01  5.180404e+01
   endloop
 endfacet
 facet normal -8.136779e-01 -5.616413e-01 -1.499580e-01
   outer loop
     vertex  7.599176e+01  8.275512e+01  5.590568e+01
     vertex  7.695307e+01  8.026924e+01  6.000000e+01
     vertex  7.451141e+01  8.380660e+01  6.000000e+01
   endloop
 endfacet
 facet normal -8.012394e-01 -5.821345e-01  1.383286e-01
   outer loop
     vertex  7.599176e+01  8.275512e+01  5.590568e+01
     vertex  7.421005e+01  8.423279e+01  5.180404e+01
     vertex  7.684652e+01  8.060400e+01  5.180404e+01
   endloop
 endfacet
 facet normal -8.741652e-01 -4.805764e-01  6.986842e-02
   outer loop
     vertex  7.599176e+01  8.275512e+01  5.590568e+01
     vertex  7.684652e+01  8.060400e+01  5.180404e+01
     vertex  7.820477e+01  7.872966e+01  5.590568e+01
   endloop
 endfacet
 facet normal -8.730279e-01 -4.799511e-01 -8.642479e-02
   outer loop
     vertex  7.599176e+01  8.275512e+01  5.590568e+01
     vertex  7.820477e+01  7.872966e+01  5.590568e+01
     vertex  7.695307e+01  8.026924e+01  6.000000e+01
   endloop
 endfacet
 facet normal  0.000000e+00  0.000000e+00  0.000000e+00
   outer loop
     vertex  5.706777e+01  7.198349e+01  3.789901e+01
     vertex  6.116587e+01  7.198349e+01  3.743493e+01
     vertex  6.116587e+01  7.198349e+01  3.743493e+01
   endloop
 endfacet
 facet normal  1.125123e-01 -1.421361e-02  9.935487e-01
   outer loop
     vertex  5.706777e+01  7.198349e+01  3.789901e+01
     vertex  6.116587e+01  7.198349e+01  3.743493e+01
     vertex  5.719652e+01  7.300264e+01  3.789901e+01
   endloop
 endfacet
 facet normal  2.950692e-01 -1.622157e-01  9.416051e-01
   outer loop
     vertex  5.373821e+01  7.492431e+01  3.926775e+01
     vertex  5.757468e+01  7.395776e+01  3.789901e+01
     vertex  5.470291e+01  7.667910e+01  3.926775e+01
   endloop
 endfacet
 facet normal  3.063019e-01 -1.212735e-01  9.441779e-01
   outer loop
     vertex  5.373821e+01  7.492431e+01  3.926775e+01
     vertex  5.719652e+01  7.300264e+01  3.789901e+01
     vertex  5.757468e+01  7.395776e+01  3.789901e+01
   endloop
 endfacet
 facet normal  3.470584e-01 -4.195216e-01  8.387801e-01
   outer loop
     vertex  5.280124e+01  7.983840e+01  4.147183e+01
     vertex  5.607371e+01  7.813885e+01  3.926775e+01
     vertex  5.501747e+01  8.167183e+01  4.147183e+01
   endloop
 endfacet
 facet normal  3.845923e-01 -3.611562e-01  8.495028e-01
   outer loop
     vertex  5.280124e+01  7.983840e+01  4.147183e+01
     vertex  5.470291e+01  7.667910e+01  3.926775e+01
     vertex  5.607371e+01  7.813885e+01  3.926775e+01
   endloop
 endfacet
 facet normal  2.236543e-01 -6.883371e-01  6.900513e-01
   outer loop
     vertex  5.504341e+01  8.499438e+01  4.439961e+01
     vertex  5.762002e+01  8.289650e+01  4.147183e+01
     vertex  5.847144e+01  8.610821e+01  4.439961e+01
   endloop
 endfacet
 facet normal  2.976208e-01 -6.324764e-01  7.151192e-01
   outer loop
     vertex  5.504341e+01  8.499438e+01  4.439961e+01
     vertex  5.501747e+01  8.167183e+01  4.147183e+01
     vertex  5.762002e+01  8.289650e+01  4.147183e+01
   endloop
 endfacet
 facet normal  5.255809e-02 -8.353869e-01  5.471438e-01
   outer loop
     vertex  6.012632e+01  8.850679e+01  4.790282e+01
     vertex  5.847144e+01  8.610821e+01  4.439961e+01
     vertex  6.206877e+01  8.633454e+01  4.439961e+01
   endloop
 endfacet
 facet normal -5.422057e-02 -8.618114e-01  5.043226e-01
   outer loop
     vertex  6.012632e+01  8.850679e+01  4.790282e+01
     vertex  6.206877e+01  8.633454e+01  4.439961e+01
     vertex  6.426815e+01  8.824621e+01  4.790282e+01
   endloop
 endfacet
 facet normal -2.892039e-01 -8.900782e-01  3.523094e-01
   outer loop
     vertex  6.669543e+01  8.900171e+01  5.180404e+01
     vertex  6.426815e+01  8.824621e+01  4.790282e+01
     vertex  6.821506e+01  8.696378e+01  4.790282e+01
   endloop
 endfacet
 facet normal -4.070513e-01 -8.650280e-01  2.933187e-01
   outer loop
     vertex  6.669543e+01  8.900171e+01  5.180404e+01
     vertex  6.821506e+01  8.696378e+01  4.790282e+01
     vertex  7.075397e+01  8.709191e+01  5.180404e+01
   endloop
 endfacet
 facet normal -6.557458e-01 -7.401840e-01 -1.487452e-01
   outer loop
     vertex  7.284718e+01  8.610376e+01  5.590568e+01
     vertex  7.451141e+01  8.380660e+01  6.000000e+01
     vertex  7.129416e+01  8.665684e+01  6.000000e+01
   endloop
 endfacet
 facet normal -7.271872e-01 -6.828742e-01  6.986842e-02
   outer loop
     vertex  7.284718e+01  8.610376e+01  5.590568e+01
     vertex  7.421005e+01  8.423279e+01  5.180404e+01
     vertex  7.599176e+01  8.275512e+01  5.590568e+01
   endloop
 endfacet
 facet normal -6.312960e-01 -7.631058e-01  1.383286e-01
   outer loop
     vertex  7.284718e+01  8.610376e+01  5.590568e+01
     vertex  7.075397e+01  8.709191e+01  5.180404e+01
     vertex  7.421005e+01  8.423279e+01  5.180404e+01
   endloop
 endfacet
 facet normal -7.261771e-01 -6.819257e-01 -8.743043e-02
   outer loop
     vertex  7.284718e+01  8.610376e+01  5.590568e+01
     vertex  7.599176e+01  8.275512e+01  5.590568e+01
     vertex  7.451141e+01  8.380660e+01  6.000000e+01
   endloop
 endfacet
 facet normal  1.125123e-01  1.421361e-02  9.935487e-01
   outer loop
     vertex  5.719652e+01  7.096433e+01  3.789901e+01
     vertex  6.116587e+01  7.198349e+01  3.743493e+01
     vertex  5.706777e+01  7.198349e+01  3.789901e+01
   endloop
 endfacet
 facet normal  3.261405e-01 -8.373864e-02  9.416051e-01
   outer loop
     vertex  5.324021e+01  7.298473e+01  3.926775e+01
     vertex  5.719652e+01  7.300264e+01  3.789901e+01
     vertex  5.373821e+01  7.492431e+01  3.926775e+01
   endloop
 endfacet
 facet normal  3.268383e-01 -4.128928e-02  9.441779e-01
   outer loop
     vertex  5.324021e+01  7.298473e+01  3.926775e+01
     vertex  5.706777e+01  7.198349e+01  3.789901e+01
     vertex  5.719652e+01  7.300264e+01  3.789901e+01
   endloop
 endfacet
 facet normal  4.623255e-01 -2.541656e-01  8.495028e-01
   outer loop
     vertex  5.111059e+01  7.751143e+01  4.147183e+01
     vertex  5.373821e+01  7.492431e+01  3.926775e+01
     vertex  5.470291e+01  7.667910e+01  3.926775e+01
   endloop
 endfacet
 facet normal  4.404857e-01 -3.200316e-01  8.387801e-01
   outer loop
     vertex  5.111059e+01  7.751143e+01  4.147183e+01
     vertex  5.470291e+01  7.667910e+01  3.926775e+01
     vertex  5.280124e+01  7.983840e+01  4.147183e+01
   endloop
 endfacet
 facet normal  4.455610e-01 -5.385907e-01  7.151192e-01
   outer loop
     vertex  5.200008e+01  8.306303e+01  4.439961e+01
     vertex  5.280124e+01  7.983840e+01  4.147183e+01
     vertex  5.501747e+01  8.167183e+01  4.147183e+01
   endloop
 endfacet
 facet normal  3.878102e-01 -6.110912e-01  6.900513e-01
   outer loop
     vertex  5.200008e+01  8.306303e+01  4.439961e+01
     vertex  5.501747e+01  8.167183e+01  4.147183e+01
     vertex  5.504341e+01  8.499438e+01  4.439961e+01
   endloop
 endfacet
 facet normal  1.618066e-01 -8.482201e-01  5.043226e-01
   outer loop
     vertex  5.604980e+01  8.772915e+01  4.790282e+01
     vertex  5.847144e+01  8.610821e+01  4.439961e+01
     vertex  6.012632e+01  8.850679e+01  4.790282e+01
   endloop
 endfacet
 facet normal  2.586592e-01 -7.960710e-01  5.471438e-01
   outer loop
     vertex  5.604980e+01  8.772915e+01  4.790282e+01
     vertex  5.504341e+01  8.499438e+01  4.439961e+01
     vertex  5.847144e+01  8.610821e+01  4.439961e+01
   endloop
 endfacet
 facet normal -5.876462e-02 -9.340368e-01  3.523094e-01
   outer loop
     vertex  6.228945e+01  8.984220e+01  5.180404e+01
     vertex  6.012632e+01  8.850679e+01  4.790282e+01
     vertex  6.426815e+01  8.824621e+01  4.790282e+01
   endloop
 endfacet
 facet normal -1.791393e-01 -9.390811e-01  2.933187e-01
   outer loop
     vertex  6.228945e+01  8.984220e+01  5.180404e+01
     vertex  6.426815e+01  8.824621e+01  4.790282e+01
     vertex  6.669543e+01  8.900171e+01  5.180404e+01
   endloop
 endfacet
 facet normal -4.596659e-01 -8.758201e-01 -1.471273e-01
   outer loop
     vertex  6.896862e+01  8.856517e+01  5.590568e+01
     vertex  7.129416e+01  8.665684e+01  6.000000e+01
     vertex  6.748828e+01  8.865431e+01  6.000000e+01
   endloop
 endfacet
 facet normal -5.337082e-01 -8.409895e-01 -8.883775e-02
   outer loop
     vertex  6.896862e+01  8.856517e+01  5.590568e+01
     vertex  7.284718e+01  8.610376e+01  5.590568e+01
     vertex  7.129416e+01  8.665684e+01  6.000000e+01
   endloop
 endfacet
 facet normal -4.216860e-01 -8.961284e-01  1.383286e-01
   outer loop
     vertex  6.896862e+01  8.856517e+01  5.590568e+01
     vertex  6.669543e+01  8.900171e+01  5.180404e+01
     vertex  7.075397e+01  8.709191e+01  5.180404e+01
   endloop
 endfacet
 facet normal -5.345173e-01 -8.422646e-01  6.986842e-02
   outer loop
     vertex  6.896862e+01  8.856517e+01  5.590568e+01
     vertex  7.075397e+01  8.709191e+01  5.180404e+01
     vertex  7.284718e+01  8.610376e+01  5.590568e+01
   endloop
 endfacet
 facet normal  1.054427e-01  4.174773e-02  9.935487e-01
   outer loop
     vertex  5.757468e+01  7.000921e+01  3.789901e+01
     vertex  6.116587e+01  7.198349e+01  3.743493e+01
     vertex  5.719652e+01  7.096433e+01  3.789901e+01
   endloop
 endfacet
 facet normal  3.268383e-01  4.128928e-02  9.441779e-01
   outer loop
     vertex  5.324021e+01  7.098224e+01  3.926775e+01
     vertex  5.719652e+01  7.096433e+01  3.789901e+01
     vertex  5.706777e+01  7.198349e+01  3.789901e+01
   endloop
 endfacet
 facet normal  3.367191e-01 -0.000000e+00  9.416051e-01
   outer loop
     vertex  5.324021e+01  7.098224e+01  3.926775e+01
     vertex  5.706777e+01  7.198349e+01  3.789901e+01
     vertex  5.324021e+01  7.298473e+01  3.926775e+01
   endloop
 endfacet
 facet normal  5.110091e-01 -1.312048e-01  8.495028e-01
   outer loop
     vertex  5.005175e+01  7.483711e+01  4.147183e+01
     vertex  5.324021e+01  7.298473e+01  3.926775e+01
     vertex  5.373821e+01  7.492431e+01  3.926775e+01
   endloop
 endfacet
 facet normal  5.062357e-01 -2.004329e-01  8.387801e-01
   outer loop
     vertex  5.005175e+01  7.483711e+01  4.147183e+01
     vertex  5.373821e+01  7.492431e+01  3.926775e+01
     vertex  5.111059e+01  7.751143e+01  4.147183e+01
   endloop
 endfacet
 facet normal  5.655049e-01 -4.108634e-01  7.151192e-01
   outer loop
     vertex  4.953267e+01  8.043550e+01  4.439961e+01
     vertex  5.111059e+01  7.751143e+01  4.147183e+01
     vertex  5.280124e+01  7.983840e+01  4.147183e+01
   endloop
 endfacet
 facet normal  5.275987e-01 -4.954481e-01  6.900513e-01
   outer loop
     vertex  4.953267e+01  8.043550e+01  4.439961e+01
     vertex  5.280124e+01  7.983840e+01  4.147183e+01
     vertex  5.200008e+01  8.306303e+01  4.439961e+01
   endloop
 endfacet
 facet normal  4.485077e-01 -7.067351e-01  5.471438e-01
   outer loop
     vertex  5.229474e+01  8.596216e+01  4.790282e+01
     vertex  5.200008e+01  8.306303e+01  4.439961e+01
     vertex  5.504341e+01  8.499438e+01  4.439961e+01
   endloop
 endfacet
 facet normal  3.676669e-01 -7.813320e-01  5.043226e-01
   outer loop
     vertex  5.229474e+01  8.596216e+01  4.790282e+01
     vertex  5.504341e+01  8.499438e+01  4.439961e+01
     vertex  5.604980e+01  8.772915e+01  4.790282e+01
   endloop
 endfacet
 facet normal  1.753671e-01 -9.193065e-01  3.523094e-01
   outer loop
     vertex  5.781287e+01  8.956055e+01  5.180404e+01
     vertex  5.604980e+01  8.772915e+01  4.790282e+01
     vertex  6.012632e+01  8.850679e+01  4.790282e+01
   endloop
 endfacet
 facet normal  6.002866e-02 -9.541283e-01  2.933187e-01
   outer loop
     vertex  5.781287e+01  8.956055e+01  5.180404e+01
     vertex  6.012632e+01  8.850679e+01  4.790282e+01
     vertex  6.228945e+01  8.984220e+01  5.180404e+01
   endloop
 endfacet
 facet normal -2.367829e-01 -9.606658e-01 -1.451036e-01
   outer loop
     vertex  6.459979e+01  8.998469e+01  5.590568e+01
     vertex  6.748828e+01  8.865431e+01  6.000000e+01
     vertex  6.331498e+01  8.968294e+01  6.000000e+01
   endloop
 endfacet
 facet normal -3.077448e-01 -9.471412e-01 -9.064615e-02
   outer loop
     vertex  6.459979e+01  8.998469e+01  5.590568e+01
     vertex  6.896862e+01  8.856517e+01  5.590568e+01
     vertex  6.748828e+01  8.865431e+01  6.000000e+01
   endloop
 endfacet
 facet normal -1.855799e-01 -9.728439e-01  1.383286e-01
   outer loop
     vertex  6.459979e+01  8.998469e+01  5.590568e+01
     vertex  6.228945e+01  8.984220e+01  5.180404e+01
     vertex  6.669543e+01  8.900171e+01  5.180404e+01
   endloop
 endfacet
 facet normal -3.082618e-01 -9.487323e-01  6.986842e-02
   outer loop
     vertex  6.459979e+01  8.998469e+01  5.590568e+01
     vertex  6.669543e+01  8.900171e+01  5.180404e+01
     vertex  6.896862e+01  8.856517e+01  5.590568e+01
   endloop
 endfacet
 facet normal  9.174781e-02  6.665869e-02  9.935487e-01
   outer loop
     vertex  5.817848e+01  6.917814e+01  3.789901e+01
     vertex  6.116587e+01  7.198349e+01  3.743493e+01
     vertex  5.757468e+01  7.000921e+01  3.789901e+01
   endloop
 endfacet
 facet normal  3.063019e-01  1.212735e-01  9.441779e-01
   outer loop
     vertex  5.373821e+01  6.904266e+01  3.926775e+01
     vertex  5.757468e+01  7.000921e+01  3.789901e+01
     vertex  5.719652e+01  7.096433e+01  3.789901e+01
   endloop
 endfacet
 facet normal  3.261405e-01  8.373864e-02  9.416051e-01
   outer loop
     vertex  5.373821e+01  6.904266e+01  3.926775e+01
     vertex  5.719652e+01  7.096433e+01  3.789901e+01
     vertex  5.324021e+01  7.098224e+01  3.926775e+01
   endloop
 endfacet
 facet normal  5.275841e-01  0.000000e+00  8.495028e-01
   outer loop
     vertex  4.969126e+01  7.198349e+01  4.147183e+01
     vertex  5.324021e+01  7.098224e+01  3.926775e+01
     vertex  5.324021e+01  7.298473e+01  3.926775e+01
   endloop
 endfacet
 facet normal  5.401770e-01 -6.824022e-02  8.387801e-01
   outer loop
     vertex  4.969126e+01  7.198349e+01  4.147183e+01
     vertex  5.324021e+01  7.298473e+01  3.926775e+01
     vertex  5.005175e+01  7.483711e+01  4.147183e+01
   endloop
 endfacet
 facet normal  6.342361e-01 -3.486743e-01  6.900513e-01
   outer loop
     vertex  4.779622e+01  7.727691e+01  4.439961e+01
     vertex  5.111059e+01  7.751143e+01  4.147183e+01
     vertex  4.953267e+01  8.043550e+01  4.439961e+01
   endloop
 endfacet
 facet normal  6.499161e-01 -2.573200e-01  7.151192e-01
   outer loop
     vertex  4.779622e+01  7.727691e+01  4.439961e+01
     vertex  5.005175e+01  7.483711e+01  4.147183e+01
     vertex  5.111059e+01  7.751143e+01  4.147183e+01
   endloop
 endfacet
 facet normal  6.101749e-01 -5.729924e-01  5.471438e-01
   outer loop
     vertex  4.909709e+01  8.331683e+01  4.790282e+01
     vertex  4.953267e+01  8.043550e+01  4.439961e+01
     vertex  5.200008e+01  8.306303e+01  4.439961e+01
   endloop
 endfacet
 facet normal  5.504254e-01 -6.653500e-01  5.043226e-01
   outer loop
     vertex  4.909709e+01  8.331683e+01  4.790282e+01
     vertex  5.200008e+01  8.306303e+01  4.439961e+01
     vertex  5.229474e+01  8.596216e+01  4.790282e+01
   endloop
 endfacet
 facet normal  2.954248e-01 -9.092240e-01  2.933187e-01
   outer loop
     vertex  5.354697e+01  8.817448e+01  5.180404e+01
     vertex  5.604980e+01  8.772915e+01  4.790282e+01
     vertex  5.781287e+01  8.956055e+01  5.180404e+01
   endloop
 endfacet
 facet normal  3.984799e-01 -8.468128e-01  3.523094e-01
   outer loop
     vertex  5.354697e+01  8.817448e+01  5.180404e+01
     vertex  5.229474e+01  8.596216e+01  4.790282e+01
     vertex  5.604980e+01  8.772915e+01  4.790282e+01
   endloop
 endfacet
 facet normal  0.000000e+00 -9.897699e-01 -1.426731e-01
   outer loop
     vertex  6.001519e+01  9.027313e+01  5.590568e+01
     vertex  6.331498e+01  8.968294e+01  6.000000e+01
     vertex  5.901677e+01  8.968294e+01  6.000000e+01
   endloop
 endfacet
 facet normal -6.251924e-02 -9.937149e-01 -9.285486e-02
   outer loop
     vertex  6.001519e+01  9.027313e+01  5.590568e+01
     vertex  6.459979e+01  8.998469e+01  5.590568e+01
     vertex  6.331498e+01  8.968294e+01  6.000000e+01
   endloop
 endfacet
 facet normal  6.218688e-02 -9.884321e-01  1.383286e-01
   outer loop
     vertex  6.001519e+01  9.027313e+01  5.590568e+01
     vertex  5.781287e+01  8.956055e+01  5.180404e+01
     vertex  6.228945e+01  8.984220e+01  5.180404e+01
   endloop
 endfacet
 facet normal -6.263707e-02 -9.955878e-01  6.986842e-02
   outer loop
     vertex  6.001519e+01  9.027313e+01  5.590568e+01
     vertex  6.228945e+01  8.984220e+01  5.180404e+01
     vertex  6.459979e+01  8.998469e+01  5.590568e+01
   endloop
 endfacet
 facet normal  7.228804e-02  8.738123e-02  9.935487e-01
   outer loop
     vertex  5.897000e+01  6.852334e+01  3.789901e+01
     vertex  6.116587e+01  7.198349e+01  3.743493e+01
     vertex  5.817848e+01  6.917814e+01  3.789901e+01
   endloop
 endfacet
 facet normal  2.950692e-01  1.622157e-01  9.416051e-01
   outer loop
     vertex  5.470291e+01  6.728787e+01  3.926775e+01
     vertex  5.757468e+01  7.000921e+01  3.789901e+01
     vertex  5.373821e+01  6.904266e+01  3.926775e+01
   endloop
 endfacet
 facet normal  2.665194e-01  1.936376e-01  9.441779e-01
   outer loop
     vertex  5.470291e+01  6.728787e+01  3.926775e+01
     vertex  5.817848e+01  6.917814e+01  3.789901e+01
     vertex  5.757468e+01  7.000921e+01  3.789901e+01
   endloop
 endfacet
 facet normal  5.401770e-01  6.824022e-02  8.387801e-01
   outer loop
     vertex  5.005175e+01  6.912986e+01  4.147183e+01
     vertex  5.324021e+01  7.098224e+01  3.926775e+01
     vertex  4.969126e+01  7.198349e+01  4.147183e+01
   endloop
 endfacet
 facet normal  5.110091e-01  1.312048e-01  8.495028e-01
   outer loop
     vertex  5.005175e+01  6.912986e+01  4.147183e+01
     vertex  5.373821e+01  6.904266e+01  3.926775e+01
     vertex  5.324021e+01  7.098224e+01  3.926775e+01
   endloop
 endfacet
 facet normal  7.010222e-01 -1.799919e-01  6.900513e-01
   outer loop
     vertex  4.689983e+01  7.378571e+01  4.439961e+01
     vertex  5.005175e+01  7.483711e+01  4.147183e+01
     vertex  4.779622e+01  7.727691e+01  4.439961e+01
   endloop
 endfacet
 facet normal  6.934906e-01 -8.760824e-02  7.151192e-01
   outer loop
     vertex  4.689983e+01  7.378571e+01  4.439961e+01
     vertex  4.969126e+01  7.198349e+01  4.147183e+01
     vertex  5.005175e+01  7.483711e+01  4.147183e+01
   endloop
 endfacet
 facet normal  6.985986e-01 -5.075616e-01  5.043226e-01
   outer loop
     vertex  4.665776e+01  7.995939e+01  4.790282e+01
     vertex  4.953267e+01  8.043550e+01  4.439961e+01
     vertex  4.909709e+01  8.331683e+01  4.790282e+01
   endloop
 endfacet
 facet normal  7.335025e-01 -4.032464e-01  5.471438e-01
   outer loop
     vertex  4.665776e+01  7.995939e+01  4.790282e+01
     vertex  4.779622e+01  7.727691e+01  4.439961e+01
     vertex  4.953267e+01  8.043550e+01  4.439961e+01
   endloop
 endfacet
 facet normal  5.965547e-01 -7.211107e-01  3.523094e-01
   outer loop
     vertex  4.975980e+01  8.577107e+01  5.180404e+01
     vertex  4.909709e+01  8.331683e+01  4.790282e+01
     vertex  5.229474e+01  8.596216e+01  4.790282e+01
   endloop
 endfacet
 facet normal  5.122583e-01 -8.071899e-01  2.933187e-01
   outer loop
     vertex  4.975980e+01  8.577107e+01  5.180404e+01
     vertex  5.229474e+01  8.596216e+01  4.790282e+01
     vertex  5.354697e+01  8.817448e+01  5.180404e+01
   endloop
 endfacet
 facet normal  2.369643e-01 -9.614022e-01 -1.398349e-01
   outer loop
     vertex  5.550289e+01  8.941236e+01  5.590568e+01
     vertex  5.901677e+01  8.968294e+01  6.000000e+01
     vertex  5.484346e+01  8.865431e+01  6.000000e+01
   endloop
 endfacet
 facet normal  3.060462e-01 -9.419134e-01  1.383286e-01
   outer loop
     vertex  5.550289e+01  8.941236e+01  5.590568e+01
     vertex  5.354697e+01  8.817448e+01  5.180404e+01
     vertex  5.781287e+01  8.956055e+01  5.180404e+01
   endloop
 endfacet
 facet normal  1.865255e-01 -9.778011e-01 -9.546289e-02
   outer loop
     vertex  5.550289e+01  8.941236e+01  5.590568e+01
     vertex  6.001519e+01  9.027313e+01  5.590568e+01
     vertex  5.901677e+01  8.968294e+01  6.000000e+01
   endloop
 endfacet
 facet normal  1.869234e-01 -9.798868e-01  6.986842e-02
   outer loop
     vertex  5.550289e+01  8.941236e+01  5.590568e+01
     vertex  5.781287e+01  8.956055e+01  5.180404e+01
     vertex  6.001519e+01  9.027313e+01  5.590568e+01
   endloop
 endfacet
 facet normal  4.828615e-02  1.026133e-01  9.935487e-01
   outer loop
     vertex  5.989949e+01  6.808595e+01  3.789901e+01
     vertex  6.116587e+01  7.198349e+01  3.743493e+01
     vertex  5.897000e+01  6.852334e+01  3.789901e+01
   endloop
 endfacet
 facet normal  2.454577e-01  2.305001e-01  9.416051e-01
   outer loop
     vertex  5.607371e+01  6.582812e+01  3.926775e+01
     vertex  5.817848e+01  6.917814e+01  3.789901e+01
     vertex  5.470291e+01  6.728787e+01  3.926775e+01
   endloop
 endfacet
 facet normal  2.099904e-01  2.538348e-01  9.441779e-01
   outer loop
     vertex  5.607371e+01  6.582812e+01  3.926775e+01
     vertex  5.897000e+01  6.852334e+01  3.789901e+01
     vertex  5.817848e+01  6.917814e+01  3.789901e+01
   endloop
 endfacet
 facet normal  4.623255e-01  2.541656e-01  8.495028e-01
   outer loop
     vertex  5.111059e+01  6.645555e+01  4.147183e+01
     vertex  5.470291e+01  6.728787e+01  3.926775e+01
     vertex  5.373821e+01  6.904266e+01  3.926775e+01
   endloop
 endfacet
 facet normal  5.062357e-01  2.004329e-01  8.387801e-01
   outer loop
     vertex  5.111059e+01  6.645555e+01  4.147183e+01
     vertex  5.373821e+01  6.904266e+01  3.926775e+01
     vertex  5.005175e+01  6.912986e+01  4.147183e+01
   endloop
 endfacet
 facet normal  7.237604e-01 -1.426748e-15  6.900513e-01
   outer loop
     vertex  4.689983e+01  7.018127e+01  4.439961e+01
     vertex  4.969126e+01  7.198349e+01  4.147183e+01
     vertex  4.689983e+01  7.378571e+01  4.439961e+01
   endloop
 endfacet
 facet normal  6.934906e-01  8.760824e-02  7.151192e-01
   outer loop
     vertex  4.689983e+01  7.018127e+01  4.439961e+01
     vertex  5.005175e+01  6.912986e+01  4.147183e+01
     vertex  4.969126e+01  7.198349e+01  4.147183e+01
   endloop
 endfacet
 facet normal  8.028762e-01 -3.178812e-01  5.043226e-01
   outer loop
     vertex  4.513004e+01  7.610079e+01  4.790282e+01
     vertex  4.779622e+01  7.727691e+01  4.439961e+01
     vertex  4.665776e+01  7.995939e+01  4.790282e+01
   endloop
 endfacet
 facet normal  8.107415e-01 -2.081630e-01  5.471438e-01
   outer loop
     vertex  4.513004e+01  7.610079e+01  4.790282e+01
     vertex  4.689983e+01  7.378571e+01  4.439961e+01
     vertex  4.779622e+01  7.727691e+01  4.439961e+01
   endloop
 endfacet
 facet normal  6.969047e-01 -6.544371e-01  2.933187e-01
   outer loop
     vertex  4.668931e+01  8.250133e+01  5.180404e+01
     vertex  4.909709e+01  8.331683e+01  4.790282e+01
     vertex  4.975980e+01  8.577107e+01  5.180404e+01
   endloop
 endfacet
 facet normal  7.571457e-01 -5.500986e-01  3.523094e-01
   outer loop
     vertex  4.668931e+01  8.250133e+01  5.180404e+01
     vertex  4.665776e+01  7.995939e+01  4.790282e+01
     vertex  4.909709e+01  8.331683e+01  4.790282e+01
   endloop
 endfacet
 facet normal  4.603678e-01 -8.771575e-01 -1.365877e-01
   outer loop
     vertex  5.134642e+01  8.745647e+01  5.590568e+01
     vertex  5.484346e+01  8.865431e+01  6.000000e+01
     vertex  5.103759e+01  8.665684e+01  6.000000e+01
   endloop
 endfacet
 facet normal  4.237101e-01 -9.004297e-01 -9.846906e-02
   outer loop
     vertex  5.134642e+01  8.745647e+01  5.590568e+01
     vertex  5.550289e+01  8.941236e+01  5.590568e+01
     vertex  5.484346e+01  8.865431e+01  6.000000e+01
   endloop
 endfacet
 facet normal  5.306756e-01 -8.362109e-01  1.383286e-01
   outer loop
     vertex  5.134642e+01  8.745647e+01  5.590568e+01
     vertex  4.975980e+01  8.577107e+01  5.180404e+01
     vertex  5.354697e+01  8.817448e+01  5.180404e+01
   endloop
 endfacet
 facet normal  4.247388e-01 -9.026159e-01  6.986842e-02
   outer loop
     vertex  5.134642e+01  8.745647e+01  5.590568e+01
     vertex  5.354697e+01  8.817448e+01  5.180404e+01
     vertex  5.550289e+01  8.941236e+01  5.590568e+01
   endloop
 endfacet
 facet normal  2.125026e-02  1.113978e-01  9.935487e-01
   outer loop
     vertex  6.090855e+01  6.789347e+01  3.789901e+01
     vertex  6.116587e+01  7.198349e+01  3.743493e+01
     vertex  5.989949e+01  6.808595e+01  3.789901e+01
   endloop
 endfacet
 facet normal  1.402670e-01  2.980826e-01  9.441779e-01
   outer loop
     vertex  5.776447e+01  6.475513e+01  3.926775e+01
     vertex  5.989949e+01  6.808595e+01  3.789901e+01
     vertex  5.897000e+01  6.852334e+01  3.789901e+01
   endloop
 endfacet
 facet normal  1.804231e-01  2.843013e-01  9.416051e-01
   outer loop
     vertex  5.776447e+01  6.475513e+01  3.926775e+01
     vertex  5.897000e+01  6.852334e+01  3.789901e+01
     vertex  5.607371e+01  6.582812e+01  3.926775e+01
   endloop
 endfacet
 facet normal  3.845923e-01  3.611562e-01  8.495028e-01
   outer loop
     vertex  5.280124e+01  6.412857e+01  4.147183e+01
     vertex  5.607371e+01  6.582812e+01  3.926775e+01
     vertex  5.470291e+01  6.728787e+01  3.926775e+01
   endloop
 endfacet
 facet normal  4.404857e-01  3.200316e-01  8.387801e-01
   outer loop
     vertex  5.280124e+01  6.412857e+01  4.147183e+01
     vertex  5.470291e+01  6.728787e+01  3.926775e+01
     vertex  5.111059e+01  6.645555e+01  4.147183e+01
   endloop
 endfacet
 facet normal  6.499161e-01  2.573200e-01  7.151192e-01
   outer loop
     vertex  4.779622e+01  6.669007e+01  4.439961e+01
     vertex  5.111059e+01  6.645555e+01  4.147183e+01
     vertex  5.005175e+01  6.912986e+01  4.147183e+01
   endloop
 endfacet
 facet normal  7.010222e-01  1.799919e-01  6.900513e-01
   outer loop
     vertex  4.779622e+01  6.669007e+01  4.439961e+01
     vertex  5.005175e+01  6.912986e+01  4.147183e+01
     vertex  4.689983e+01  7.018127e+01  4.439961e+01
   endloop
 endfacet
 facet normal  8.370386e-01 -1.648540e-15  5.471438e-01
   outer loop
     vertex  4.460990e+01  7.198349e+01  4.790282e+01
     vertex  4.689983e+01  7.018127e+01  4.439961e+01
     vertex  4.689983e+01  7.378571e+01  4.439961e+01
   endloop
 endfacet
 facet normal  8.567062e-01 -1.082272e-01  5.043226e-01
   outer loop
     vertex  4.460990e+01  7.198349e+01  4.790282e+01
     vertex  4.689983e+01  7.378571e+01  4.439961e+01
     vertex  4.513004e+01  7.610079e+01  4.790282e+01
   endloop
 endfacet
 facet normal  8.701626e-01 -3.445217e-01  3.523094e-01
   outer loop
     vertex  4.452843e+01  7.857071e+01  5.180404e+01
     vertex  4.513004e+01  7.610079e+01  4.790282e+01
     vertex  4.665776e+01  7.995939e+01  4.790282e+01
   endloop
 endfacet
 facet normal  8.377621e-01 -4.605636e-01  2.933187e-01
   outer loop
     vertex  4.452843e+01  7.857071e+01  5.180404e+01
     vertex  4.665776e+01  7.995939e+01  4.790282e+01
     vertex  4.668931e+01  8.250133e+01  5.180404e+01
   endloop
 endfacet
 facet normal  6.572377e-01 -7.418680e-01 -1.329303e-01
   outer loop
     vertex  4.780694e+01  8.452836e+01  5.590568e+01
     vertex  5.103759e+01  8.665684e+01  6.000000e+01
     vertex  4.782034e+01  8.380660e+01  6.000000e+01
   endloop
 endfacet
 facet normal  7.219606e-01 -6.779661e-01  1.383286e-01
   outer loop
     vertex  4.780694e+01  8.452836e+01  5.590568e+01
     vertex  4.668931e+01  8.250133e+01  5.180404e+01
     vertex  4.975980e+01  8.577107e+01  5.180404e+01
   endloop
 endfacet
 facet normal  6.358663e-01 -7.686303e-01  6.986842e-02
   outer loop
     vertex  4.780694e+01  8.452836e+01  5.590568e+01
     vertex  4.975980e+01  8.577107e+01  5.180404e+01
     vertex  5.134642e+01  8.745647e+01  5.590568e+01
   endloop
 endfacet
 facet normal  6.341078e-01 -7.665047e-01 -1.018719e-01
   outer loop
     vertex  4.780694e+01  8.452836e+01  5.590568e+01
     vertex  5.134642e+01  8.745647e+01  5.590568e+01
     vertex  5.103759e+01  8.665684e+01  6.000000e+01
   endloop
 endfacet
 facet normal -7.120855e-03  1.131827e-01  9.935487e-01
   outer loop
     vertex  6.193378e+01  6.795797e+01  3.789901e+01
     vertex  6.116587e+01  7.198349e+01  3.743493e+01
     vertex  6.090855e+01  6.789347e+01  3.789901e+01
   endloop
 endfacet
 facet normal  1.040519e-01  3.202389e-01  9.416051e-01
   outer loop
     vertex  5.966895e+01  6.413633e+01  3.926775e+01
     vertex  5.989949e+01  6.808595e+01  3.789901e+01
     vertex  5.776447e+01  6.475513e+01  3.926775e+01
   endloop
 endfacet
 facet normal  6.173016e-02  3.236008e-01  9.441779e-01
   outer loop
     vertex  5.966895e+01  6.413633e+01  3.926775e+01
     vertex  6.090855e+01  6.789347e+01  3.789901e+01
     vertex  5.989949e+01  6.808595e+01  3.789901e+01
   endloop
 endfacet
 facet normal  2.826937e-01  4.454540e-01  8.495028e-01
   outer loop
     vertex  5.501747e+01  6.229515e+01  4.147183e+01
     vertex  5.776447e+01  6.475513e+01  3.926775e+01
     vertex  5.607371e+01  6.582812e+01  3.926775e+01
   endloop
 endfacet
 facet normal  3.470584e-01  4.195216e-01  8.387801e-01
   outer loop
     vertex  5.501747e+01  6.229515e+01  4.147183e+01
     vertex  5.607371e+01  6.582812e+01  3.926775e+01
     vertex  5.280124e+01  6.412857e+01  4.147183e+01
   endloop
 endfacet
 facet normal  5.655049e-01  4.108634e-01  7.151192e-01
   outer loop
     vertex  4.953267e+01  6.353147e+01  4.439961e+01
     vertex  5.280124e+01  6.412857e+01  4.147183e+01
     vertex  5.111059e+01  6.645555e+01  4.147183e+01
   endloop
 endfacet
 facet normal  6.342361e-01  3.486743e-01  6.900513e-01
   outer loop
     vertex  4.953267e+01  6.353147e+01  4.439961e+01
     vertex  5.111059e+01  6.645555e+01  4.147183e+01
     vertex  4.779622e+01  6.669007e+01  4.439961e+01
   endloop
 endfacet
 facet normal  8.567062e-01  1.082272e-01  5.043226e-01
   outer loop
     vertex  4.513004e+01  6.786618e+01  4.790282e+01
     vertex  4.689983e+01  7.018127e+01  4.439961e+01
     vertex  4.460990e+01  7.198349e+01  4.790282e+01
   endloop
 endfacet
 facet normal  8.107415e-01  2.081630e-01  5.471438e-01
   outer loop
     vertex  4.513004e+01  6.786618e+01  4.790282e+01
     vertex  4.779622e+01  6.669007e+01  4.439961e+01
     vertex  4.689983e+01  7.018127e+01  4.439961e+01
   endloop
 endfacet
 facet normal  9.285039e-01 -1.172973e-01  3.523094e-01
   outer loop
     vertex  4.341295e+01  7.422620e+01  5.180404e+01
     vertex  4.460990e+01  7.198349e+01  4.790282e+01
     vertex  4.513004e+01  7.610079e+01  4.790282e+01
   endloop
 endfacet
 facet normal  9.259798e-01 -2.377512e-01  2.933187e-01
   outer loop
     vertex  4.341295e+01  7.422620e+01  5.180404e+01
     vertex  4.513004e+01  7.610079e+01  4.790282e+01
     vertex  4.452843e+01  7.857071e+01  5.180404e+01
   endloop
 endfacet
 facet normal  8.161223e-01 -5.633286e-01 -1.288614e-01
   outer loop
     vertex  4.510685e+01  8.081201e+01  5.590568e+01
     vertex  4.782034e+01  8.380660e+01  6.000000e+01
     vertex  4.537868e+01  8.026924e+01  6.000000e+01
   endloop
 endfacet
 facet normal  8.044875e-01 -5.844944e-01 -1.056699e-01
   outer loop
     vertex  4.510685e+01  8.081201e+01  5.590568e+01
     vertex  4.780694e+01  8.452836e+01  5.590568e+01
     vertex  4.782034e+01  8.380660e+01  6.000000e+01
   endloop
 endfacet
 facet normal  8.070399e-01 -5.863488e-01  6.986842e-02
   outer loop
     vertex  4.510685e+01  8.081201e+01  5.590568e+01
     vertex  4.668931e+01  8.250133e+01  5.180404e+01
     vertex  4.780694e+01  8.452836e+01  5.590568e+01
   endloop
 endfacet
 facet normal  8.678822e-01 -4.771223e-01  1.383286e-01
   outer loop
     vertex  4.510685e+01  8.081201e+01  5.590568e+01
     vertex  4.452843e+01  7.857071e+01  5.180404e+01
     vertex  4.668931e+01  8.250133e+01  5.180404e+01
   endloop
 endfacet
 facet normal -3.504455e-02  1.078560e-01  9.935487e-01
   outer loop
     vertex  6.291076e+01  6.827541e+01  3.789901e+01
     vertex  6.116587e+01  7.198349e+01  3.743493e+01
     vertex  6.193378e+01  6.795797e+01  3.789901e+01
   endloop
 endfacet
 facet normal -2.068546e-02  3.287860e-01  9.441779e-01
   outer loop
     vertex  6.166749e+01  6.401059e+01  3.926775e+01
     vertex  6.193378e+01  6.795797e+01  3.789901e+01
     vertex  6.090855e+01  6.789347e+01  3.789901e+01
   endloop
 endfacet
 facet normal  2.114277e-02  3.360547e-01  9.416051e-01
   outer loop
     vertex  6.166749e+01  6.401059e+01  3.926775e+01
     vertex  6.090855e+01  6.789347e+01  3.789901e+01
     vertex  5.966895e+01  6.413633e+01  3.926775e+01
   endloop
 endfacet
 facet normal  1.630325e-01  5.017623e-01  8.495028e-01
   outer loop
     vertex  5.762002e+01  6.107048e+01  4.147183e+01
     vertex  5.966895e+01  6.413633e+01  3.926775e+01
     vertex  5.776447e+01  6.475513e+01  3.926775e+01
   endloop
 endfacet
 facet normal  2.318242e-01  4.926515e-01  8.387801e-01
   outer loop
     vertex  5.762002e+01  6.107048e+01  4.147183e+01
     vertex  5.776447e+01  6.475513e+01  3.926775e+01
     vertex  5.501747e+01  6.229515e+01  4.147183e+01
   endloop
 endfacet
 facet normal  4.455610e-01  5.385907e-01  7.151192e-01
   outer loop
     vertex  5.200008e+01  6.090395e+01  4.439961e+01
     vertex  5.501747e+01  6.229515e+01  4.147183e+01
     vertex  5.280124e+01  6.412857e+01  4.147183e+01
   endloop
 endfacet
 facet normal  5.275987e-01  4.954481e-01  6.900513e-01
   outer loop
     vertex  5.200008e+01  6.090395e+01  4.439961e+01
     vertex  5.280124e+01  6.412857e+01  4.147183e+01
     vertex  4.953267e+01  6.353147e+01  4.439961e+01
   endloop
 endfacet
 facet normal  7.335025e-01  4.032464e-01  5.471438e-01
   outer loop
     vertex  4.665776e+01  6.400759e+01  4.790282e+01
     vertex  4.953267e+01  6.353147e+01  4.439961e+01
     vertex  4.779622e+01  6.669007e+01  4.439961e+01
   endloop
 endfacet
 facet normal  8.028762e-01  3.178812e-01  5.043226e-01
   outer loop
     vertex  4.665776e+01  6.400759e+01  4.790282e+01
     vertex  4.779622e+01  6.669007e+01  4.439961e+01
     vertex  4.513004e+01  6.786618e+01  4.790282e+01
   endloop
 endfacet
 facet normal  9.285039e-01  1.172973e-01  3.523094e-01
   outer loop
     vertex  4.341295e+01  6.974077e+01  5.180404e+01
     vertex  4.513004e+01  6.786618e+01  4.790282e+01
     vertex  4.460990e+01  7.198349e+01  4.790282e+01
   endloop
 endfacet
 facet normal  9.560147e-01 -0.000000e+00  2.933187e-01
   outer loop
     vertex  4.341295e+01  6.974077e+01  5.180404e+01
     vertex  4.460990e+01  7.198349e+01  4.790282e+01
     vertex  4.341295e+01  7.422620e+01  5.180404e+01
   endloop
 endfacet
 facet normal  9.277556e-01 -3.518513e-01 -1.243796e-01
   outer loop
     vertex  4.341581e+01  7.654093e+01  5.590568e+01
     vertex  4.537868e+01  8.026924e+01  6.000000e+01
     vertex  4.385452e+01  7.625035e+01  6.000000e+01
   endloop
 endfacet
 facet normal  9.241485e-01 -3.658963e-01 -1.098609e-01
   outer loop
     vertex  4.341581e+01  7.654093e+01  5.590568e+01
     vertex  4.510685e+01  8.081201e+01  5.590568e+01
     vertex  4.537868e+01  8.026924e+01  6.000000e+01
   endloop
 endfacet
 facet normal  9.592716e-01 -2.462991e-01  1.383286e-01
   outer loop
     vertex  4.341581e+01  7.654093e+01  5.590568e+01
     vertex  4.341295e+01  7.422620e+01  5.180404e+01
     vertex  4.452843e+01  7.857071e+01  5.180404e+01
   endloop
 endfacet
 facet normal  9.275043e-01 -3.672249e-01  6.986842e-02
   outer loop
     vertex  4.341581e+01  7.654093e+01  5.590568e+01
     vertex  4.452843e+01  7.857071e+01  5.180404e+01
     vertex  4.510685e+01  8.081201e+01  5.590568e+01
   endloop
 endfacet
 facet normal -6.076626e-02  9.575230e-02  9.935487e-01
   outer loop
     vertex  6.377811e+01  6.882584e+01  3.789901e+01
     vertex  6.116587e+01  7.198349e+01  3.743493e+01
     vertex  6.291076e+01  6.827541e+01  3.789901e+01
   endloop
 endfacet
 facet normal -1.018013e-01  3.133123e-01  9.441779e-01
   outer loop
     vertex  6.363451e+01  6.438582e+01  3.926775e+01
     vertex  6.291076e+01  6.827541e+01  3.789901e+01
     vertex  6.193378e+01  6.795797e+01  3.789901e+01
   endloop
 endfacet
 facet normal -6.309487e-02  3.307549e-01  9.416051e-01
   outer loop
     vertex  6.363451e+01  6.438582e+01  3.926775e+01
     vertex  6.193378e+01  6.795797e+01  3.789901e+01
     vertex  6.166749e+01  6.401059e+01  3.926775e+01
   endloop
 endfacet
 facet normal  3.312728e-02  5.265430e-01  8.495028e-01
   outer loop
     vertex  6.044538e+01  6.053151e+01  4.147183e+01
     vertex  6.166749e+01  6.401059e+01  3.926775e+01
     vertex  5.966895e+01  6.413633e+01  3.926775e+01
   endloop
 endfacet
 facet normal  1.020236e-01  5.348262e-01  8.387801e-01
   outer loop
     vertex  6.044538e+01  6.053151e+01  4.147183e+01
     vertex  5.966895e+01  6.413633e+01  3.926775e+01
     vertex  5.762002e+01  6.107048e+01  4.147183e+01
   endloop
 endfacet
 facet normal  2.976208e-01  6.324764e-01  7.151192e-01
   outer loop
     vertex  5.504341e+01  5.897259e+01  4.439961e+01
     vertex  5.762002e+01  6.107048e+01  4.147183e+01
     vertex  5.501747e+01  6.229515e+01  4.147183e+01
   endloop
 endfacet
 facet normal  3.878102e-01  6.110912e-01  6.900513e-01
   outer loop
     vertex  5.504341e+01  5.897259e+01  4.439961e+01
     vertex  5.501747e+01  6.229515e+01  4.147183e+01
     vertex  5.200008e+01  6.090395e+01  4.439961e+01
   endloop
 endfacet
 facet normal  6.985986e-01  5.075616e-01  5.043226e-01
   outer loop
     vertex  4.909709e+01  6.065014e+01  4.790282e+01
     vertex  4.953267e+01  6.353147e+01  4.439961e+01
     vertex  4.665776e+01  6.400759e+01  4.790282e+01
   endloop
 endfacet
 facet normal  6.101749e-01  5.729924e-01  5.471438e-01
   outer loop
     vertex  4.909709e+01  6.065014e+01  4.790282e+01
     vertex  5.200008e+01  6.090395e+01  4.439961e+01
     vertex  4.953267e+01  6.353147e+01  4.439961e+01
   endloop
 endfacet
 facet normal  8.701626e-01  3.445217e-01  3.523094e-01
   outer loop
     vertex  4.452843e+01  6.539626e+01  5.180404e+01
     vertex  4.665776e+01  6.400759e+01  4.790282e+01
     vertex  4.513004e+01  6.786618e+01  4.790282e+01
   endloop
 endfacet
 facet normal  9.259798e-01  2.377512e-01  2.933187e-01
   outer loop
     vertex  4.452843e+01  6.539626e+01  5.180404e+01
     vertex  4.513004e+01  6.786618e+01  4.790282e+01
     vertex  4.341295e+01  6.974077e+01  5.180404e+01
   endloop
 endfacet
 facet normal  9.855973e-01 -1.196732e-01 -1.194834e-01
   outer loop
     vertex  4.284007e+01  7.198349e+01  5.590568e+01
     vertex  4.385452e+01  7.625035e+01  6.000000e+01
     vertex  4.333642e+01  7.198349e+01  6.000000e+01
   endloop
 endfacet
 facet normal  9.855973e-01  1.196732e-01 -1.194834e-01
   outer loop
     vertex  4.284007e+01  7.198349e+01  5.590568e+01
     vertex  4.333642e+01  7.198349e+01  6.000000e+01
     vertex  4.385452e+01  6.771662e+01  6.000000e+01
   endloop
 endfacet
 facet normal  9.903864e-01  0.000000e+00  1.383286e-01
   outer loop
     vertex  4.284007e+01  7.198349e+01  5.590568e+01
     vertex  4.341295e+01  6.974077e+01  5.180404e+01
     vertex  4.341295e+01  7.422620e+01  5.180404e+01
   endloop
 endfacet
 facet normal  9.896902e-01 -1.250269e-01  6.986842e-02
   outer loop
     vertex  4.284007e+01  7.198349e+01  5.590568e+01
     vertex  4.341295e+01  7.422620e+01  5.180404e+01
     vertex  4.341581e+01  7.654093e+01  5.590568e+01
   endloop
 endfacet
 facet normal  9.855964e-01 -1.245098e-01 -1.144428e-01
   outer loop
     vertex  4.284007e+01  7.198349e+01  5.590568e+01
     vertex  4.341581e+01  7.654093e+01  5.590568e+01
     vertex  4.385452e+01  7.625035e+01  6.000000e+01
   endloop
 endfacet
 facet normal -8.266980e-02  7.763211e-02  9.935487e-01
   outer loop
     vertex  6.448131e+01  6.957468e+01  3.789901e+01
     vertex  6.116587e+01  7.198349e+01  3.743493e+01
     vertex  6.377811e+01  6.882584e+01  3.789901e+01
   endloop
 endfacet
 facet normal -1.765207e-01  2.781520e-01  9.441779e-01
   outer loop
     vertex  6.544641e+01  6.523844e+01  3.926775e+01
     vertex  6.377811e+01  6.882584e+01  3.789901e+01
     vertex  6.291076e+01  6.827541e+01  3.789901e+01
   endloop
 endfacet
 facet normal -1.433680e-01  3.046726e-01  9.416051e-01
   outer loop
     vertex  6.544641e+01  6.523844e+01  3.926775e+01
     vertex  6.291076e+01  6.827541e+01  3.789901e+01
     vertex  6.363451e+01  6.438582e+01  3.926775e+01
   endloop
 endfacet
 facet normal -3.418757e-02  5.433959e-01  8.387801e-01
   outer loop
     vertex  6.331600e+01  6.071212e+01  4.147183e+01
     vertex  6.166749e+01  6.401059e+01  3.926775e+01
     vertex  6.044538e+01  6.053151e+01  4.147183e+01
   endloop
 endfacet
 facet normal -9.885940e-02  5.182391e-01  8.495028e-01
   outer loop
     vertex  6.331600e+01  6.071212e+01  4.147183e+01
     vertex  6.363451e+01  6.438582e+01  3.926775e+01
     vertex  6.166749e+01  6.401059e+01  3.926775e+01
   endloop
 endfacet
 facet normal  1.309800e-01  6.866212e-01  7.151192e-01
   outer loop
     vertex  5.847144e+01  5.785876e+01  4.439961e+01
     vertex  6.044538e+01  6.053151e+01  4.147183e+01
     vertex  5.762002e+01  6.107048e+01  4.147183e+01
   endloop
 endfacet
 facet normal  2.236543e-01  6.883371e-01  6.900513e-01
   outer loop
     vertex  5.847144e+01  5.785876e+01  4.439961e+01
     vertex  5.762002e+01  6.107048e+01  4.147183e+01
     vertex  5.504341e+01  5.897259e+01  4.439961e+01
   endloop
 endfacet
 facet normal  4.485077e-01  7.067351e-01  5.471438e-01
   outer loop
     vertex  5.229474e+01  5.800482e+01  4.790282e+01
     vertex  5.504341e+01  5.897259e+01  4.439961e+01
     vertex  5.200008e+01  6.090395e+01  4.439961e+01
   endloop
 endfacet
 facet normal  5.504254e-01  6.653500e-01  5.043226e-01
   outer loop
     vertex  5.229474e+01  5.800482e+01  4.790282e+01
     vertex  5.200008e+01  6.090395e+01  4.439961e+01
     vertex  4.909709e+01  6.065014e+01  4.790282e+01
   endloop
 endfacet
 facet normal  7.571457e-01  5.500986e-01  3.523094e-01
   outer loop
     vertex  4.668931e+01  6.146564e+01  5.180404e+01
     vertex  4.909709e+01  6.065014e+01  4.790282e+01
     vertex  4.665776e+01  6.400759e+01  4.790282e+01
   endloop
 endfacet
 facet normal  8.377621e-01  4.605636e-01  2.933187e-01
   outer loop
     vertex  4.668931e+01  6.146564e+01  5.180404e+01
     vertex  4.665776e+01  6.400759e+01  4.790282e+01
     vertex  4.452843e+01  6.539626e+01  5.180404e+01
   endloop
 endfacet
 facet normal  9.855964e-01  1.245098e-01 -1.144428e-01
   outer loop
     vertex  4.341581e+01  6.742604e+01  5.590568e+01
     vertex  4.284007e+01  7.198349e+01  5.590568e+01
     vertex  4.385452e+01  6.771662e+01  6.000000e+01
   endloop
 endfacet
 facet normal  9.277556e-01  3.518513e-01 -1.243796e-01
   outer loop
     vertex  4.341581e+01  6.742604e+01  5.590568e+01
     vertex  4.385452e+01  6.771662e+01  6.000000e+01
     vertex  4.537868e+01  6.369773e+01  6.000000e+01
   endloop
 endfacet
 facet normal  9.896902e-01  1.250269e-01  6.986842e-02
   outer loop
     vertex  4.341581e+01  6.742604e+01  5.590568e+01
     vertex  4.341295e+01  6.974077e+01  5.180404e+01
     vertex  4.284007e+01  7.198349e+01  5.590568e+01
   endloop
 endfacet
 facet normal  9.592716e-01  2.462991e-01  1.383286e-01
   outer loop
     vertex  4.341581e+01  6.742604e+01  5.590568e+01
     vertex  4.452843e+01  6.539626e+01  5.180404e+01
     vertex  4.341295e+01  6.974077e+01  5.180404e+01
   endloop
 endfacet
 facet normal -9.937890e-02  5.463401e-02  9.935487e-01
   outer loop
     vertex  6.497620e+01  7.047487e+01  3.789901e+01
     vertex  6.116587e+01  7.198349e+01  3.743493e+01
     vertex  6.448131e+01  6.957468e+01  3.789901e+01
   endloop
 endfacet
 facet normal -2.401485e-01  2.255145e-01  9.441779e-01
   outer loop
     vertex  6.698936e+01  6.651487e+01  3.926775e+01
     vertex  6.448131e+01  6.957468e+01  3.789901e+01
     vertex  6.377811e+01  6.882584e+01  3.789901e+01
   endloop
 endfacet
 facet normal -2.146328e-01  2.594465e-01  9.416051e-01
   outer loop
     vertex  6.698936e+01  6.651487e+01  3.926775e+01
     vertex  6.377811e+01  6.882584e+01  3.789901e+01
     vertex  6.544641e+01  6.523844e+01  3.926775e+01
   endloop
 endfacet
 facet normal -2.246344e-01  4.773724e-01  8.495028e-01
   outer loop
     vertex  6.605153e+01  6.160094e+01  4.147183e+01
     vertex  6.544641e+01  6.523844e+01  3.926775e+01
     vertex  6.363451e+01  6.438582e+01  3.926775e+01
   endloop
 endfacet
 facet normal -1.682506e-01  5.178220e-01  8.387801e-01
   outer loop
     vertex  6.605153e+01  6.160094e+01  4.147183e+01
     vertex  6.363451e+01  6.438582e+01  3.926775e+01
     vertex  6.331600e+01  6.071212e+01  4.147183e+01
   endloop
 endfacet
 facet normal  4.544529e-02  7.223323e-01  6.900513e-01
   outer loop
     vertex  6.206877e+01  5.763243e+01  4.439961e+01
     vertex  6.044538e+01  6.053151e+01  4.147183e+01
     vertex  5.847144e+01  5.785876e+01  4.439961e+01
   endloop
 endfacet
 facet normal -4.389073e-02  6.976232e-01  7.151192e-01
   outer loop
     vertex  6.206877e+01  5.763243e+01  4.439961e+01
     vertex  6.331600e+01  6.071212e+01  4.147183e+01
     vertex  6.044538e+01  6.053151e+01  4.147183e+01
   endloop
 endfacet
 facet normal  2.586592e-01  7.960710e-01  5.471438e-01
   outer loop
     vertex  5.604980e+01  5.623782e+01  4.790282e+01
     vertex  5.847144e+01  5.785876e+01  4.439961e+01
     vertex  5.504341e+01  5.897259e+01  4.439961e+01
   endloop
 endfacet
 facet normal  3.676669e-01  7.813320e-01  5.043226e-01
   outer loop
     vertex  5.604980e+01  5.623782e+01  4.790282e+01
     vertex  5.504341e+01  5.897259e+01  4.439961e+01
     vertex  5.229474e+01  5.800482e+01  4.790282e+01
   endloop
 endfacet
 facet normal  5.965547e-01  7.211107e-01  3.523094e-01
   outer loop
     vertex  4.975980e+01  5.819591e+01  5.180404e+01
     vertex  5.229474e+01  5.800482e+01  4.790282e+01
     vertex  4.909709e+01  6.065014e+01  4.790282e+01
   endloop
 endfacet
 facet normal  6.969047e-01  6.544371e-01  2.933187e-01
   outer loop
     vertex  4.975980e+01  5.819591e+01  5.180404e+01
     vertex  4.909709e+01  6.065014e+01  4.790282e+01
     vertex  4.668931e+01  6.146564e+01  5.180404e+01
   endloop
 endfacet
 facet normal  8.161223e-01  5.633286e-01 -1.288614e-01
   outer loop
     vertex  4.510685e+01  6.315496e+01  5.590568e+01
     vertex  4.537868e+01  6.369773e+01  6.000000e+01
     vertex  4.782034e+01  6.016037e+01  6.000000e+01
   endloop
 endfacet
 facet normal  9.241485e-01  3.658963e-01 -1.098609e-01
   outer loop
     vertex  4.510685e+01  6.315496e+01  5.590568e+01
     vertex  4.341581e+01  6.742604e+01  5.590568e+01
     vertex  4.537868e+01  6.369773e+01  6.000000e+01
   endloop
 endfacet
 facet normal  8.678822e-01  4.771223e-01  1.383286e-01
   outer loop
     vertex  4.510685e+01  6.315496e+01  5.590568e+01
     vertex  4.668931e+01  6.146564e+01  5.180404e+01
     vertex  4.452843e+01  6.539626e+01  5.180404e+01
   endloop
 endfacet
 facet normal  9.275043e-01  3.672249e-01  6.986842e-02
   outer loop
     vertex  4.510685e+01  6.315496e+01  5.590568e+01
     vertex  4.452843e+01  6.539626e+01  5.180404e+01
     vertex  4.341581e+01  6.742604e+01  5.590568e+01
   endloop
 endfacet
 facet normal -1.125208e-01  7.079211e-03  9.936241e-01
   outer loop
     vertex  6.523167e+01  7.146986e+01  3.789901e+01
     vertex  6.526398e+01  7.198349e+01  3.789901e+01
     vertex  6.116587e+01  7.198349e+01  3.743493e+01
   endloop
 endfacet
 facet normal -3.317997e-01  2.087507e-02  9.431189e-01
   outer loop
     vertex  6.523167e+01  7.146986e+01  3.789901e+01
     vertex  6.915453e+01  7.198349e+01  3.926775e+01
     vertex  6.526398e+01  7.198349e+01  3.789901e+01
   endloop
 endfacet
 facet normal -1.098437e-01  2.820306e-02  9.935487e-01
   outer loop
     vertex  6.523167e+01  7.146986e+01  3.789901e+01
     vertex  6.116587e+01  7.198349e+01  3.743493e+01
     vertex  6.497620e+01  7.047487e+01  3.789901e+01
   endloop
 endfacet
 facet normal -2.886870e-01  1.587070e-01  9.441779e-01
   outer loop
     vertex  6.816639e+01  6.813492e+01  3.926775e+01
     vertex  6.497620e+01  7.047487e+01  3.789901e+01
     vertex  6.448131e+01  6.957468e+01  3.789901e+01
   endloop
 endfacet
 facet normal -2.724115e-01  1.979185e-01  9.416051e-01
   outer loop
     vertex  6.816639e+01  6.813492e+01  3.926775e+01
     vertex  6.448131e+01  6.957468e+01  3.789901e+01
     vertex  6.698936e+01  6.651487e+01  3.926775e+01
   endloop
 endfacet
 facet normal -2.917418e-01  4.597115e-01  8.387801e-01
   outer loop
     vertex  6.848007e+01  6.314214e+01  4.147183e+01
     vertex  6.544641e+01  6.523844e+01  3.926775e+01
     vertex  6.605153e+01  6.160094e+01  4.147183e+01
   endloop
 endfacet
 facet normal -3.362948e-01  4.065105e-01  8.495028e-01
   outer loop
     vertex  6.848007e+01  6.314214e+01  4.147183e+01
     vertex  6.698936e+01  6.651487e+01  3.926775e+01
     vertex  6.544641e+01  6.523844e+01  3.926775e+01
   endloop
 endfacet
 facet normal -2.160036e-01  6.647909e-01  7.151192e-01
   outer loop
     vertex  6.560936e+01  5.830784e+01  4.439961e+01
     vertex  6.605153e+01  6.160094e+01  4.147183e+01
     vertex  6.331600e+01  6.071212e+01  4.147183e+01
   endloop
 endfacet
 facet normal -1.356192e-01  7.109407e-01  6.900513e-01
   outer loop
     vertex  6.560936e+01  5.830784e+01  4.439961e+01
     vertex  6.331600e+01  6.071212e+01  4.147183e+01
     vertex  6.206877e+01  5.763243e+01  4.439961e+01
   endloop
 endfacet
 facet normal  5.255809e-02  8.353869e-01  5.471438e-01
   outer loop
     vertex  6.012632e+01  5.546018e+01  4.790282e+01
     vertex  6.206877e+01  5.763243e+01  4.439961e+01
     vertex  5.847144e+01  5.785876e+01  4.439961e+01
   endloop
 endfacet
 facet normal  1.618066e-01  8.482201e-01  5.043226e-01
   outer loop
     vertex  6.012632e+01  5.546018e+01  4.790282e+01
     vertex  5.847144e+01  5.785876e+01  4.439961e+01
     vertex  5.604980e+01  5.623782e+01  4.790282e+01
   endloop
 endfacet
 facet normal  3.984799e-01  8.468128e-01  3.523094e-01
   outer loop
     vertex  5.354697e+01  5.579249e+01  5.180404e+01
     vertex  5.604980e+01  5.623782e+01  4.790282e+01
     vertex  5.229474e+01  5.800482e+01  4.790282e+01
   endloop
 endfacet
 facet normal  5.122583e-01  8.071899e-01  2.933187e-01
   outer loop
     vertex  5.354697e+01  5.579249e+01  5.180404e+01
     vertex  5.229474e+01  5.800482e+01  4.790282e+01
     vertex  4.975980e+01  5.819591e+01  5.180404e+01
   endloop
 endfacet
 facet normal  6.572377e-01  7.418680e-01 -1.329303e-01
   outer loop
     vertex  4.780694e+01  5.943861e+01  5.590568e+01
     vertex  4.782034e+01  6.016037e+01  6.000000e+01
     vertex  5.103759e+01  5.731014e+01  6.000000e+01
   endloop
 endfacet
 facet normal  8.044875e-01  5.844944e-01 -1.056699e-01
   outer loop
     vertex  4.780694e+01  5.943861e+01  5.590568e+01
     vertex  4.510685e+01  6.315496e+01  5.590568e+01
     vertex  4.782034e+01  6.016037e+01  6.000000e+01
   endloop
 endfacet
 facet normal  7.219606e-01  6.779661e-01  1.383286e-01
   outer loop
     vertex  4.780694e+01  5.943861e+01  5.590568e+01
     vertex  4.975980e+01  5.819591e+01  5.180404e+01
     vertex  4.668931e+01  6.146564e+01  5.180404e+01
   endloop
 endfacet
 facet normal  8.070399e-01  5.863488e-01  6.986842e-02
   outer loop
     vertex  4.780694e+01  5.943861e+01  5.590568e+01
     vertex  4.668931e+01  6.146564e+01  5.180404e+01
     vertex  4.510685e+01  6.315496e+01  5.590568e+01
   endloop
 endfacet
 facet normal -3.340640e-01  4.220209e-02  9.416051e-01
   outer loop
     vertex  6.890356e+01  6.999679e+01  3.926775e+01
     vertex  6.915453e+01  7.198349e+01  3.926775e+01
     vertex  6.523167e+01  7.146986e+01  3.789901e+01
   endloop
 endfacet
 facet normal -3.190862e-01  8.192741e-02  9.441779e-01
   outer loop
     vertex  6.890356e+01  6.999679e+01  3.926775e+01
     vertex  6.523167e+01  7.146986e+01  3.789901e+01
     vertex  6.497620e+01  7.047487e+01  3.789901e+01
   endloop
 endfacet
 facet normal -3.130735e-01  1.239546e-01  9.416051e-01
   outer loop
     vertex  6.890356e+01  6.999679e+01  3.926775e+01
     vertex  6.497620e+01  7.047487e+01  3.789901e+01
     vertex  6.816639e+01  6.813492e+01  3.926775e+01
   endloop
 endfacet
 facet normal -4.268245e-01  3.101062e-01  8.495028e-01
   outer loop
     vertex  7.044903e+01  6.523888e+01  4.147183e+01
     vertex  6.816639e+01  6.813492e+01  3.926775e+01
     vertex  6.698936e+01  6.651487e+01  3.926775e+01
   endloop
 endfacet
 facet normal -3.969018e-01  3.727156e-01  8.387801e-01
   outer loop
     vertex  7.044903e+01  6.523888e+01  4.147183e+01
     vertex  6.698936e+01  6.651487e+01  3.926775e+01
     vertex  6.848007e+01  6.314214e+01  4.147183e+01
   endloop
 endfacet
 facet normal -3.745443e-01  5.901873e-01  7.151192e-01
   outer loop
     vertex  6.887076e+01  5.984253e+01  4.439961e+01
     vertex  6.848007e+01  6.314214e+01  4.147183e+01
     vertex  6.605153e+01  6.160094e+01  4.147183e+01
   endloop
 endfacet
 facet normal -3.081622e-01  6.548780e-01  6.900513e-01
   outer loop
     vertex  6.887076e+01  5.984253e+01  4.439961e+01
     vertex  6.605153e+01  6.160094e+01  4.147183e+01
     vertex  6.560936e+01  5.830784e+01  4.439961e+01
   endloop
 endfacet
 facet normal -1.568454e-01  8.222124e-01  5.471438e-01
   outer loop
     vertex  6.426815e+01  5.572076e+01  4.790282e+01
     vertex  6.560936e+01  5.830784e+01  4.439961e+01
     vertex  6.206877e+01  5.763243e+01  4.439961e+01
   endloop
 endfacet
 facet normal -5.422057e-02  8.618114e-01  5.043226e-01
   outer loop
     vertex  6.426815e+01  5.572076e+01  4.790282e+01
     vertex  6.206877e+01  5.763243e+01  4.439961e+01
     vertex  6.012632e+01  5.546018e+01  4.790282e+01
   endloop
 endfacet
 facet normal  1.753671e-01  9.193065e-01  3.523094e-01
   outer loop
     vertex  5.781287e+01  5.440642e+01  5.180404e+01
     vertex  6.012632e+01  5.546018e+01  4.790282e+01
     vertex  5.604980e+01  5.623782e+01  4.790282e+01
   endloop
 endfacet
 facet normal  2.954248e-01  9.092240e-01  2.933187e-01
   outer loop
     vertex  5.781287e+01  5.440642e+01  5.180404e+01
     vertex  5.604980e+01  5.623782e+01  4.790282e+01
     vertex  5.354697e+01  5.579249e+01  5.180404e+01
   endloop
 endfacet
 facet normal  5.306756e-01  8.362109e-01  1.383286e-01
   outer loop
     vertex  5.134642e+01  5.651050e+01  5.590568e+01
     vertex  5.354697e+01  5.579249e+01  5.180404e+01
     vertex  4.975980e+01  5.819591e+01  5.180404e+01
   endloop
 endfacet
 facet normal  4.603678e-01  8.771575e-01 -1.365877e-01
   outer loop
     vertex  5.134642e+01  5.651050e+01  5.590568e+01
     vertex  5.103759e+01  5.731014e+01  6.000000e+01
     vertex  5.484346e+01  5.531266e+01  6.000000e+01
   endloop
 endfacet
 facet normal  6.358663e-01  7.686303e-01  6.986842e-02
   outer loop
     vertex  5.134642e+01  5.651050e+01  5.590568e+01
     vertex  4.975980e+01  5.819591e+01  5.180404e+01
     vertex  4.780694e+01  5.943861e+01  5.590568e+01
   endloop
 endfacet
 facet normal  6.341078e-01  7.665047e-01 -1.018719e-01
   outer loop
     vertex  5.134642e+01  5.651050e+01  5.590568e+01
     vertex  4.780694e+01  5.943861e+01  5.590568e+01
     vertex  5.103759e+01  5.731014e+01  6.000000e+01
   endloop
 endfacet
 facet normal -4.905353e-01  1.942167e-01  8.495028e-01
   outer loop
     vertex  7.183470e+01  6.775940e+01  4.147183e+01
     vertex  6.890356e+01  6.999679e+01  3.926775e+01
     vertex  6.816639e+01  6.813492e+01  3.926775e+01
   endloop
 endfacet
 facet normal -4.771230e-01  2.623006e-01  8.387801e-01
   outer loop
     vertex  7.183470e+01  6.775940e+01  4.147183e+01
     vertex  6.816639e+01  6.813492e+01  3.926775e+01
     vertex  7.044903e+01  6.523888e+01  4.147183e+01
   endloop
 endfacet
 facet normal -5.095509e-01  4.785001e-01  7.151192e-01
   outer loop
     vertex  7.164803e+01  6.214009e+01  4.439961e+01
     vertex  7.044903e+01  6.523888e+01  4.147183e+01
     vertex  6.848007e+01  6.314214e+01  4.147183e+01
   endloop
 endfacet
 facet normal -4.613423e-01  5.576670e-01  6.900513e-01
   outer loop
     vertex  7.164803e+01  6.214009e+01  4.439961e+01
     vertex  6.848007e+01  6.314214e+01  4.147183e+01
     vertex  6.887076e+01  5.984253e+01  4.439961e+01
   endloop
 endfacet
 facet normal -3.563937e-01  7.573752e-01  5.471438e-01
   outer loop
     vertex  6.821506e+01  5.700319e+01  4.790282e+01
     vertex  6.887076e+01  5.984253e+01  4.439961e+01
     vertex  6.560936e+01  5.830784e+01  4.439961e+01
   endloop
 endfacet
 facet normal -2.668409e-01  8.212519e-01  5.043226e-01
   outer loop
     vertex  6.821506e+01  5.700319e+01  4.790282e+01
     vertex  6.560936e+01  5.830784e+01  4.439961e+01
     vertex  6.426815e+01  5.572076e+01  4.790282e+01
   endloop
 endfacet
 facet normal  6.002866e-02  9.541283e-01  2.933187e-01
   outer loop
     vertex  6.228945e+01  5.412478e+01  5.180404e+01
     vertex  6.012632e+01  5.546018e+01  4.790282e+01
     vertex  5.781287e+01  5.440642e+01  5.180404e+01
   endloop
 endfacet
 facet normal -5.876462e-02  9.340368e-01  3.523094e-01
   outer loop
     vertex  6.228945e+01  5.412478e+01  5.180404e+01
     vertex  6.426815e+01  5.572076e+01  4.790282e+01
     vertex  6.012632e+01  5.546018e+01  4.790282e+01
   endloop
 endfacet
 facet normal  4.237101e-01  9.004297e-01 -9.846906e-02
   outer loop
     vertex  5.550289e+01  5.455461e+01  5.590568e+01
     vertex  5.134642e+01  5.651050e+01  5.590568e+01
     vertex  5.484346e+01  5.531266e+01  6.000000e+01
   endloop
 endfacet
 facet normal  2.369643e-01  9.614022e-01 -1.398349e-01
   outer loop
     vertex  5.550289e+01  5.455461e+01  5.590568e+01
     vertex  5.484346e+01  5.531266e+01  6.000000e+01
     vertex  5.901677e+01  5.428403e+01  6.000000e+01
   endloop
 endfacet
 facet normal  3.060462e-01  9.419134e-01  1.383286e-01
   outer loop
     vertex  5.550289e+01  5.455461e+01  5.590568e+01
     vertex  5.781287e+01  5.440642e+01  5.180404e+01
     vertex  5.354697e+01  5.579249e+01  5.180404e+01
   endloop
 endfacet
 facet normal  4.247388e-01  9.026159e-01  6.986842e-02
   outer loop
     vertex  5.550289e+01  5.455461e+01  5.590568e+01
     vertex  5.354697e+01  5.579249e+01  5.180404e+01
     vertex  5.134642e+01  5.651050e+01  5.590568e+01
   endloop
 endfacet
 facet normal -5.234239e-01  6.612382e-02  8.495028e-01
   outer loop
     vertex  7.255001e+01  7.054534e+01  4.147183e+01
     vertex  6.915453e+01  7.198349e+01  3.926775e+01
     vertex  6.890356e+01  6.999679e+01  3.926775e+01
   endloop
 endfacet
 facet normal -5.273648e-01  1.354043e-01  8.387801e-01
   outer loop
     vertex  7.255001e+01  7.054534e+01  4.147183e+01
     vertex  6.890356e+01  6.999679e+01  3.926775e+01
     vertex  7.183470e+01  6.775940e+01  4.147183e+01
   endloop
 endfacet
 facet normal -5.341106e-01  3.360339e-02  8.447465e-01
   outer loop
     vertex  7.255001e+01  7.054534e+01  4.147183e+01
     vertex  7.264049e+01  7.198349e+01  4.147183e+01
     vertex  6.915453e+01  7.198349e+01  3.926775e+01
   endloop
 endfacet
 facet normal -7.091797e-01  4.461781e-02  7.036145e-01
   outer loop
     vertex  7.255001e+01  7.054534e+01  4.147183e+01
     vertex  7.554530e+01  7.198349e+01  4.439961e+01
     vertex  7.264049e+01  7.198349e+01  4.147183e+01
   endloop
 endfacet
 facet normal -5.855345e-01  4.254157e-01  6.900513e-01
   outer loop
     vertex  7.376666e+01  6.505614e+01  4.439961e+01
     vertex  7.044903e+01  6.523888e+01  4.147183e+01
     vertex  7.164803e+01  6.214009e+01  4.439961e+01
   endloop
 endfacet
 facet normal -6.125406e-01  3.367470e-01  7.151192e-01
   outer loop
     vertex  7.376666e+01  6.505614e+01  4.439961e+01
     vertex  7.183470e+01  6.775940e+01  4.147183e+01
     vertex  7.044903e+01  6.523888e+01  4.147183e+01
   endloop
 endfacet
 facet normal -5.335485e-01  6.449493e-01  5.471438e-01
   outer loop
     vertex  7.171905e+01  5.922689e+01  4.790282e+01
     vertex  7.164803e+01  6.214009e+01  4.439961e+01
     vertex  6.887076e+01  5.984253e+01  4.439961e+01
   endloop
 endfacet
 facet normal -4.626946e-01  7.290901e-01  5.043226e-01
   outer loop
     vertex  7.171905e+01  5.922689e+01  4.790282e+01
     vertex  6.887076e+01  5.984253e+01  4.439961e+01
     vertex  6.821506e+01  5.700319e+01  4.790282e+01
   endloop
 endfacet
 facet normal -1.791393e-01  9.390811e-01  2.933187e-01
   outer loop
     vertex  6.669543e+01  5.496526e+01  5.180404e+01
     vertex  6.426815e+01  5.572076e+01  4.790282e+01
     vertex  6.228945e+01  5.412478e+01  5.180404e+01
   endloop
 endfacet
 facet normal -2.892039e-01  8.900782e-01  3.523094e-01
   outer loop
     vertex  6.669543e+01  5.496526e+01  5.180404e+01
     vertex  6.821506e+01  5.700319e+01  4.790282e+01
     vertex  6.426815e+01  5.572076e+01  4.790282e+01
   endloop
 endfacet
 facet normal  3.271948e-15  9.897699e-01 -1.426731e-01
   outer loop
     vertex  6.001519e+01  5.369385e+01  5.590568e+01
     vertex  5.901677e+01  5.428403e+01  6.000000e+01
     vertex  6.331498e+01  5.428403e+01  6.000000e+01
   endloop
 endfacet
 facet normal  1.865255e-01  9.778011e-01 -9.546289e-02
   outer loop
     vertex  6.001519e+01  5.369385e+01  5.590568e+01
     vertex  5.550289e+01  5.455461e+01  5.590568e+01
     vertex  5.901677e+01  5.428403e+01  6.000000e+01
   endloop
 endfacet
 facet normal  1.869234e-01  9.798868e-01  6.986842e-02
   outer loop
     vertex  6.001519e+01  5.369385e+01  5.590568e+01
     vertex  5.781287e+01  5.440642e+01  5.180404e+01
     vertex  5.550289e+01  5.455461e+01  5.590568e+01
   endloop
 endfacet
 facet normal  6.218688e-02  9.884321e-01  1.383286e-01
   outer loop
     vertex  6.001519e+01  5.369385e+01  5.590568e+01
     vertex  6.228945e+01  5.412478e+01  5.180404e+01
     vertex  5.781287e+01  5.440642e+01  5.180404e+01
   endloop
 endfacet
 facet normal -6.729354e-01  2.664340e-01  6.900513e-01
   outer loop
     vertex  7.509355e+01  6.840747e+01  4.439961e+01
     vertex  7.183470e+01  6.775940e+01  4.147183e+01
     vertex  7.376666e+01  6.505614e+01  4.439961e+01
   endloop
 endfacet
 facet normal -7.180534e-01  9.071124e-02  6.900513e-01
   outer loop
     vertex  7.509355e+01  6.840747e+01  4.439961e+01
     vertex  7.554530e+01  7.198349e+01  4.439961e+01
     vertex  7.255001e+01  7.054534e+01  4.147183e+01
   endloop
 endfacet
 facet normal -6.770420e-01  1.738349e-01  7.151192e-01
   outer loop
     vertex  7.509355e+01  6.840747e+01  4.439961e+01
     vertex  7.255001e+01  7.054534e+01  4.147183e+01
     vertex  7.183470e+01  6.775940e+01  4.147183e+01
   endloop
 endfacet
 facet normal -6.294756e-01  5.911169e-01  5.043226e-01
   outer loop
     vertex  7.455994e+01  6.225213e+01  4.790282e+01
     vertex  7.164803e+01  6.214009e+01  4.439961e+01
     vertex  7.171905e+01  5.922689e+01  4.790282e+01
   endloop
 endfacet
 facet normal -6.771785e-01  4.919990e-01  5.471438e-01
   outer loop
     vertex  7.455994e+01  6.225213e+01  4.790282e+01
     vertex  7.376666e+01  6.505614e+01  4.439961e+01
     vertex  7.164803e+01  6.214009e+01  4.439961e+01
   endloop
 endfacet
 facet normal -4.070513e-01  8.650280e-01  2.933187e-01
   outer loop
     vertex  7.075397e+01  5.687507e+01  5.180404e+01
     vertex  6.821506e+01  5.700319e+01  4.790282e+01
     vertex  6.669543e+01  5.496526e+01  5.180404e+01
   endloop
 endfacet
 facet normal -5.014715e-01  7.901927e-01  3.523094e-01
   outer loop
     vertex  7.075397e+01  5.687507e+01  5.180404e+01
     vertex  7.171905e+01  5.922689e+01  4.790282e+01
     vertex  6.821506e+01  5.700319e+01  4.790282e+01
   endloop
 endfacet
 facet normal -2.367829e-01  9.606658e-01 -1.451036e-01
   outer loop
     vertex  6.459979e+01  5.398228e+01  5.590568e+01
     vertex  6.331498e+01  5.428403e+01  6.000000e+01
     vertex  6.748828e+01  5.531266e+01  6.000000e+01
   endloop
 endfacet
 facet normal -1.855799e-01  9.728439e-01  1.383286e-01
   outer loop
     vertex  6.459979e+01  5.398228e+01  5.590568e+01
     vertex  6.669543e+01  5.496526e+01  5.180404e+01
     vertex  6.228945e+01  5.412478e+01  5.180404e+01
   endloop
 endfacet
 facet normal -6.263707e-02  9.955878e-01  6.986842e-02
   outer loop
     vertex  6.459979e+01  5.398228e+01  5.590568e+01
     vertex  6.228945e+01  5.412478e+01  5.180404e+01
     vertex  6.001519e+01  5.369385e+01  5.590568e+01
   endloop
 endfacet
 facet normal -6.251924e-02  9.937149e-01 -9.285486e-02
   outer loop
     vertex  6.459979e+01  5.398228e+01  5.590568e+01
     vertex  6.001519e+01  5.369385e+01  5.590568e+01
     vertex  6.331498e+01  5.428403e+01  6.000000e+01
   endloop
 endfacet
 facet normal -7.782588e-01  3.081345e-01  5.471438e-01
   outer loop
     vertex  7.655923e+01  6.588883e+01  4.790282e+01
     vertex  7.509355e+01  6.840747e+01  4.439961e+01
     vertex  7.376666e+01  6.505614e+01  4.439961e+01
   endloop
 endfacet
 facet normal -7.567042e-01  4.160017e-01  5.043226e-01
   outer loop
     vertex  7.655923e+01  6.588883e+01  4.790282e+01
     vertex  7.376666e+01  6.505614e+01  4.439961e+01
     vertex  7.455994e+01  6.225213e+01  4.790282e+01
   endloop
 endfacet
 facet normal -6.822298e-01  6.406564e-01  3.523094e-01
   outer loop
     vertex  7.421005e+01  5.973419e+01  5.180404e+01
     vertex  7.455994e+01  6.225213e+01  4.790282e+01
     vertex  7.171905e+01  5.922689e+01  4.790282e+01
   endloop
 endfacet
 facet normal -6.093867e-01  7.366220e-01  2.933187e-01
   outer loop
     vertex  7.421005e+01  5.973419e+01  5.180404e+01
     vertex  7.171905e+01  5.922689e+01  4.790282e+01
     vertex  7.075397e+01  5.687507e+01  5.180404e+01
   endloop
 endfacet
 facet normal -4.596659e-01  8.758201e-01 -1.471273e-01
   outer loop
     vertex  6.896862e+01  5.540181e+01  5.590568e+01
     vertex  6.748828e+01  5.531266e+01  6.000000e+01
     vertex  7.129416e+01  5.731014e+01  6.000000e+01
   endloop
 endfacet
 facet normal -3.077448e-01  9.471412e-01 -9.064615e-02
   outer loop
     vertex  6.896862e+01  5.540181e+01  5.590568e+01
     vertex  6.459979e+01  5.398228e+01  5.590568e+01
     vertex  6.748828e+01  5.531266e+01  6.000000e+01
   endloop
 endfacet
 facet normal -3.082618e-01  9.487323e-01  6.986842e-02
   outer loop
     vertex  6.896862e+01  5.540181e+01  5.590568e+01
     vertex  6.669543e+01  5.496526e+01  5.180404e+01
     vertex  6.459979e+01  5.398228e+01  5.590568e+01
   endloop
 endfacet
 facet normal -4.216860e-01  8.961284e-01  1.383286e-01
   outer loop
     vertex  6.896862e+01  5.540181e+01  5.590568e+01
     vertex  7.075397e+01  5.687507e+01  5.180404e+01
     vertex  6.669543e+01  5.496526e+01  5.180404e+01
   endloop
 endfacet
 facet normal -8.481976e-01  5.336407e-02  5.269850e-01
   outer loop
     vertex  7.759130e+01  6.990847e+01  4.790282e+01
     vertex  7.772185e+01  7.198349e+01  4.790282e+01
     vertex  7.554530e+01  7.198349e+01  4.439961e+01
   endloop
 endfacet
 facet normal -9.442391e-01  5.940649e-02  3.238571e-01
   outer loop
     vertex  7.759130e+01  6.990847e+01  4.790282e+01
     vertex  7.905989e+01  7.198349e+01  5.180404e+01
     vertex  7.772185e+01  7.198349e+01  4.790282e+01
   endloop
 endfacet
 facet normal -8.304383e-01  1.049088e-01  5.471438e-01
   outer loop
     vertex  7.759130e+01  6.990847e+01  4.790282e+01
     vertex  7.554530e+01  7.198349e+01  4.439961e+01
     vertex  7.509355e+01  6.840747e+01  4.439961e+01
   endloop
 endfacet
 facet normal -8.363864e-01  2.147475e-01  5.043226e-01
   outer loop
     vertex  7.759130e+01  6.990847e+01  4.790282e+01
     vertex  7.509355e+01  6.840747e+01  4.439961e+01
     vertex  7.655923e+01  6.588883e+01  4.790282e+01
   endloop
 endfacet
 facet normal -8.201211e-01  4.508654e-01  3.523094e-01
   outer loop
     vertex  7.684652e+01  6.336298e+01  5.180404e+01
     vertex  7.655923e+01  6.588883e+01  4.790282e+01
     vertex  7.455994e+01  6.225213e+01  4.790282e+01
   endloop
 endfacet
 facet normal -7.734322e-01  5.619314e-01  2.933187e-01
   outer loop
     vertex  7.684652e+01  6.336298e+01  5.180404e+01
     vertex  7.455994e+01  6.225213e+01  4.790282e+01
     vertex  7.421005e+01  5.973419e+01  5.180404e+01
   endloop
 endfacet
 facet normal -6.557458e-01  7.401840e-01 -1.487452e-01
   outer loop
     vertex  7.284718e+01  5.786321e+01  5.590568e+01
     vertex  7.129416e+01  5.731014e+01  6.000000e+01
     vertex  7.451141e+01  6.016037e+01  6.000000e+01
   endloop
 endfacet
 facet normal -5.337082e-01  8.409895e-01 -8.883775e-02
   outer loop
     vertex  7.284718e+01  5.786321e+01  5.590568e+01
     vertex  6.896862e+01  5.540181e+01  5.590568e+01
     vertex  7.129416e+01  5.731014e+01  6.000000e+01
   endloop
 endfacet
 facet normal -6.312960e-01  7.631058e-01  1.383286e-01
   outer loop
     vertex  7.284718e+01  5.786321e+01  5.590568e+01
     vertex  7.421005e+01  5.973419e+01  5.180404e+01
     vertex  7.075397e+01  5.687507e+01  5.180404e+01
   endloop
 endfacet
 facet normal -5.345173e-01  8.422646e-01  6.986842e-02
   outer loop
     vertex  7.284718e+01  5.786321e+01  5.590568e+01
     vertex  7.075397e+01  5.687507e+01  5.180404e+01
     vertex  6.896862e+01  5.540181e+01  5.590568e+01
   endloop
 endfacet
 facet normal -9.484763e-01  1.198204e-01  2.933187e-01
   outer loop
     vertex  7.849772e+01  6.753342e+01  5.180404e+01
     vertex  7.905989e+01  7.198349e+01  5.180404e+01
     vertex  7.759130e+01  6.990847e+01  4.790282e+01
   endloop
 endfacet
 facet normal -9.064811e-01  2.327448e-01  3.523094e-01
   outer loop
     vertex  7.849772e+01  6.753342e+01  5.180404e+01
     vertex  7.759130e+01  6.990847e+01  4.790282e+01
     vertex  7.655923e+01  6.588883e+01  4.790282e+01
   endloop
 endfacet
 facet normal -8.888800e-01  3.519325e-01  2.933187e-01
   outer loop
     vertex  7.849772e+01  6.753342e+01  5.180404e+01
     vertex  7.655923e+01  6.588883e+01  4.790282e+01
     vertex  7.684652e+01  6.336298e+01  5.180404e+01
   endloop
 endfacet
 facet normal -8.136779e-01  5.616413e-01 -1.499580e-01
   outer loop
     vertex  7.599176e+01  6.121185e+01  5.590568e+01
     vertex  7.451141e+01  6.016037e+01  6.000000e+01
     vertex  7.695307e+01  6.369773e+01  6.000000e+01
   endloop
 endfacet
 facet normal -7.261771e-01  6.819257e-01 -8.743043e-02
   outer loop
     vertex  7.599176e+01  6.121185e+01  5.590568e+01
     vertex  7.284718e+01  5.786321e+01  5.590568e+01
     vertex  7.451141e+01  6.016037e+01  6.000000e+01
   endloop
 endfacet
 facet normal -8.012394e-01  5.821345e-01  1.383286e-01
   outer loop
     vertex  7.599176e+01  6.121185e+01  5.590568e+01
     vertex  7.684652e+01  6.336298e+01  5.180404e+01
     vertex  7.421005e+01  5.973419e+01  5.180404e+01
   endloop
 endfacet
 facet normal -7.271872e-01  6.828742e-01  6.986842e-02
   outer loop
     vertex  7.599176e+01  6.121185e+01  5.590568e+01
     vertex  7.421005e+01  5.973419e+01  5.180404e+01
     vertex  7.284718e+01  5.786321e+01  5.590568e+01
   endloop
 endfacet
 facet normal -9.243285e-01  3.505516e-01 -1.507662e-01
   outer loop
     vertex  7.820477e+01  6.523731e+01  5.590568e+01
     vertex  7.695307e+01  6.369773e+01  6.000000e+01
     vertex  7.847723e+01  6.771662e+01  6.000000e+01
   endloop
 endfacet
 facet normal -8.730279e-01  4.799511e-01 -8.642479e-02
   outer loop
     vertex  7.820477e+01  6.523731e+01  5.590568e+01
     vertex  7.599176e+01  6.121185e+01  5.590568e+01
     vertex  7.695307e+01  6.369773e+01  6.000000e+01
   endloop
 endfacet
 facet normal -9.208380e-01  3.645855e-01  1.383286e-01
   outer loop
     vertex  7.820477e+01  6.523731e+01  5.590568e+01
     vertex  7.849772e+01  6.753342e+01  5.180404e+01
     vertex  7.684652e+01  6.336298e+01  5.180404e+01
   endloop
 endfacet
 facet normal -8.741652e-01  4.805764e-01  6.986842e-02
   outer loop
     vertex  7.820477e+01  6.523731e+01  5.590568e+01
     vertex  7.684652e+01  6.336298e+01  5.180404e+01
     vertex  7.599176e+01  6.121185e+01  5.590568e+01
   endloop
 endfacet
 facet normal -9.825769e-01  1.241283e-01  1.383286e-01
   outer loop
     vertex  7.934717e+01  6.968665e+01  5.590568e+01
     vertex  7.905989e+01  7.198349e+01  5.180404e+01
     vertex  7.849772e+01  6.753342e+01  5.180404e+01
   endloop
 endfacet
 facet normal -9.813004e-01  1.191514e-01 -1.511702e-01
   outer loop
     vertex  7.934717e+01  6.968665e+01  5.590568e+01
     vertex  7.847723e+01  6.771662e+01  6.000000e+01
     vertex  7.899532e+01  7.198349e+01  6.000000e+01
   endloop
 endfacet
 facet normal -9.925637e-01  6.244682e-02  1.044877e-01
   outer loop
     vertex  7.934717e+01  6.968665e+01  5.590568e+01
     vertex  7.949168e+01  7.198349e+01  5.590568e+01
     vertex  7.905989e+01  7.198349e+01  5.180404e+01
   endloop
 endfacet
 facet normal -9.908011e-01  6.233592e-02 -1.201143e-01
   outer loop
     vertex  7.934717e+01  6.968665e+01  5.590568e+01
     vertex  7.899532e+01  7.198349e+01  6.000000e+01
     vertex  7.949168e+01  7.198349e+01  5.590568e+01
   endloop
 endfacet
 facet normal -9.650096e-01  2.477724e-01 -8.582124e-02
   outer loop
     vertex  7.934717e+01  6.968665e+01  5.590568e+01
     vertex  7.820477e+01  6.523731e+01  5.590568e+01
     vertex  7.847723e+01  6.771662e+01  6.000000e+01
   endloop
 endfacet
 facet normal -9.662162e-01  2.480821e-01  6.986842e-02
   outer loop
     vertex  7.934717e+01  6.968665e+01  5.590568e+01
     vertex  7.849772e+01  6.753342e+01  5.180404e+01
     vertex  7.820477e+01  6.523731e+01  5.590568e+01
   endloop
 endfacet
endsolid
