solid 
 facet normal -1.000000e+00  0.000000e+00  0.000000e+00
   outer loop
     vertex  0.000000e+00  0.000000e+00  2.000000e+01
     vertex  0.000000e+00  8.094035e+01  0.000000e+00
     vertex  0.000000e+00  0.000000e+00  0.000000e+00
   endloop
 endfacet
 facet normal -1.000000e+00  0.000000e+00  0.000000e+00
   outer loop
     vertex  0.000000e+00  0.000000e+00  2.000000e+01
     vertex  0.000000e+00  8.094035e+01  2.000000e+01
     vertex  0.000000e+00  8.094035e+01  0.000000e+00
   endloop
 endfacet
 facet normal  0.000000e+00 -1.000000e+00 -0.000000e+00
   outer loop
     vertex  1.379493e+02  0.000000e+00  2.000000e+01
     vertex  0.000000e+00  0.000000e+00  0.000000e+00
     vertex  1.379493e+02  0.000000e+00  0.000000e+00
   endloop
 endfacet
 facet normal -0.000000e+00 -1.000000e+00  0.000000e+00
   outer loop
     vertex  1.379493e+02  0.000000e+00  2.000000e+01
     vertex  0.000000e+00  0.000000e+00  2.000000e+01
     vertex  0.000000e+00  0.000000e+00  0.000000e+00
   endloop
 endfacet
 facet normal  0.000000e+00  0.000000e+00  1.000000e+00
   outer loop
     vertex  7.005550e+01  2.015295e+01  2.000000e+01
     vertex  6.682646e+01  2.301363e+01  2.000000e+01
     vertex  0.000000e+00  0.000000e+00  2.000000e+01
   endloop
 endfacet
 facet normal  0.000000e+00  0.000000e+00  1.000000e+00
   outer loop
     vertex  6.437586e+01  2.656395e+01  2.000000e+01
     vertex  0.000000e+00  0.000000e+00  2.000000e+01
     vertex  6.682646e+01  2.301363e+01  2.000000e+01
   endloop
 endfacet
 facet normal  0.000000e+00  0.000000e+00  1.000000e+00
   outer loop
     vertex  7.387532e+01  1.814816e+01  2.000000e+01
     vertex  7.005550e+01  2.015295e+01  2.000000e+01
     vertex  0.000000e+00  0.000000e+00  2.000000e+01
   endloop
 endfacet
 facet normal  0.000000e+00  0.000000e+00  1.000000e+00
   outer loop
     vertex  6.284611e+01  3.059756e+01  2.000000e+01
     vertex  0.000000e+00  0.000000e+00  2.000000e+01
     vertex  6.437586e+01  2.656395e+01  2.000000e+01
   endloop
 endfacet
 facet normal  0.000000e+00  0.000000e+00  1.000000e+00
   outer loop
     vertex  7.806392e+01  1.711576e+01  2.000000e+01
     vertex  7.387532e+01  1.814816e+01  2.000000e+01
     vertex  0.000000e+00  0.000000e+00  2.000000e+01
   endloop
 endfacet
 facet normal  0.000000e+00  0.000000e+00  1.000000e+00
   outer loop
     vertex  6.232612e+01  3.488007e+01  2.000000e+01
     vertex  0.000000e+00  8.094035e+01  2.000000e+01
     vertex  0.000000e+00  0.000000e+00  2.000000e+01
   endloop
 endfacet
 facet normal  0.000000e+00  0.000000e+00  1.000000e+00
   outer loop
     vertex  6.232612e+01  3.488007e+01  2.000000e+01
     vertex  0.000000e+00  0.000000e+00  2.000000e+01
     vertex  6.284611e+01  3.059756e+01  2.000000e+01
   endloop
 endfacet
 facet normal  0.000000e+00  0.000000e+00  1.000000e+00
   outer loop
     vertex  6.284611e+01  3.916257e+01  2.000000e+01
     vertex  0.000000e+00  8.094035e+01  2.000000e+01
     vertex  6.232612e+01  3.488007e+01  2.000000e+01
   endloop
 endfacet
 facet normal  0.000000e+00  0.000000e+00  1.000000e+00
   outer loop
     vertex  6.437586e+01  4.319618e+01  2.000000e+01
     vertex  0.000000e+00  8.094035e+01  2.000000e+01
     vertex  6.284611e+01  3.916257e+01  2.000000e+01
   endloop
 endfacet
 facet normal  0.000000e+00  0.000000e+00  1.000000e+00
   outer loop
     vertex  6.682646e+01  4.674650e+01  2.000000e+01
     vertex  0.000000e+00  8.094035e+01  2.000000e+01
     vertex  6.437586e+01  4.319618e+01  2.000000e+01
   endloop
 endfacet
 facet normal  0.000000e+00  0.000000e+00  1.000000e+00
   outer loop
     vertex  7.005550e+01  4.960718e+01  2.000000e+01
     vertex  0.000000e+00  8.094035e+01  2.000000e+01
     vertex  6.682646e+01  4.674650e+01  2.000000e+01
   endloop
 endfacet
 facet normal  0.000000e+00  0.000000e+00  1.000000e+00
   outer loop
     vertex  7.387532e+01  5.161198e+01  2.000000e+01
     vertex  0.000000e+00  8.094035e+01  2.000000e+01
     vertex  7.005550e+01  4.960718e+01  2.000000e+01
   endloop
 endfacet
 facet normal  0.000000e+00  0.000000e+00  1.000000e+00
   outer loop
     vertex  7.806392e+01  5.264437e+01  2.000000e+01
     vertex  0.000000e+00  8.094035e+01  2.000000e+01
     vertex  7.387532e+01  5.161198e+01  2.000000e+01
   endloop
 endfacet
 facet normal  0.000000e+00  0.000000e+00  1.000000e+00
   outer loop
     vertex  1.379493e+02  0.000000e+00  2.000000e+01
     vertex  8.237788e+01  1.711576e+01  2.000000e+01
     vertex  7.806392e+01  1.711576e+01  2.000000e+01
   endloop
 endfacet
 facet normal  0.000000e+00  0.000000e+00  1.000000e+00
   outer loop
     vertex  1.379493e+02  0.000000e+00  2.000000e+01
     vertex  8.656647e+01  1.814816e+01  2.000000e+01
     vertex  8.237788e+01  1.711576e+01  2.000000e+01
   endloop
 endfacet
 facet normal  0.000000e+00  0.000000e+00  1.000000e+00
   outer loop
     vertex  1.379493e+02  0.000000e+00  2.000000e+01
     vertex  9.038629e+01  2.015295e+01  2.000000e+01
     vertex  8.656647e+01  1.814816e+01  2.000000e+01
   endloop
 endfacet
 facet normal  0.000000e+00  0.000000e+00  1.000000e+00
   outer loop
     vertex  1.379493e+02  0.000000e+00  2.000000e+01
     vertex  9.361533e+01  2.301363e+01  2.000000e+01
     vertex  9.038629e+01  2.015295e+01  2.000000e+01
   endloop
 endfacet
 facet normal  0.000000e+00  0.000000e+00  1.000000e+00
   outer loop
     vertex  1.379493e+02  0.000000e+00  2.000000e+01
     vertex  9.606594e+01  2.656395e+01  2.000000e+01
     vertex  9.361533e+01  2.301363e+01  2.000000e+01
   endloop
 endfacet
 facet normal  0.000000e+00  0.000000e+00  1.000000e+00
   outer loop
     vertex  1.379493e+02  0.000000e+00  2.000000e+01
     vertex  9.759569e+01  3.059756e+01  2.000000e+01
     vertex  9.606594e+01  2.656395e+01  2.000000e+01
   endloop
 endfacet
 facet normal  0.000000e+00  0.000000e+00  1.000000e+00
   outer loop
     vertex  1.379493e+02  0.000000e+00  2.000000e+01
     vertex  9.811568e+01  3.488007e+01  2.000000e+01
     vertex  9.759569e+01  3.059756e+01  2.000000e+01
   endloop
 endfacet
 facet normal  0.000000e+00  0.000000e+00  1.000000e+00
   outer loop
     vertex  1.379493e+02  0.000000e+00  2.000000e+01
     vertex  7.806392e+01  1.711576e+01  2.000000e+01
     vertex  0.000000e+00  0.000000e+00  2.000000e+01
   endloop
 endfacet
 facet normal  0.000000e+00  0.000000e+00  1.000000e+00
   outer loop
     vertex  1.379493e+02  8.094035e+01  2.000000e+01
     vertex  9.759569e+01  3.916257e+01  2.000000e+01
     vertex  9.811568e+01  3.488007e+01  2.000000e+01
   endloop
 endfacet
 facet normal  0.000000e+00  0.000000e+00  1.000000e+00
   outer loop
     vertex  1.379493e+02  8.094035e+01  2.000000e+01
     vertex  9.606594e+01  4.319618e+01  2.000000e+01
     vertex  9.759569e+01  3.916257e+01  2.000000e+01
   endloop
 endfacet
 facet normal  0.000000e+00  0.000000e+00  1.000000e+00
   outer loop
     vertex  1.379493e+02  8.094035e+01  2.000000e+01
     vertex  9.361533e+01  4.674650e+01  2.000000e+01
     vertex  9.606594e+01  4.319618e+01  2.000000e+01
   endloop
 endfacet
 facet normal  0.000000e+00  0.000000e+00  1.000000e+00
   outer loop
     vertex  1.379493e+02  8.094035e+01  2.000000e+01
     vertex  9.038629e+01  4.960718e+01  2.000000e+01
     vertex  9.361533e+01  4.674650e+01  2.000000e+01
   endloop
 endfacet
 facet normal  0.000000e+00  0.000000e+00  1.000000e+00
   outer loop
     vertex  1.379493e+02  8.094035e+01  2.000000e+01
     vertex  8.656647e+01  5.161198e+01  2.000000e+01
     vertex  9.038629e+01  4.960718e+01  2.000000e+01
   endloop
 endfacet
 facet normal  0.000000e+00  0.000000e+00  1.000000e+00
   outer loop
     vertex  1.379493e+02  8.094035e+01  2.000000e+01
     vertex  8.237788e+01  5.264437e+01  2.000000e+01
     vertex  8.656647e+01  5.161198e+01  2.000000e+01
   endloop
 endfacet
 facet normal  0.000000e+00  0.000000e+00  1.000000e+00
   outer loop
     vertex  1.379493e+02  8.094035e+01  2.000000e+01
     vertex  7.806392e+01  5.264437e+01  2.000000e+01
     vertex  8.237788e+01  5.264437e+01  2.000000e+01
   endloop
 endfacet
 facet normal  0.000000e+00  0.000000e+00  1.000000e+00
   outer loop
     vertex  1.379493e+02  8.094035e+01  2.000000e+01
     vertex  9.811568e+01  3.488007e+01  2.000000e+01
     vertex  1.379493e+02  0.000000e+00  2.000000e+01
   endloop
 endfacet
 facet normal  0.000000e+00  0.000000e+00  1.000000e+00
   outer loop
     vertex  1.379493e+02  8.094035e+01  2.000000e+01
     vertex  0.000000e+00  8.094035e+01  2.000000e+01
     vertex  7.806392e+01  5.264437e+01  2.000000e+01
   endloop
 endfacet
 facet normal  0.000000e+00  1.000000e+00  0.000000e+00
   outer loop
     vertex  1.379493e+02  8.094035e+01  2.000000e+01
     vertex  1.379493e+02  8.094035e+01  0.000000e+00
     vertex  0.000000e+00  8.094035e+01  0.000000e+00
   endloop
 endfacet
 facet normal  0.000000e+00  1.000000e+00  0.000000e+00
   outer loop
     vertex  1.379493e+02  8.094035e+01  2.000000e+01
     vertex  0.000000e+00  8.094035e+01  0.000000e+00
     vertex  0.000000e+00  8.094035e+01  2.000000e+01
   endloop
 endfacet
 facet normal  0.000000e+00  0.000000e+00 -1.000000e+00
   outer loop
     vertex  1.379493e+02  0.000000e+00  0.000000e+00
     vertex  0.000000e+00  0.000000e+00  0.000000e+00
     vertex  0.000000e+00  8.094035e+01  0.000000e+00
   endloop
 endfacet
 facet normal -0.000000e+00 -0.000000e+00 -1.000000e+00
   outer loop
     vertex  1.379493e+02  8.094035e+01  0.000000e+00
     vertex  1.379493e+02  0.000000e+00  0.000000e+00
     vertex  0.000000e+00  8.094035e+01  0.000000e+00
   endloop
 endfacet
 facet normal  1.000000e+00  0.000000e+00  0.000000e+00
   outer loop
     vertex  1.379493e+02  0.000000e+00  2.000000e+01
     vertex  1.379493e+02  0.000000e+00  0.000000e+00
     vertex  1.379493e+02  8.094035e+01  0.000000e+00
   endloop
 endfacet
 facet normal  1.000000e+00 -0.000000e+00  0.000000e+00
   outer loop
     vertex  1.379493e+02  0.000000e+00  2.000000e+01
     vertex  1.379493e+02  8.094035e+01  0.000000e+00
     vertex  1.379493e+02  8.094035e+01  2.000000e+01
   endloop
 endfacet
 facet normal  9.917759e-01  6.239725e-02 -1.117457e-01
   outer loop
     vertex  9.843114e+01  3.718055e+01  2.408437e+01
     vertex  9.857587e+01  3.488007e+01  2.408437e+01
     vertex  9.811568e+01  3.488007e+01  2.000000e+01
   endloop
 endfacet
 facet normal  9.917758e-01  6.239724e-02  1.117468e-01
   outer loop
     vertex  9.843114e+01  3.718055e+01  2.408437e+01
     vertex  9.811567e+01  3.488007e+01  2.816873e+01
     vertex  9.857587e+01  3.488007e+01  2.408437e+01
   endloop
 endfacet
 facet normal  9.824954e-01  1.192965e-01 -1.430770e-01
   outer loop
     vertex  9.843114e+01  3.718055e+01  2.408437e+01
     vertex  9.811568e+01  3.488007e+01  2.000000e+01
     vertex  9.759569e+01  3.916257e+01  2.000000e+01
   endloop
 endfacet
 facet normal  9.254513e-01  3.509774e-01 -1.426699e-01
   outer loop
     vertex  9.728692e+01  4.163698e+01  2.408437e+01
     vertex  9.759569e+01  3.916257e+01  2.000000e+01
     vertex  9.606594e+01  4.319618e+01  2.000000e+01
   endloop
 endfacet
 facet normal  9.656918e-01  2.479475e-01 -7.720965e-02
   outer loop
     vertex  9.728692e+01  4.163698e+01  2.408437e+01
     vertex  9.843114e+01  3.718055e+01  2.408437e+01
     vertex  9.759569e+01  3.916257e+01  2.000000e+01
   endloop
 endfacet
 facet normal  8.146613e-01  5.623201e-01 -1.418555e-01
   outer loop
     vertex  9.507039e+01  4.566885e+01  2.408437e+01
     vertex  9.606594e+01  4.319618e+01  2.000000e+01
     vertex  9.361533e+01  4.674650e+01  2.000000e+01
   endloop
 endfacet
 facet normal  8.736493e-01  4.802928e-01 -7.781818e-02
   outer loop
     vertex  9.507039e+01  4.566885e+01  2.408437e+01
     vertex  9.728692e+01  4.163698e+01  2.408437e+01
     vertex  9.606594e+01  4.319618e+01  2.000000e+01
   endloop
 endfacet
 facet normal  9.815348e-01  1.239967e-01  1.456512e-01
   outer loop
     vertex  9.755348e+01  3.933032e+01  2.816873e+01
     vertex  9.811567e+01  3.488007e+01  2.816873e+01
     vertex  9.843114e+01  3.718055e+01  2.408437e+01
   endloop
 endfacet
 facet normal  9.657069e-01  2.479514e-01  7.700787e-02
   outer loop
     vertex  9.755348e+01  3.933032e+01  2.816873e+01
     vertex  9.843114e+01  3.718055e+01  2.408437e+01
     vertex  9.728692e+01  4.163698e+01  2.408437e+01
   endloop
 endfacet
 facet normal  6.565324e-01  7.410718e-01 -1.406335e-01
   outer loop
     vertex  9.192080e+01  4.902282e+01  2.408437e+01
     vertex  9.361533e+01  4.674650e+01  2.000000e+01
     vertex  9.038629e+01  4.960718e+01  2.000000e+01
   endloop
 endfacet
 facet normal  7.267000e-01  6.824167e-01 -7.883215e-02
   outer loop
     vertex  9.192080e+01  4.902282e+01  2.408437e+01
     vertex  9.507039e+01  4.566885e+01  2.408437e+01
     vertex  9.361533e+01  4.674650e+01  2.000000e+01
   endloop
 endfacet
 facet normal  8.737045e-01  4.803231e-01  7.700787e-02
   outer loop
     vertex  9.590221e+01  4.350094e+01  2.816873e+01
     vertex  9.728692e+01  4.163698e+01  2.408437e+01
     vertex  9.507039e+01  4.566885e+01  2.408437e+01
   endloop
 endfacet
 facet normal  9.198613e-01  3.641989e-01  1.456512e-01
   outer loop
     vertex  9.590221e+01  4.350094e+01  2.816873e+01
     vertex  9.755348e+01  3.933032e+01  2.816873e+01
     vertex  9.728692e+01  4.163698e+01  2.408437e+01
   endloop
 endfacet
 facet normal  9.422233e-01  5.927966e-02  3.296986e-01
   outer loop
     vertex  9.662776e+01  3.695273e+01  3.204829e+01
     vertex  9.675816e+01  3.488007e+01  3.204829e+01
     vertex  9.811567e+01  3.488007e+01  2.816873e+01
   endloop
 endfacet
 facet normal  8.455251e-01  5.319593e-02  5.312791e-01
   outer loop
     vertex  9.662776e+01  3.695273e+01  3.204829e+01
     vertex  9.457139e+01  3.488007e+01  3.552850e+01
     vertex  9.675816e+01  3.488007e+01  3.204829e+01
   endloop
 endfacet
 facet normal  9.466718e-01  1.195925e-01  2.991824e-01
   outer loop
     vertex  9.662776e+01  3.695273e+01  3.204829e+01
     vertex  9.811567e+01  3.488007e+01  2.816873e+01
     vertex  9.755348e+01  3.933032e+01  2.816873e+01
   endloop
 endfacet
 facet normal  5.340986e-01  8.416047e-01 -8.025115e-02
   outer loop
     vertex  8.803607e+01  5.148814e+01  2.408437e+01
     vertex  9.192080e+01  4.902282e+01  2.408437e+01
     vertex  9.038629e+01  4.960718e+01  2.000000e+01
   endloop
 endfacet
 facet normal  4.602116e-01  8.768600e-01 -1.390032e-01
   outer loop
     vertex  8.803607e+01  5.148814e+01  2.408437e+01
     vertex  9.038629e+01  4.960718e+01  2.000000e+01
     vertex  8.656647e+01  5.161198e+01  2.000000e+01
   endloop
 endfacet
 facet normal  7.268039e-01  6.825143e-01  7.700787e-02
   outer loop
     vertex  9.326563e+01  4.712988e+01  2.816873e+01
     vertex  9.507039e+01  4.566885e+01  2.408437e+01
     vertex  9.192080e+01  4.902282e+01  2.408437e+01
   endloop
 endfacet
 facet normal  8.003896e-01  5.815171e-01  1.456512e-01
   outer loop
     vertex  9.326563e+01  4.712988e+01  2.816873e+01
     vertex  9.590221e+01  4.350094e+01  2.816873e+01
     vertex  9.507039e+01  4.566885e+01  2.408437e+01
   endloop
 endfacet
 facet normal  8.871889e-01  3.512629e-01  2.991824e-01
   outer loop
     vertex  9.559685e+01  4.096784e+01  3.204829e+01
     vertex  9.755348e+01  3.933032e+01  2.816873e+01
     vertex  9.590221e+01  4.350094e+01  2.816873e+01
   endloop
 endfacet
 facet normal  9.043519e-01  2.321981e-01  3.580945e-01
   outer loop
     vertex  9.559685e+01  4.096784e+01  3.204829e+01
     vertex  9.662776e+01  3.695273e+01  3.204829e+01
     vertex  9.755348e+01  3.933032e+01  2.816873e+01
   endloop
 endfacet
 facet normal  2.370604e-01  9.617917e-01 -1.369641e-01
   outer loop
     vertex  8.366028e+01  5.290992e+01  2.408437e+01
     vertex  8.656647e+01  5.161198e+01  2.000000e+01
     vertex  8.237788e+01  5.264437e+01  2.000000e+01
   endloop
 endfacet
 facet normal  3.079744e-01  9.478478e-01 -8.207464e-02
   outer loop
     vertex  8.366028e+01  5.290992e+01  2.408437e+01
     vertex  8.803607e+01  5.148814e+01  2.408437e+01
     vertex  8.656647e+01  5.161198e+01  2.000000e+01
   endloop
 endfacet
 facet normal  5.342356e-01  8.418207e-01  7.700787e-02
   outer loop
     vertex  8.980940e+01  4.998912e+01  2.816873e+01
     vertex  9.192080e+01  4.902282e+01  2.408437e+01
     vertex  8.803607e+01  5.148814e+01  2.408437e+01
   endloop
 endfacet
 facet normal  6.306265e-01  7.622965e-01  1.456512e-01
   outer loop
     vertex  8.980940e+01  4.998912e+01  2.816873e+01
     vertex  9.326563e+01  4.712988e+01  2.816873e+01
     vertex  9.192080e+01  4.902282e+01  2.408437e+01
   endloop
 endfacet
 facet normal  8.181947e-01  4.498063e-01  3.580945e-01
   outer loop
     vertex  9.359982e+01  4.460042e+01  3.204829e+01
     vertex  9.559685e+01  4.096784e+01  3.204829e+01
     vertex  9.590221e+01  4.350094e+01  2.816873e+01
   endloop
 endfacet
 facet normal  7.719607e-01  5.608623e-01  2.991824e-01
   outer loop
     vertex  9.359982e+01  4.460042e+01  3.204829e+01
     vertex  9.590221e+01  4.350094e+01  2.816873e+01
     vertex  9.326563e+01  4.712988e+01  2.816873e+01
   endloop
 endfacet
 facet normal  8.277021e-01  1.045631e-01  5.513400e-01
   outer loop
     vertex  9.412055e+01  3.844889e+01  3.552850e+01
     vertex  9.457139e+01  3.488007e+01  3.552850e+01
     vertex  9.662776e+01  3.695273e+01  3.204829e+01
   endloop
 endfacet
 facet normal  8.338922e-01  2.141071e-01  5.087062e-01
   outer loop
     vertex  9.412055e+01  3.844889e+01  3.552850e+01
     vertex  9.662776e+01  3.695273e+01  3.204829e+01
     vertex  9.559685e+01  4.096784e+01  3.204829e+01
   endloop
 endfacet
 facet normal  0.000000e+00  9.909115e-01 -1.345153e-01
   outer loop
     vertex  7.906838e+01  5.319882e+01  2.408437e+01
     vertex  8.237788e+01  5.264437e+01  2.000000e+01
     vertex  7.806392e+01  5.264437e+01  2.000000e+01
   endloop
 endfacet
 facet normal  6.256700e-02  9.944740e-01 -8.430188e-02
   outer loop
     vertex  7.906838e+01  5.319882e+01  2.408437e+01
     vertex  8.366028e+01  5.290992e+01  2.408437e+01
     vertex  8.237788e+01  5.264437e+01  2.000000e+01
   endloop
 endfacet
 facet normal  3.080994e-01  9.482323e-01  7.700787e-02
   outer loop
     vertex  8.575069e+01  5.189901e+01  2.816873e+01
     vertex  8.803607e+01  5.148814e+01  2.408437e+01
     vertex  8.366028e+01  5.290992e+01  2.408437e+01
   endloop
 endfacet
 facet normal  4.212388e-01  8.951780e-01  1.456512e-01
   outer loop
     vertex  8.575069e+01  5.189901e+01  2.816873e+01
     vertex  8.980940e+01  4.998912e+01  2.816873e+01
     vertex  8.803607e+01  5.148814e+01  2.408437e+01
   endloop
 endfacet
 facet normal  6.806273e-01  6.391516e-01  3.580945e-01
   outer loop
     vertex  9.076214e+01  4.762224e+01  3.204829e+01
     vertex  9.359982e+01  4.460042e+01  3.204829e+01
     vertex  9.326563e+01  4.712988e+01  2.816873e+01
   endloop
 endfacet
 facet normal  6.082274e-01  7.352206e-01  2.991824e-01
   outer loop
     vertex  9.076214e+01  4.762224e+01  3.204829e+01
     vertex  9.326563e+01  4.712988e+01  2.816873e+01
     vertex  8.980940e+01  4.998912e+01  2.816873e+01
   endloop
 endfacet
 facet normal  7.544477e-01  4.147611e-01  5.087062e-01
   outer loop
     vertex  9.279633e+01  4.179347e+01  3.552850e+01
     vertex  9.559685e+01  4.096784e+01  3.204829e+01
     vertex  9.359982e+01  4.460042e+01  3.204829e+01
   endloop
 endfacet
 facet normal  7.756945e-01  3.071192e-01  5.513400e-01
   outer loop
     vertex  9.279633e+01  4.179347e+01  3.552850e+01
     vertex  9.412055e+01  3.844889e+01  3.552850e+01
     vertex  9.559685e+01  4.096784e+01  3.204829e+01
   endloop
 endfacet
 facet normal  7.064079e-01  4.444342e-02  7.064083e-01
   outer loop
     vertex  9.157479e+01  3.631440e+01  3.843486e+01
     vertex  9.166503e+01  3.488007e+01  3.843486e+01
     vertex  9.457139e+01  3.488007e+01  3.552850e+01
   endloop
 endfacet
 facet normal  5.317341e-01  3.345387e-02  8.462504e-01
   outer loop
     vertex  9.157479e+01  3.631440e+01  3.843486e+01
     vertex  8.818482e+01  3.488007e+01  4.062162e+01
     vertex  9.166503e+01  3.488007e+01  3.843486e+01
   endloop
 endfacet
 facet normal  7.153179e-01  9.036567e-02  6.929317e-01
   outer loop
     vertex  9.157479e+01  3.631440e+01  3.843486e+01
     vertex  9.457139e+01  3.488007e+01  3.552850e+01
     vertex  9.412055e+01  3.844889e+01  3.552850e+01
   endloop
 endfacet
 facet normal -2.372325e-01  9.624902e-01 -1.316558e-01
   outer loop
     vertex  7.454890e+01  5.233668e+01  2.408437e+01
     vertex  7.806392e+01  5.264437e+01  2.000000e+01
     vertex  7.387532e+01  5.161198e+01  2.000000e+01
   endloop
 endfacet
 facet normal -1.866719e-01  9.785686e-01 -8.693195e-02
   outer loop
     vertex  7.454890e+01  5.233668e+01  2.408437e+01
     vertex  7.906838e+01  5.319882e+01  2.408437e+01
     vertex  7.806392e+01  5.264437e+01  2.000000e+01
   endloop
 endfacet
 facet normal  1.853831e-01  9.718121e-01  1.456512e-01
   outer loop
     vertex  8.134452e+01  5.273953e+01  2.816873e+01
     vertex  8.575069e+01  5.189901e+01  2.816873e+01
     vertex  8.366028e+01  5.290992e+01  2.408437e+01
   endloop
 endfacet
 facet normal  6.260406e-02  9.950631e-01  7.700787e-02
   outer loop
     vertex  8.134452e+01  5.273953e+01  2.816873e+01
     vertex  8.366028e+01  5.290992e+01  2.408437e+01
     vertex  7.906838e+01  5.319882e+01  2.408437e+01
   endloop
 endfacet
 facet normal  5.002936e-01  7.883366e-01  3.580945e-01
   outer loop
     vertex  8.726212e+01  4.984342e+01  3.204829e+01
     vertex  9.076214e+01  4.762224e+01  3.204829e+01
     vertex  8.980940e+01  4.998912e+01  2.816873e+01
   endloop
 endfacet
 facet normal  4.062769e-01  8.633823e-01  2.991824e-01
   outer loop
     vertex  8.726212e+01  4.984342e+01  3.204829e+01
     vertex  8.980940e+01  4.998912e+01  2.816873e+01
     vertex  8.575069e+01  5.189901e+01  2.816873e+01
   endloop
 endfacet
 facet normal  6.275984e-01  5.893541e-01  5.087062e-01
   outer loop
     vertex  9.068196e+01  4.470365e+01  3.552850e+01
     vertex  9.359982e+01  4.460042e+01  3.204829e+01
     vertex  9.076214e+01  4.762224e+01  3.204829e+01
   endloop
 endfacet
 facet normal  6.749472e-01  4.903779e-01  5.513400e-01
   outer loop
     vertex  9.068196e+01  4.470365e+01  3.552850e+01
     vertex  9.279633e+01  4.179347e+01  3.552850e+01
     vertex  9.359982e+01  4.460042e+01  3.204829e+01
   endloop
 endfacet
 facet normal  6.703719e-01  2.654190e-01  6.929317e-01
   outer loop
     vertex  9.086139e+01  3.909293e+01  3.843486e+01
     vertex  9.412055e+01  3.844889e+01  3.552850e+01
     vertex  9.279633e+01  4.179347e+01  3.552850e+01
   endloop
 endfacet
 facet normal  6.743426e-01  1.731417e-01  7.178329e-01
   outer loop
     vertex  9.086139e+01  3.909293e+01  3.843486e+01
     vertex  9.157479e+01  3.631440e+01  3.843486e+01
     vertex  9.412055e+01  3.844889e+01  3.552850e+01
   endloop
 endfacet
 facet normal -4.240528e-01  9.011580e-01 -8.996373e-02
   outer loop
     vertex  7.038581e+01  5.037768e+01  2.408437e+01
     vertex  7.454890e+01  5.233668e+01  2.408437e+01
     vertex  7.387532e+01  5.161198e+01  2.000000e+01
   endloop
 endfacet
 facet normal -4.608773e-01  8.781284e-01 -1.283846e-01
   outer loop
     vertex  7.038581e+01  5.037768e+01  2.408437e+01
     vertex  7.387532e+01  5.161198e+01  2.000000e+01
     vertex  7.005550e+01  4.960718e+01  2.000000e+01
   endloop
 endfacet
 facet normal -1.868249e-01  9.793703e-01  7.700787e-02
   outer loop
     vertex  7.686775e+01  5.245788e+01  2.816873e+01
     vertex  7.906838e+01  5.319882e+01  2.408437e+01
     vertex  7.454890e+01  5.233668e+01  2.408437e+01
   endloop
 endfacet
 facet normal -6.212092e-02  9.873838e-01  1.456512e-01
   outer loop
     vertex  7.686775e+01  5.245788e+01  2.816873e+01
     vertex  8.134452e+01  5.273953e+01  2.816873e+01
     vertex  7.906838e+01  5.319882e+01  2.408437e+01
   endloop
 endfacet
 facet normal  1.787985e-01  9.372945e-01  2.991824e-01
   outer loop
     vertex  8.331967e+01  5.112440e+01  3.204829e+01
     vertex  8.575069e+01  5.189901e+01  2.816873e+01
     vertex  8.134452e+01  5.273953e+01  2.816873e+01
   endloop
 endfacet
 facet normal  2.885246e-01  8.879875e-01  3.580945e-01
   outer loop
     vertex  8.331967e+01  5.112440e+01  3.204829e+01
     vertex  8.726212e+01  4.984342e+01  3.204829e+01
     vertex  8.575069e+01  5.189901e+01  2.816873e+01
   endloop
 endfacet
 facet normal  4.613148e-01  7.269159e-01  5.087062e-01
   outer loop
     vertex  8.791028e+01  4.699659e+01  3.552850e+01
     vertex  9.076214e+01  4.762224e+01  3.204829e+01
     vertex  8.726212e+01  4.984342e+01  3.204829e+01
   endloop
 endfacet
 facet normal  5.317905e-01  6.428243e-01  5.513400e-01
   outer loop
     vertex  8.791028e+01  4.699659e+01  3.552850e+01
     vertex  9.068196e+01  4.470365e+01  3.552850e+01
     vertex  9.076214e+01  4.762224e+01  3.204829e+01
   endloop
 endfacet
 facet normal  6.100983e-01  3.354044e-01  7.178329e-01
   outer loop
     vertex  8.947940e+01  4.160676e+01  3.843486e+01
     vertex  9.086139e+01  3.909293e+01  3.843486e+01
     vertex  9.279633e+01  4.179347e+01  3.552850e+01
   endloop
 endfacet
 facet normal  5.833039e-01  4.237951e-01  6.929317e-01
   outer loop
     vertex  8.947940e+01  4.160676e+01  3.843486e+01
     vertex  9.279633e+01  4.179347e+01  3.552850e+01
     vertex  9.068196e+01  4.470365e+01  3.552850e+01
   endloop
 endfacet
 facet normal  5.210787e-01  6.582754e-02  8.509664e-01
   outer loop
     vertex  8.793462e+01  3.686061e+01  4.062162e+01
     vertex  8.818482e+01  3.488007e+01  4.062162e+01
     vertex  9.157479e+01  3.631440e+01  3.843486e+01
   endloop
 endfacet
 facet normal  5.250412e-01  1.348077e-01  8.403325e-01
   outer loop
     vertex  8.793462e+01  3.686061e+01  4.062162e+01
     vertex  9.157479e+01  3.631440e+01  3.843486e+01
     vertex  9.086139e+01  3.909293e+01  3.843486e+01
   endloop
 endfacet
 facet normal -6.579466e-01  7.426682e-01 -1.247005e-01
   outer loop
     vertex  6.684070e+01  4.744491e+01  2.408437e+01
     vertex  7.005550e+01  4.960718e+01  2.000000e+01
     vertex  6.682646e+01  4.674650e+01  2.000000e+01
   endloop
 endfacet
 facet normal -6.346378e-01  7.671454e-01 -9.339586e-02
   outer loop
     vertex  6.684070e+01  4.744491e+01  2.408437e+01
     vertex  7.038581e+01  5.037768e+01  2.408437e+01
     vertex  7.005550e+01  4.960718e+01  2.000000e+01
   endloop
 endfacet
 facet normal -4.245149e-01  9.021402e-01  7.700787e-02
   outer loop
     vertex  7.260167e+01  5.107174e+01  2.816873e+01
     vertex  7.454890e+01  5.233668e+01  2.408437e+01
     vertex  7.038581e+01  5.037768e+01  2.408437e+01
   endloop
 endfacet
 facet normal -3.057216e-01  9.409144e-01  1.456512e-01
   outer loop
     vertex  7.260167e+01  5.107174e+01  2.816873e+01
     vertex  7.686775e+01  5.245788e+01  2.816873e+01
     vertex  7.454890e+01  5.233668e+01  2.408437e+01
   endloop
 endfacet
 facet normal  5.862659e-02  9.318429e-01  3.580945e-01
   outer loop
     vertex  7.918252e+01  5.138469e+01  3.204829e+01
     vertex  8.331967e+01  5.112440e+01  3.204829e+01
     vertex  8.134452e+01  5.273953e+01  2.816873e+01
   endloop
 endfacet
 facet normal -5.991446e-02  9.523130e-01  2.991824e-01
   outer loop
     vertex  7.918252e+01  5.138469e+01  3.204829e+01
     vertex  8.134452e+01  5.273953e+01  2.816873e+01
     vertex  7.686775e+01  5.245788e+01  2.816873e+01
   endloop
 endfacet
 facet normal  3.552194e-01  7.548797e-01  5.513400e-01
   outer loop
     vertex  8.465544e+01  4.852820e+01  3.552850e+01
     vertex  8.791028e+01  4.699659e+01  3.552850e+01
     vertex  8.726212e+01  4.984342e+01  3.204829e+01
   endloop
 endfacet
 facet normal  2.660452e-01  8.188028e-01  5.087062e-01
   outer loop
     vertex  8.465544e+01  4.852820e+01  3.552850e+01
     vertex  8.726212e+01  4.984342e+01  3.204829e+01
     vertex  8.331967e+01  5.112440e+01  3.204829e+01
   endloop
 endfacet
 facet normal  4.595848e-01  5.555426e-01  6.929317e-01
   outer loop
     vertex  8.751567e+01  4.369792e+01  3.843486e+01
     vertex  9.068196e+01  4.470365e+01  3.552850e+01
     vertex  8.791028e+01  4.699659e+01  3.552850e+01
   endloop
 endfacet
 facet normal  5.075192e-01  4.765923e-01  7.178329e-01
   outer loop
     vertex  8.751567e+01  4.369792e+01  3.843486e+01
     vertex  8.947940e+01  4.160676e+01  3.843486e+01
     vertex  9.068196e+01  4.470365e+01  3.552850e+01
   endloop
 endfacet
 facet normal  4.750207e-01  2.611449e-01  8.403325e-01
   outer loop
     vertex  8.719974e+01  3.871671e+01  4.062162e+01
     vertex  9.086139e+01  3.909293e+01  3.843486e+01
     vertex  8.947940e+01  4.160676e+01  3.843486e+01
   endloop
 endfacet
 facet normal  4.883374e-01  1.933464e-01  8.509664e-01
   outer loop
     vertex  8.719974e+01  3.871671e+01  4.062162e+01
     vertex  8.793462e+01  3.686061e+01  4.062162e+01
     vertex  9.086139e+01  3.909293e+01  3.843486e+01
   endloop
 endfacet
 facet normal  3.302077e-01  2.077491e-02  9.436797e-01
   outer loop
     vertex  8.427306e+01  3.539197e+01  4.197913e+01
     vertex  8.430526e+01  3.488007e+01  4.197913e+01
     vertex  8.818482e+01  3.488007e+01  4.062162e+01
   endloop
 endfacet
 facet normal  1.119617e-01  7.044031e-03  9.936876e-01
   outer loop
     vertex  8.427306e+01  3.539197e+01  4.197913e+01
     vertex  8.022090e+01  3.488007e+01  4.243933e+01
     vertex  8.430526e+01  3.488007e+01  4.197913e+01
   endloop
 endfacet
 facet normal  3.324648e-01  4.200008e-02  9.421800e-01
   outer loop
     vertex  8.427306e+01  3.539197e+01  4.197913e+01
     vertex  8.818482e+01  3.488007e+01  4.062162e+01
     vertex  8.793462e+01  3.686061e+01  4.062162e+01
   endloop
 endfacet
 facet normal -8.169768e-01  5.639184e-01 -1.206021e-01
   outer loop
     vertex  6.413631e+01  4.372264e+01  2.408437e+01
     vertex  6.682646e+01  4.674650e+01  2.000000e+01
     vertex  6.437586e+01  4.319618e+01  2.000000e+01
   endloop
 endfacet
 facet normal -8.051841e-01  5.850005e-01 -9.722676e-02
   outer loop
     vertex  6.413631e+01  4.372264e+01  2.408437e+01
     vertex  6.684070e+01  4.744491e+01  2.408437e+01
     vertex  6.682646e+01  4.674650e+01  2.000000e+01
   endloop
 endfacet
 facet normal -5.301127e-01  8.353240e-01  1.456512e-01
   outer loop
     vertex  6.881434e+01  4.866823e+01  2.816873e+01
     vertex  7.260167e+01  5.107174e+01  2.816873e+01
     vertex  7.038581e+01  5.037768e+01  2.408437e+01
   endloop
 endfacet
 facet normal -6.355311e-01  7.682252e-01  7.700787e-02
   outer loop
     vertex  6.881434e+01  4.866823e+01  2.816873e+01
     vertex  7.038581e+01  5.037768e+01  2.408437e+01
     vertex  6.684070e+01  4.744491e+01  2.408437e+01
   endloop
 endfacet
 facet normal -2.948628e-01  9.074943e-01  2.991824e-01
   outer loop
     vertex  7.511060e+01  5.060793e+01  3.204829e+01
     vertex  7.686775e+01  5.245788e+01  2.816873e+01
     vertex  7.260167e+01  5.107174e+01  2.816873e+01
   endloop
 endfacet
 facet normal -1.749552e-01  9.171472e-01  3.580945e-01
   outer loop
     vertex  7.511060e+01  5.060793e+01  3.204829e+01
     vertex  7.918252e+01  5.138469e+01  3.204829e+01
     vertex  7.686775e+01  5.245788e+01  2.816873e+01
   endloop
 endfacet
 facet normal  5.405888e-02  8.592413e-01  5.087062e-01
   outer loop
     vertex  8.112197e+01  4.920224e+01  3.552850e+01
     vertex  8.331967e+01  5.112440e+01  3.204829e+01
     vertex  7.918252e+01  5.138469e+01  3.204829e+01
   endloop
 endfacet
 facet normal  1.563286e-01  8.195032e-01  5.513400e-01
   outer loop
     vertex  8.112197e+01  4.920224e+01  3.552850e+01
     vertex  8.465544e+01  4.852820e+01  3.552850e+01
     vertex  8.331967e+01  5.112440e+01  3.204829e+01
   endloop
 endfacet
 facet normal  3.069883e-01  6.523833e-01  6.929317e-01
   outer loop
     vertex  8.509357e+01  4.523503e+01  3.843486e+01
     vertex  8.791028e+01  4.699659e+01  3.552850e+01
     vertex  8.465544e+01  4.852820e+01  3.552850e+01
   endloop
 endfacet
 facet normal  3.730509e-01  5.878342e-01  7.178329e-01
   outer loop
     vertex  8.509357e+01  4.523503e+01  3.843486e+01
     vertex  8.751567e+01  4.369792e+01  3.843486e+01
     vertex  8.791028e+01  4.699659e+01  3.552850e+01
   endloop
 endfacet
 facet normal  3.951530e-01  3.710734e-01  8.403325e-01
   outer loop
     vertex  8.602635e+01  4.033175e+01  4.062162e+01
     vertex  8.947940e+01  4.160676e+01  3.843486e+01
     vertex  8.751567e+01  4.369792e+01  3.843486e+01
   endloop
 endfacet
 facet normal  4.249120e-01  3.087167e-01  8.509664e-01
   outer loop
     vertex  8.602635e+01  4.033175e+01  4.062162e+01
     vertex  8.719974e+01  3.871671e+01  4.062162e+01
     vertex  8.947940e+01  4.160676e+01  3.843486e+01
   endloop
 endfacet
 facet normal  3.115748e-01  1.233612e-01  9.421800e-01
   outer loop
     vertex  8.401844e+01  3.638362e+01  4.197913e+01
     vertex  8.793462e+01  3.686061e+01  4.062162e+01
     vertex  8.719974e+01  3.871671e+01  4.062162e+01
   endloop
 endfacet
 facet normal  3.175530e-01  8.153374e-02  9.447287e-01
   outer loop
     vertex  8.401844e+01  3.638362e+01  4.197913e+01
     vertex  8.427306e+01  3.539197e+01  4.197913e+01
     vertex  8.793462e+01  3.686061e+01  4.062162e+01
   endloop
 endfacet
 facet normal  1.092979e-01  2.806292e-02  9.936128e-01
   outer loop
     vertex  8.401844e+01  3.638362e+01  4.197913e+01
     vertex  8.022090e+01  3.488007e+01  4.243933e+01
     vertex  8.427306e+01  3.539197e+01  4.197913e+01
   endloop
 endfacet
 facet normal -9.249790e-01  3.662251e-01 -1.014546e-01
   outer loop
     vertex  6.244258e+01  3.944476e+01  2.408437e+01
     vertex  6.413631e+01  4.372264e+01  2.408437e+01
     vertex  6.437586e+01  4.319618e+01  2.000000e+01
   endloop
 endfacet
 facet normal -9.286945e-01  3.522074e-01 -1.160883e-01
   outer loop
     vertex  6.244258e+01  3.944476e+01  2.408437e+01
     vertex  6.437586e+01  4.319618e+01  2.000000e+01
     vertex  6.284611e+01  3.916257e+01  2.000000e+01
   endloop
 endfacet
 facet normal -7.211949e-01  6.772471e-01  1.456512e-01
   outer loop
     vertex  6.574372e+01  4.539835e+01  2.816873e+01
     vertex  6.881434e+01  4.866823e+01  2.816873e+01
     vertex  6.684070e+01  4.744491e+01  2.408437e+01
   endloop
 endfacet
 facet normal -8.066146e-01  5.860398e-01  7.700787e-02
   outer loop
     vertex  6.574372e+01  4.539835e+01  2.816873e+01
     vertex  6.684070e+01  4.744491e+01  2.408437e+01
     vertex  6.413631e+01  4.372264e+01  2.408437e+01
   endloop
 endfacet
 facet normal -3.975439e-01  8.448238e-01  3.580945e-01
   outer loop
     vertex  7.135979e+01  4.884293e+01  3.204829e+01
     vertex  7.511060e+01  5.060793e+01  3.204829e+01
     vertex  7.260167e+01  5.107174e+01  2.816873e+01
   endloop
 endfacet
 facet normal -5.112837e-01  8.056543e-01  2.991824e-01
   outer loop
     vertex  7.135979e+01  4.884293e+01  3.204829e+01
     vertex  7.260167e+01  5.107174e+01  2.816873e+01
     vertex  6.881434e+01  4.866823e+01  2.816873e+01
   endloop
 endfacet
 facet normal -5.238491e-02  8.326344e-01  5.513400e-01
   outer loop
     vertex  7.753188e+01  4.897637e+01  3.552850e+01
     vertex  8.112197e+01  4.920224e+01  3.552850e+01
     vertex  7.918252e+01  5.138469e+01  3.204829e+01
   endloop
 endfacet
 facet normal -1.613241e-01  8.456906e-01  5.087062e-01
   outer loop
     vertex  7.753188e+01  4.897637e+01  3.552850e+01
     vertex  7.918252e+01  5.138469e+01  3.204829e+01
     vertex  7.511060e+01  5.060793e+01  3.204829e+01
   endloop
 endfacet
 facet normal  2.151424e-01  6.621403e-01  7.178329e-01
   outer loop
     vertex  8.236532e+01  4.612150e+01  3.843486e+01
     vertex  8.509357e+01  4.523503e+01  3.843486e+01
     vertex  8.465544e+01  4.852820e+01  3.552850e+01
   endloop
 endfacet
 facet normal  1.351025e-01  7.082323e-01  6.929317e-01
   outer loop
     vertex  8.236532e+01  4.612150e+01  3.843486e+01
     vertex  8.465544e+01  4.852820e+01  3.552850e+01
     vertex  8.112197e+01  4.920224e+01  3.552850e+01
   endloop
 endfacet
 facet normal  2.904563e-01  4.576860e-01  8.403325e-01
   outer loop
     vertex  8.448818e+01  4.160423e+01  4.062162e+01
     vertex  8.751567e+01  4.369792e+01  3.843486e+01
     vertex  8.509357e+01  4.523503e+01  3.843486e+01
   endloop
 endfacet
 facet normal  3.347879e-01  4.046891e-01  8.509664e-01
   outer loop
     vertex  8.448818e+01  4.160423e+01  4.062162e+01
     vertex  8.602635e+01  4.033175e+01  4.062162e+01
     vertex  8.751567e+01  4.369792e+01  3.843486e+01
   endloop
 endfacet
 facet normal  2.711075e-01  1.969711e-01  9.421800e-01
   outer loop
     vertex  8.352522e+01  3.728079e+01  4.197913e+01
     vertex  8.719974e+01  3.871671e+01  4.062162e+01
     vertex  8.602635e+01  4.033175e+01  4.062162e+01
   endloop
 endfacet
 facet normal  9.888511e-02  5.436255e-02  9.936128e-01
   outer loop
     vertex  8.352522e+01  3.728079e+01  4.197913e+01
     vertex  8.022090e+01  3.488007e+01  4.243933e+01
     vertex  8.401844e+01  3.638362e+01  4.197913e+01
   endloop
 endfacet
 facet normal  2.872998e-01  1.579444e-01  9.447287e-01
   outer loop
     vertex  8.352522e+01  3.728079e+01  4.197913e+01
     vertex  8.401844e+01  3.638362e+01  4.197913e+01
     vertex  8.719974e+01  3.871671e+01  4.062162e+01
   endloop
 endfacet
 facet normal -9.865568e-01  1.197897e-01 -1.111577e-01
   outer loop
     vertex  6.186592e+01  3.488007e+01  2.408437e+01
     vertex  6.284611e+01  3.916257e+01  2.000000e+01
     vertex  6.232612e+01  3.488007e+01  2.000000e+01
   endloop
 endfacet
 facet normal -9.865171e-01  1.246261e-01 -1.060771e-01
   outer loop
     vertex  6.186592e+01  3.488007e+01  2.408437e+01
     vertex  6.244258e+01  3.944476e+01  2.408437e+01
     vertex  6.284611e+01  3.916257e+01  2.000000e+01
   endloop
 endfacet
 facet normal -9.865568e-01 -1.197897e-01 -1.111577e-01
   outer loop
     vertex  6.186592e+01  3.488007e+01  2.408437e+01
     vertex  6.232612e+01  3.488007e+01  2.000000e+01
     vertex  6.284611e+01  3.059756e+01  2.000000e+01
   endloop
 endfacet
 facet normal -8.669617e-01  4.766163e-01  1.456512e-01
   outer loop
     vertex  6.358276e+01  4.146757e+01  2.816873e+01
     vertex  6.574372e+01  4.539835e+01  2.816873e+01
     vertex  6.413631e+01  4.372264e+01  2.408437e+01
   endloop
 endfacet
 facet normal -9.270155e-01  3.670314e-01  7.700787e-02
   outer loop
     vertex  6.358276e+01  4.146757e+01  2.816873e+01
     vertex  6.413631e+01  4.372264e+01  2.408437e+01
     vertex  6.244258e+01  3.944476e+01  2.408437e+01
   endloop
 endfacet
 facet normal -5.951534e-01  7.194169e-01  3.580945e-01
   outer loop
     vertex  6.816576e+01  4.620060e+01  3.204829e+01
     vertex  7.135979e+01  4.884293e+01  3.204829e+01
     vertex  6.881434e+01  4.866823e+01  2.816873e+01
   endloop
 endfacet
 facet normal -6.955789e-01  6.531921e-01  2.991824e-01
   outer loop
     vertex  6.816576e+01  4.620060e+01  3.204829e+01
     vertex  6.881434e+01  4.866823e+01  2.816873e+01
     vertex  6.574372e+01  4.539835e+01  2.816873e+01
   endloop
 endfacet
 facet normal -3.665705e-01  7.790020e-01  5.087062e-01
   outer loop
     vertex  7.411076e+01  4.786478e+01  3.552850e+01
     vertex  7.511060e+01  5.060793e+01  3.204829e+01
     vertex  7.135979e+01  4.884293e+01  3.204829e+01
   endloop
 endfacet
 facet normal -2.578069e-01  7.934480e-01  5.513400e-01
   outer loop
     vertex  7.411076e+01  4.786478e+01  3.552850e+01
     vertex  7.753188e+01  4.897637e+01  3.552850e+01
     vertex  7.511060e+01  5.060793e+01  3.204829e+01
   endloop
 endfacet
 facet normal  4.371573e-02  6.948416e-01  7.178329e-01
   outer loop
     vertex  7.950231e+01  4.630162e+01  3.843486e+01
     vertex  8.236532e+01  4.612150e+01  3.843486e+01
     vertex  8.112197e+01  4.920224e+01  3.552850e+01
   endloop
 endfacet
 facet normal -4.527217e-02  7.195805e-01  6.929317e-01
   outer loop
     vertex  7.950231e+01  4.630162e+01  3.843486e+01
     vertex  8.112197e+01  4.920224e+01  3.552850e+01
     vertex  7.753188e+01  4.897637e+01  3.552850e+01
   endloop
 endfacet
 facet normal  1.675093e-01  5.155405e-01  8.403325e-01
   outer loop
     vertex  8.268189e+01  4.245421e+01  4.062162e+01
     vertex  8.509357e+01  4.523503e+01  3.843486e+01
     vertex  8.236532e+01  4.612150e+01  3.843486e+01
   endloop
 endfacet
 facet normal  2.236279e-01  4.752334e-01  8.509664e-01
   outer loop
     vertex  8.268189e+01  4.245421e+01  4.062162e+01
     vertex  8.448818e+01  4.160423e+01  4.062162e+01
     vertex  8.509357e+01  4.523503e+01  3.843486e+01
   endloop
 endfacet
 facet normal  2.389946e-01  2.244309e-01  9.447287e-01
   outer loop
     vertex  8.282437e+01  3.802712e+01  4.197913e+01
     vertex  8.352522e+01  3.728079e+01  4.197913e+01
     vertex  8.602635e+01  4.033175e+01  4.062162e+01
   endloop
 endfacet
 facet normal  2.136054e-01  2.582046e-01  9.421800e-01
   outer loop
     vertex  8.282437e+01  3.802712e+01  4.197913e+01
     vertex  8.602635e+01  4.033175e+01  4.062162e+01
     vertex  8.448818e+01  4.160423e+01  4.062162e+01
   endloop
 endfacet
 facet normal  8.225904e-02  7.724638e-02  9.936128e-01
   outer loop
     vertex  8.282437e+01  3.802712e+01  4.197913e+01
     vertex  8.022090e+01  3.488007e+01  4.243933e+01
     vertex  8.352522e+01  3.728079e+01  4.197913e+01
   endloop
 endfacet
 facet normal -9.865171e-01 -1.246261e-01 -1.060771e-01
   outer loop
     vertex  6.244258e+01  3.031537e+01  2.408437e+01
     vertex  6.186592e+01  3.488007e+01  2.408437e+01
     vertex  6.284611e+01  3.059756e+01  2.000000e+01
   endloop
 endfacet
 facet normal -9.286945e-01 -3.522074e-01 -1.160883e-01
   outer loop
     vertex  6.244258e+01  3.031537e+01  2.408437e+01
     vertex  6.284611e+01  3.059756e+01  2.000000e+01
     vertex  6.437586e+01  2.656395e+01  2.000000e+01
   endloop
 endfacet
 facet normal -9.582542e-01  2.460379e-01  1.456512e-01
   outer loop
     vertex  6.246723e+01  3.712288e+01  2.816873e+01
     vertex  6.358276e+01  4.146757e+01  2.816873e+01
     vertex  6.244258e+01  3.944476e+01  2.408437e+01
   endloop
 endfacet
 facet normal -9.891686e-01  1.249611e-01  7.700787e-02
   outer loop
     vertex  6.246723e+01  3.712288e+01  2.816873e+01
     vertex  6.244258e+01  3.944476e+01  2.408437e+01
     vertex  6.186592e+01  3.488007e+01  2.408437e+01
   endloop
 endfacet
 facet normal -8.361683e-01  4.596874e-01  2.991824e-01
   outer loop
     vertex  6.572919e+01  4.284695e+01  3.204829e+01
     vertex  6.574372e+01  4.539835e+01  2.816873e+01
     vertex  6.358276e+01  4.146757e+01  2.816873e+01
   endloop
 endfacet
 facet normal -7.553673e-01  5.488065e-01  3.580945e-01
   outer loop
     vertex  6.572919e+01  4.284695e+01  3.204829e+01
     vertex  6.816576e+01  4.620060e+01  3.204829e+01
     vertex  6.574372e+01  4.539835e+01  2.816873e+01
   endloop
 endfacet
 facet normal -5.487839e-01  6.633658e-01  5.087062e-01
   outer loop
     vertex  7.107355e+01  4.593731e+01  3.552850e+01
     vertex  7.135979e+01  4.884293e+01  3.204829e+01
     vertex  6.816576e+01  4.620060e+01  3.204829e+01
   endloop
 endfacet
 facet normal -4.470299e-01  7.044064e-01  5.513400e-01
   outer loop
     vertex  7.107355e+01  4.593731e+01  3.552850e+01
     vertex  7.411076e+01  4.786478e+01  3.552850e+01
     vertex  7.135979e+01  4.884293e+01  3.204829e+01
   endloop
 endfacet
 facet normal -2.228023e-01  6.857149e-01  6.929317e-01
   outer loop
     vertex  7.668447e+01  4.576409e+01  3.843486e+01
     vertex  7.753188e+01  4.897637e+01  3.552850e+01
     vertex  7.411076e+01  4.786478e+01  3.552850e+01
   endloop
 endfacet
 facet normal -1.304578e-01  6.838836e-01  7.178329e-01
   outer loop
     vertex  7.668447e+01  4.576409e+01  3.843486e+01
     vertex  7.950231e+01  4.630162e+01  3.843486e+01
     vertex  7.753188e+01  4.897637e+01  3.552850e+01
   endloop
 endfacet
 facet normal  9.841645e-02  5.159171e-01  8.509664e-01
   outer loop
     vertex  8.072096e+01  4.282827e+01  4.062162e+01
     vertex  8.268189e+01  4.245421e+01  4.062162e+01
     vertex  8.236532e+01  4.612150e+01  3.843486e+01
   endloop
 endfacet
 facet normal  3.403694e-02  5.410017e-01  8.403325e-01
   outer loop
     vertex  8.072096e+01  4.282827e+01  4.062162e+01
     vertex  8.236532e+01  4.612150e+01  3.843486e+01
     vertex  7.950231e+01  4.630162e+01  3.843486e+01
   endloop
 endfacet
 facet normal  1.426817e-01  3.032141e-01  9.421800e-01
   outer loop
     vertex  8.195994e+01  3.857571e+01  4.197913e+01
     vertex  8.448818e+01  4.160423e+01  4.062162e+01
     vertex  8.268189e+01  4.245421e+01  4.062162e+01
   endloop
 endfacet
 facet normal  6.046432e-02  9.527653e-02  9.936128e-01
   outer loop
     vertex  8.195994e+01  3.857571e+01  4.197913e+01
     vertex  8.022090e+01  3.488007e+01  4.243933e+01
     vertex  8.282437e+01  3.802712e+01  4.197913e+01
   endloop
 endfacet
 facet normal  1.756725e-01  2.768155e-01  9.447287e-01
   outer loop
     vertex  8.195994e+01  3.857571e+01  4.197913e+01
     vertex  8.282437e+01  3.802712e+01  4.197913e+01
     vertex  8.448818e+01  4.160423e+01  4.062162e+01
   endloop
 endfacet
 facet normal -9.249790e-01 -3.662251e-01 -1.014546e-01
   outer loop
     vertex  6.413631e+01  2.603749e+01  2.408437e+01
     vertex  6.244258e+01  3.031537e+01  2.408437e+01
     vertex  6.437586e+01  2.656395e+01  2.000000e+01
   endloop
 endfacet
 facet normal -8.169768e-01 -5.639184e-01 -1.206021e-01
   outer loop
     vertex  6.413631e+01  2.603749e+01  2.408437e+01
     vertex  6.437586e+01  2.656395e+01  2.000000e+01
     vertex  6.682646e+01  2.301363e+01  2.000000e+01
   endloop
 endfacet
 facet normal -9.891686e-01 -1.249611e-01  7.700787e-02
   outer loop
     vertex  6.246723e+01  3.263726e+01  2.816873e+01
     vertex  6.186592e+01  3.488007e+01  2.408437e+01
     vertex  6.244258e+01  3.031537e+01  2.408437e+01
   endloop
 endfacet
 facet normal -9.893360e-01  1.567153e-15  1.456512e-01
   outer loop
     vertex  6.246723e+01  3.263726e+01  2.816873e+01
     vertex  6.246723e+01  3.712288e+01  2.816873e+01
     vertex  6.186592e+01  3.488007e+01  2.408437e+01
   endloop
 endfacet
 facet normal -9.242181e-01  2.372989e-01  2.991824e-01
   outer loop
     vertex  6.420319e+01  3.899271e+01  3.204829e+01
     vertex  6.358276e+01  4.146757e+01  2.816873e+01
     vertex  6.246723e+01  3.712288e+01  2.816873e+01
   endloop
 endfacet
 facet normal -8.681187e-01  3.437125e-01  3.580945e-01
   outer loop
     vertex  6.420319e+01  3.899271e+01  3.204829e+01
     vertex  6.572919e+01  4.284695e+01  3.204829e+01
     vertex  6.358276e+01  4.146757e+01  2.816873e+01
   endloop
 endfacet
 facet normal -6.965153e-01  5.060480e-01  5.087062e-01
   outer loop
     vertex  6.861110e+01  4.331507e+01  3.552850e+01
     vertex  6.816576e+01  4.620060e+01  3.204829e+01
     vertex  6.572919e+01  4.284695e+01  3.204829e+01
   endloop
 endfacet
 facet normal -6.081644e-01  5.711044e-01  5.513400e-01
   outer loop
     vertex  6.861110e+01  4.331507e+01  3.552850e+01
     vertex  7.107355e+01  4.593731e+01  3.552850e+01
     vertex  6.816576e+01  4.620060e+01  3.204829e+01
   endloop
 endfacet
 facet normal -2.964341e-01  6.299546e-01  7.178329e-01
   outer loop
     vertex  7.408882e+01  4.454267e+01  3.843486e+01
     vertex  7.668447e+01  4.576409e+01  3.843486e+01
     vertex  7.411076e+01  4.786478e+01  3.552850e+01
   endloop
 endfacet
 facet normal -3.863329e-01  6.087632e-01  6.929317e-01
   outer loop
     vertex  7.408882e+01  4.454267e+01  3.843486e+01
     vertex  7.411076e+01  4.786478e+01  3.552850e+01
     vertex  7.107355e+01  4.593731e+01  3.552850e+01
   endloop
 endfacet
 facet normal -1.015740e-01  5.324698e-01  8.403325e-01
   outer loop
     vertex  7.872861e+01  4.270293e+01  4.062162e+01
     vertex  7.950231e+01  4.630162e+01  3.843486e+01
     vertex  7.668447e+01  4.576409e+01  3.843486e+01
   endloop
 endfacet
 facet normal -3.297885e-02  5.241838e-01  8.509664e-01
   outer loop
     vertex  7.872861e+01  4.270293e+01  4.062162e+01
     vertex  8.072096e+01  4.282827e+01  4.062162e+01
     vertex  7.950231e+01  4.630162e+01  3.843486e+01
   endloop
 endfacet
 facet normal  6.279284e-02  3.291716e-01  9.421800e-01
   outer loop
     vertex  8.098623e+01  3.889209e+01  4.197913e+01
     vertex  8.268189e+01  4.245421e+01  4.062162e+01
     vertex  8.072096e+01  4.282827e+01  4.062162e+01
   endloop
 endfacet
 facet normal  3.487042e-02  1.073201e-01  9.936128e-01
   outer loop
     vertex  8.098623e+01  3.889209e+01  4.197913e+01
     vertex  8.022090e+01  3.488007e+01  4.243933e+01
     vertex  8.195994e+01  3.857571e+01  4.197913e+01
   endloop
 endfacet
 facet normal  1.013122e-01  3.118068e-01  9.447287e-01
   outer loop
     vertex  8.098623e+01  3.889209e+01  4.197913e+01
     vertex  8.195994e+01  3.857571e+01  4.197913e+01
     vertex  8.268189e+01  4.245421e+01  4.062162e+01
   endloop
 endfacet
 facet normal -8.051841e-01 -5.850005e-01 -9.722676e-02
   outer loop
     vertex  6.684070e+01  2.231522e+01  2.408437e+01
     vertex  6.413631e+01  2.603749e+01  2.408437e+01
     vertex  6.682646e+01  2.301363e+01  2.000000e+01
   endloop
 endfacet
 facet normal -6.579466e-01 -7.426682e-01 -1.247005e-01
   outer loop
     vertex  6.684070e+01  2.231522e+01  2.408437e+01
     vertex  6.682646e+01  2.301363e+01  2.000000e+01
     vertex  7.005550e+01  2.015295e+01  2.000000e+01
   endloop
 endfacet
 facet normal -9.270155e-01 -3.670314e-01  7.700787e-02
   outer loop
     vertex  6.358276e+01  2.829256e+01  2.816873e+01
     vertex  6.244258e+01  3.031537e+01  2.408437e+01
     vertex  6.413631e+01  2.603749e+01  2.408437e+01
   endloop
 endfacet
 facet normal -9.582542e-01 -2.460379e-01  1.456512e-01
   outer loop
     vertex  6.358276e+01  2.829256e+01  2.816873e+01
     vertex  6.246723e+01  3.263726e+01  2.816873e+01
     vertex  6.244258e+01  3.031537e+01  2.408437e+01
   endloop
 endfacet
 facet normal -9.541959e-01  1.509714e-15  2.991824e-01
   outer loop
     vertex  6.368364e+01  3.488007e+01  3.204829e+01
     vertex  6.246723e+01  3.712288e+01  2.816873e+01
     vertex  6.246723e+01  3.263726e+01  2.816873e+01
   endloop
 endfacet
 facet normal -9.263230e-01  1.170218e-01  3.580945e-01
   outer loop
     vertex  6.368364e+01  3.488007e+01  3.204829e+01
     vertex  6.420319e+01  3.899271e+01  3.204829e+01
     vertex  6.246723e+01  3.712288e+01  2.816873e+01
   endloop
 endfacet
 facet normal -7.310857e-01  4.019178e-01  5.513400e-01
   outer loop
     vertex  6.687815e+01  4.016283e+01  3.552850e+01
     vertex  6.861110e+01  4.331507e+01  3.552850e+01
     vertex  6.572919e+01  4.284695e+01  3.204829e+01
   endloop
 endfacet
 facet normal -8.004820e-01  3.169332e-01  5.087062e-01
   outer loop
     vertex  6.687815e+01  4.016283e+01  3.552850e+01
     vertex  6.572919e+01  4.284695e+01  3.204829e+01
     vertex  6.420319e+01  3.899271e+01  3.204829e+01
   endloop
 endfacet
 facet normal -4.437844e-01  5.364432e-01  7.178329e-01
   outer loop
     vertex  7.187848e+01  4.271412e+01  3.843486e+01
     vertex  7.408882e+01  4.454267e+01  3.843486e+01
     vertex  7.107355e+01  4.593731e+01  3.552850e+01
   endloop
 endfacet
 facet normal -5.255888e-01  4.935607e-01  6.929317e-01
   outer loop
     vertex  7.187848e+01  4.271412e+01  3.843486e+01
     vertex  7.107355e+01  4.593731e+01  3.552850e+01
     vertex  6.861110e+01  4.331507e+01  3.552850e+01
   endloop
 endfacet
 facet normal -2.308027e-01  4.904808e-01  8.403325e-01
   outer loop
     vertex  7.683002e+01  4.208604e+01  4.062162e+01
     vertex  7.668447e+01  4.576409e+01  3.843486e+01
     vertex  7.408882e+01  4.454267e+01  3.843486e+01
   endloop
 endfacet
 facet normal -1.623020e-01  4.995141e-01  8.509664e-01
   outer loop
     vertex  7.683002e+01  4.208604e+01  4.062162e+01
     vertex  7.872861e+01  4.270293e+01  4.062162e+01
     vertex  7.668447e+01  4.576409e+01  3.843486e+01
   endloop
 endfacet
 facet normal  7.085473e-03  1.126204e-01  9.936128e-01
   outer loop
     vertex  7.996444e+01  3.895637e+01  4.197913e+01
     vertex  8.022090e+01  3.488007e+01  4.243933e+01
     vertex  8.098623e+01  3.889209e+01  4.197913e+01
   endloop
 endfacet
 facet normal -2.104156e-02  3.344460e-01  9.421800e-01
   outer loop
     vertex  7.996444e+01  3.895637e+01  4.197913e+01
     vertex  8.072096e+01  4.282827e+01  4.062162e+01
     vertex  7.872861e+01  4.270293e+01  4.062162e+01
   endloop
 endfacet
 facet normal  2.058606e-02  3.272061e-01  9.447287e-01
   outer loop
     vertex  7.996444e+01  3.895637e+01  4.197913e+01
     vertex  8.098623e+01  3.889209e+01  4.197913e+01
     vertex  8.072096e+01  4.282827e+01  4.062162e+01
   endloop
 endfacet
 facet normal -4.608773e-01 -8.781284e-01 -1.283846e-01
   outer loop
     vertex  7.038581e+01  1.938245e+01  2.408437e+01
     vertex  7.005550e+01  2.015295e+01  2.000000e+01
     vertex  7.387532e+01  1.814816e+01  2.000000e+01
   endloop
 endfacet
 facet normal -6.346378e-01 -7.671454e-01 -9.339586e-02
   outer loop
     vertex  7.038581e+01  1.938245e+01  2.408437e+01
     vertex  6.684070e+01  2.231522e+01  2.408437e+01
     vertex  7.005550e+01  2.015295e+01  2.000000e+01
   endloop
 endfacet
 facet normal -8.669617e-01 -4.766163e-01  1.456512e-01
   outer loop
     vertex  6.574372e+01  2.436178e+01  2.816873e+01
     vertex  6.358276e+01  2.829256e+01  2.816873e+01
     vertex  6.413631e+01  2.603749e+01  2.408437e+01
   endloop
 endfacet
 facet normal -8.066146e-01 -5.860398e-01  7.700787e-02
   outer loop
     vertex  6.574372e+01  2.436178e+01  2.816873e+01
     vertex  6.413631e+01  2.603749e+01  2.408437e+01
     vertex  6.684070e+01  2.231522e+01  2.408437e+01
   endloop
 endfacet
 facet normal -9.242181e-01 -2.372989e-01  2.991824e-01
   outer loop
     vertex  6.420319e+01  3.076742e+01  3.204829e+01
     vertex  6.246723e+01  3.263726e+01  2.816873e+01
     vertex  6.358276e+01  2.829256e+01  2.816873e+01
   endloop
 endfacet
 facet normal -9.263230e-01 -1.170218e-01  3.580945e-01
   outer loop
     vertex  6.420319e+01  3.076742e+01  3.204829e+01
     vertex  6.368364e+01  3.488007e+01  3.204829e+01
     vertex  6.246723e+01  3.263726e+01  2.816873e+01
   endloop
 endfacet
 facet normal -8.080702e-01  2.074772e-01  5.513400e-01
   outer loop
     vertex  6.598356e+01  3.667866e+01  3.552850e+01
     vertex  6.687815e+01  4.016283e+01  3.552850e+01
     vertex  6.420319e+01  3.899271e+01  3.204829e+01
   endloop
 endfacet
 facet normal -8.541514e-01  1.079044e-01  5.087062e-01
   outer loop
     vertex  6.598356e+01  3.667866e+01  3.552850e+01
     vertex  6.420319e+01  3.899271e+01  3.204829e+01
     vertex  6.368364e+01  3.488007e+01  3.204829e+01
   endloop
 endfacet
 facet normal -5.632501e-01  4.092252e-01  7.178329e-01
   outer loop
     vertex  7.019232e+01  4.039332e+01  3.843486e+01
     vertex  7.187848e+01  4.271412e+01  3.843486e+01
     vertex  6.861110e+01  4.331507e+01  3.552850e+01
   endloop
 endfacet
 facet normal -6.318200e-01  3.473460e-01  6.929317e-01
   outer loop
     vertex  7.019232e+01  4.039332e+01  3.843486e+01
     vertex  6.861110e+01  4.331507e+01  3.552850e+01
     vertex  6.687815e+01  4.016283e+01  3.552850e+01
   endloop
 endfacet
 facet normal -2.814270e-01  4.434581e-01  8.509664e-01
   outer loop
     vertex  7.514450e+01  4.101637e+01  4.062162e+01
     vertex  7.683002e+01  4.208604e+01  4.062162e+01
     vertex  7.408882e+01  4.454267e+01  3.843486e+01
   endloop
 endfacet
 facet normal -3.455293e-01  4.176731e-01  8.403325e-01
   outer loop
     vertex  7.514450e+01  4.101637e+01  4.062162e+01
     vertex  7.408882e+01  4.454267e+01  3.843486e+01
     vertex  7.187848e+01  4.271412e+01  3.843486e+01
   endloop
 endfacet
 facet normal -1.035538e-01  3.187059e-01  9.421800e-01
   outer loop
     vertex  7.895876e+01  3.876453e+01  4.197913e+01
     vertex  7.872861e+01  4.270293e+01  4.062162e+01
     vertex  7.683002e+01  4.208604e+01  4.062162e+01
   endloop
 endfacet
 facet normal -6.143354e-02  3.220459e-01  9.447287e-01
   outer loop
     vertex  7.895876e+01  3.876453e+01  4.197913e+01
     vertex  7.996444e+01  3.895637e+01  4.197913e+01
     vertex  7.872861e+01  4.270293e+01  4.062162e+01
   endloop
 endfacet
 facet normal -2.114468e-02  1.108443e-01  9.936128e-01
   outer loop
     vertex  7.895876e+01  3.876453e+01  4.197913e+01
     vertex  8.022090e+01  3.488007e+01  4.243933e+01
     vertex  7.996444e+01  3.895637e+01  4.197913e+01
   endloop
 endfacet
 facet normal -2.372325e-01 -9.624902e-01 -1.316558e-01
   outer loop
     vertex  7.454890e+01  1.742345e+01  2.408437e+01
     vertex  7.387532e+01  1.814816e+01  2.000000e+01
     vertex  7.806392e+01  1.711576e+01  2.000000e+01
   endloop
 endfacet
 facet normal -4.240528e-01 -9.011580e-01 -8.996373e-02
   outer loop
     vertex  7.454890e+01  1.742345e+01  2.408437e+01
     vertex  7.038581e+01  1.938245e+01  2.408437e+01
     vertex  7.387532e+01  1.814816e+01  2.000000e+01
   endloop
 endfacet
 facet normal -6.355311e-01 -7.682252e-01  7.700787e-02
   outer loop
     vertex  6.881434e+01  2.109190e+01  2.816873e+01
     vertex  6.684070e+01  2.231522e+01  2.408437e+01
     vertex  7.038581e+01  1.938245e+01  2.408437e+01
   endloop
 endfacet
 facet normal -7.211949e-01 -6.772471e-01  1.456512e-01
   outer loop
     vertex  6.881434e+01  2.109190e+01  2.816873e+01
     vertex  6.574372e+01  2.436178e+01  2.816873e+01
     vertex  6.684070e+01  2.231522e+01  2.408437e+01
   endloop
 endfacet
 facet normal -8.361683e-01 -4.596874e-01  2.991824e-01
   outer loop
     vertex  6.572919e+01  2.691318e+01  3.204829e+01
     vertex  6.358276e+01  2.829256e+01  2.816873e+01
     vertex  6.574372e+01  2.436178e+01  2.816873e+01
   endloop
 endfacet
 facet normal -8.681187e-01 -3.437125e-01  3.580945e-01
   outer loop
     vertex  6.572919e+01  2.691318e+01  3.204829e+01
     vertex  6.420319e+01  3.076742e+01  3.204829e+01
     vertex  6.358276e+01  2.829256e+01  2.816873e+01
   endloop
 endfacet
 facet normal -8.541514e-01 -1.079044e-01  5.087062e-01
   outer loop
     vertex  6.598356e+01  3.308147e+01  3.552850e+01
     vertex  6.368364e+01  3.488007e+01  3.204829e+01
     vertex  6.420319e+01  3.076742e+01  3.204829e+01
   endloop
 endfacet
 facet normal -8.342806e-01  0.000000e+00  5.513400e-01
   outer loop
     vertex  6.598356e+01  3.308147e+01  3.552850e+01
     vertex  6.598356e+01  3.667866e+01  3.552850e+01
     vertex  6.368364e+01  3.488007e+01  3.204829e+01
   endloop
 endfacet
 facet normal -6.983516e-01  1.793062e-01  6.929317e-01
   outer loop
     vertex  6.913630e+01  3.772611e+01  3.843486e+01
     vertex  6.687815e+01  4.016283e+01  3.552850e+01
     vertex  6.598356e+01  3.667866e+01  3.552850e+01
   endloop
 endfacet
 facet normal -6.473248e-01  2.562940e-01  7.178329e-01
   outer loop
     vertex  6.913630e+01  3.772611e+01  3.843486e+01
     vertex  7.019232e+01  4.039332e+01  3.843486e+01
     vertex  6.687815e+01  4.016283e+01  3.552850e+01
   endloop
 endfacet
 facet normal -4.385449e-01  3.186215e-01  8.403325e-01
   outer loop
     vertex  7.377795e+01  3.956114e+01  4.062162e+01
     vertex  7.187848e+01  4.271412e+01  3.843486e+01
     vertex  7.019232e+01  4.039332e+01  3.843486e+01
   endloop
 endfacet
 facet normal -3.828690e-01  3.595379e-01  8.509664e-01
   outer loop
     vertex  7.377795e+01  3.956114e+01  4.062162e+01
     vertex  7.514450e+01  4.101637e+01  4.062162e+01
     vertex  7.187848e+01  4.271412e+01  3.843486e+01
   endloop
 endfacet
 facet normal -1.795594e-01  2.829404e-01  9.421800e-01
   outer loop
     vertex  7.803239e+01  3.832861e+01  4.197913e+01
     vertex  7.683002e+01  4.208604e+01  4.062162e+01
     vertex  7.514450e+01  4.101637e+01  4.062162e+01
   endloop
 endfacet
 facet normal -1.395930e-01  2.966503e-01  9.447287e-01
   outer loop
     vertex  7.803239e+01  3.832861e+01  4.197913e+01
     vertex  7.895876e+01  3.876453e+01  4.197913e+01
     vertex  7.683002e+01  4.208604e+01  4.062162e+01
   endloop
 endfacet
 facet normal -4.804623e-02  1.021034e-01  9.936128e-01
   outer loop
     vertex  7.803239e+01  3.832861e+01  4.197913e+01
     vertex  8.022090e+01  3.488007e+01  4.243933e+01
     vertex  7.895876e+01  3.876453e+01  4.197913e+01
   endloop
 endfacet
 facet normal -2.447547e-15 -9.909115e-01 -1.345153e-01
   outer loop
     vertex  7.906838e+01  1.656131e+01  2.408437e+01
     vertex  7.806392e+01  1.711576e+01  2.000000e+01
     vertex  8.237788e+01  1.711576e+01  2.000000e+01
   endloop
 endfacet
 facet normal -1.866719e-01 -9.785686e-01 -8.693195e-02
   outer loop
     vertex  7.906838e+01  1.656131e+01  2.408437e+01
     vertex  7.454890e+01  1.742345e+01  2.408437e+01
     vertex  7.806392e+01  1.711576e+01  2.000000e+01
   endloop
 endfacet
 facet normal -5.301127e-01 -8.353240e-01  1.456512e-01
   outer loop
     vertex  7.260167e+01  1.868839e+01  2.816873e+01
     vertex  6.881434e+01  2.109190e+01  2.816873e+01
     vertex  7.038581e+01  1.938245e+01  2.408437e+01
   endloop
 endfacet
 facet normal -4.245149e-01 -9.021402e-01  7.700787e-02
   outer loop
     vertex  7.260167e+01  1.868839e+01  2.816873e+01
     vertex  7.038581e+01  1.938245e+01  2.408437e+01
     vertex  7.454890e+01  1.742345e+01  2.408437e+01
   endloop
 endfacet
 facet normal -7.553673e-01 -5.488065e-01  3.580945e-01
   outer loop
     vertex  6.816576e+01  2.355953e+01  3.204829e+01
     vertex  6.572919e+01  2.691318e+01  3.204829e+01
     vertex  6.574372e+01  2.436178e+01  2.816873e+01
   endloop
 endfacet
 facet normal -6.955789e-01 -6.531921e-01  2.991824e-01
   outer loop
     vertex  6.816576e+01  2.355953e+01  3.204829e+01
     vertex  6.574372e+01  2.436178e+01  2.816873e+01
     vertex  6.881434e+01  2.109190e+01  2.816873e+01
   endloop
 endfacet
 facet normal -8.004820e-01 -3.169332e-01  5.087062e-01
   outer loop
     vertex  6.687815e+01  2.959730e+01  3.552850e+01
     vertex  6.420319e+01  3.076742e+01  3.204829e+01
     vertex  6.572919e+01  2.691318e+01  3.204829e+01
   endloop
 endfacet
 facet normal -8.080702e-01 -2.074772e-01  5.513400e-01
   outer loop
     vertex  6.687815e+01  2.959730e+01  3.552850e+01
     vertex  6.598356e+01  3.308147e+01  3.552850e+01
     vertex  6.420319e+01  3.076742e+01  3.204829e+01
   endloop
 endfacet
 facet normal -7.210033e-01  0.000000e+00  6.929317e-01
   outer loop
     vertex  6.877676e+01  3.488007e+01  3.843486e+01
     vertex  6.598356e+01  3.667866e+01  3.552850e+01
     vertex  6.598356e+01  3.308147e+01  3.552850e+01
   endloop
 endfacet
 facet normal -6.907256e-01  8.725894e-02  7.178329e-01
   outer loop
     vertex  6.877676e+01  3.488007e+01  3.843486e+01
     vertex  6.913630e+01  3.772611e+01  3.843486e+01
     vertex  6.598356e+01  3.667866e+01  3.552850e+01
   endloop
 endfacet
 facet normal -5.040052e-01  1.995498e-01  8.403325e-01
   outer loop
     vertex  7.281623e+01  3.781178e+01  4.062162e+01
     vertex  7.019232e+01  4.039332e+01  3.843486e+01
     vertex  6.913630e+01  3.772611e+01  3.843486e+01
   endloop
 endfacet
 facet normal -4.602539e-01  2.530267e-01  8.509664e-01
   outer loop
     vertex  7.281623e+01  3.781178e+01  4.062162e+01
     vertex  7.377795e+01  3.956114e+01  4.062162e+01
     vertex  7.019232e+01  4.039332e+01  3.843486e+01
   endloop
 endfacet
 facet normal -7.192886e-02  8.694706e-02  9.936128e-01
   outer loop
     vertex  7.724352e+01  3.767601e+01  4.197913e+01
     vertex  8.022090e+01  3.488007e+01  4.243933e+01
     vertex  7.803239e+01  3.832861e+01  4.197913e+01
   endloop
 endfacet
 facet normal -2.442827e-01  2.293967e-01  9.421800e-01
   outer loop
     vertex  7.724352e+01  3.767601e+01  4.197913e+01
     vertex  7.514450e+01  4.101637e+01  4.062162e+01
     vertex  7.377795e+01  3.956114e+01  4.062162e+01
   endloop
 endfacet
 facet normal -2.089814e-01  2.526151e-01  9.447287e-01
   outer loop
     vertex  7.724352e+01  3.767601e+01  4.197913e+01
     vertex  7.803239e+01  3.832861e+01  4.197913e+01
     vertex  7.514450e+01  4.101637e+01  4.062162e+01
   endloop
 endfacet
 facet normal  2.370604e-01 -9.617917e-01 -1.369641e-01
   outer loop
     vertex  8.366028e+01  1.685021e+01  2.408437e+01
     vertex  8.237788e+01  1.711576e+01  2.000000e+01
     vertex  8.656647e+01  1.814816e+01  2.000000e+01
   endloop
 endfacet
 facet normal  6.256700e-02 -9.944740e-01 -8.430188e-02
   outer loop
     vertex  8.366028e+01  1.685021e+01  2.408437e+01
     vertex  7.906838e+01  1.656131e+01  2.408437e+01
     vertex  8.237788e+01  1.711576e+01  2.000000e+01
   endloop
 endfacet
 facet normal -1.868249e-01 -9.793703e-01  7.700787e-02
   outer loop
     vertex  7.686775e+01  1.730226e+01  2.816873e+01
     vertex  7.454890e+01  1.742345e+01  2.408437e+01
     vertex  7.906838e+01  1.656131e+01  2.408437e+01
   endloop
 endfacet
 facet normal -3.057216e-01 -9.409144e-01  1.456512e-01
   outer loop
     vertex  7.686775e+01  1.730226e+01  2.816873e+01
     vertex  7.260167e+01  1.868839e+01  2.816873e+01
     vertex  7.454890e+01  1.742345e+01  2.408437e+01
   endloop
 endfacet
 facet normal -5.112837e-01 -8.056543e-01  2.991824e-01
   outer loop
     vertex  7.135979e+01  2.091720e+01  3.204829e+01
     vertex  6.881434e+01  2.109190e+01  2.816873e+01
     vertex  7.260167e+01  1.868839e+01  2.816873e+01
   endloop
 endfacet
 facet normal -5.951534e-01 -7.194169e-01  3.580945e-01
   outer loop
     vertex  7.135979e+01  2.091720e+01  3.204829e+01
     vertex  6.816576e+01  2.355953e+01  3.204829e+01
     vertex  6.881434e+01  2.109190e+01  2.816873e+01
   endloop
 endfacet
 facet normal -6.965153e-01 -5.060480e-01  5.087062e-01
   outer loop
     vertex  6.861110e+01  2.644506e+01  3.552850e+01
     vertex  6.572919e+01  2.691318e+01  3.204829e+01
     vertex  6.816576e+01  2.355953e+01  3.204829e+01
   endloop
 endfacet
 facet normal -7.310857e-01 -4.019178e-01  5.513400e-01
   outer loop
     vertex  6.861110e+01  2.644506e+01  3.552850e+01
     vertex  6.687815e+01  2.959730e+01  3.552850e+01
     vertex  6.572919e+01  2.691318e+01  3.204829e+01
   endloop
 endfacet
 facet normal -6.983516e-01 -1.793062e-01  6.929317e-01
   outer loop
     vertex  6.913630e+01  3.203402e+01  3.843486e+01
     vertex  6.598356e+01  3.308147e+01  3.552850e+01
     vertex  6.687815e+01  2.959730e+01  3.552850e+01
   endloop
 endfacet
 facet normal -6.907256e-01 -8.725894e-02  7.178329e-01
   outer loop
     vertex  6.913630e+01  3.203402e+01  3.843486e+01
     vertex  6.877676e+01  3.488007e+01  3.843486e+01
     vertex  6.598356e+01  3.308147e+01  3.552850e+01
   endloop
 endfacet
 facet normal -5.087194e-01  1.306169e-01  8.509664e-01
   outer loop
     vertex  7.231977e+01  3.587821e+01  4.062162e+01
     vertex  7.281623e+01  3.781178e+01  4.062162e+01
     vertex  6.913630e+01  3.772611e+01  3.843486e+01
   endloop
 endfacet
 facet normal -5.377969e-01  6.793955e-02  8.403325e-01
   outer loop
     vertex  7.231977e+01  3.587821e+01  4.062162e+01
     vertex  6.913630e+01  3.772611e+01  3.843486e+01
     vertex  6.877676e+01  3.488007e+01  3.843486e+01
   endloop
 endfacet
 facet normal -9.129194e-02  6.632747e-02  9.936128e-01
   outer loop
     vertex  7.664174e+01  3.684772e+01  4.197913e+01
     vertex  8.022090e+01  3.488007e+01  4.243933e+01
     vertex  7.724352e+01  3.767601e+01  4.197913e+01
   endloop
 endfacet
 facet normal -2.936567e-01  1.614391e-01  9.421800e-01
   outer loop
     vertex  7.664174e+01  3.684772e+01  4.197913e+01
     vertex  7.377795e+01  3.956114e+01  4.062162e+01
     vertex  7.281623e+01  3.781178e+01  4.062162e+01
   endloop
 endfacet
 facet normal -2.652387e-01  1.927072e-01  9.447287e-01
   outer loop
     vertex  7.664174e+01  3.684772e+01  4.197913e+01
     vertex  7.724352e+01  3.767601e+01  4.197913e+01
     vertex  7.377795e+01  3.956114e+01  4.062162e+01
   endloop
 endfacet
 facet normal  4.602116e-01 -8.768600e-01 -1.390032e-01
   outer loop
     vertex  8.803607e+01  1.827199e+01  2.408437e+01
     vertex  8.656647e+01  1.814816e+01  2.000000e+01
     vertex  9.038629e+01  2.015295e+01  2.000000e+01
   endloop
 endfacet
 facet normal  3.079744e-01 -9.478478e-01 -8.207464e-02
   outer loop
     vertex  8.803607e+01  1.827199e+01  2.408437e+01
     vertex  8.366028e+01  1.685021e+01  2.408437e+01
     vertex  8.656647e+01  1.814816e+01  2.000000e+01
   endloop
 endfacet
 facet normal  6.260406e-02 -9.950631e-01  7.700787e-02
   outer loop
     vertex  8.134452e+01  1.702060e+01  2.816873e+01
     vertex  7.906838e+01  1.656131e+01  2.408437e+01
     vertex  8.366028e+01  1.685021e+01  2.408437e+01
   endloop
 endfacet
 facet normal -6.212092e-02 -9.873838e-01  1.456512e-01
   outer loop
     vertex  8.134452e+01  1.702060e+01  2.816873e+01
     vertex  7.686775e+01  1.730226e+01  2.816873e+01
     vertex  7.906838e+01  1.656131e+01  2.408437e+01
   endloop
 endfacet
 facet normal -2.948628e-01 -9.074943e-01  2.991824e-01
   outer loop
     vertex  7.511060e+01  1.915220e+01  3.204829e+01
     vertex  7.260167e+01  1.868839e+01  2.816873e+01
     vertex  7.686775e+01  1.730226e+01  2.816873e+01
   endloop
 endfacet
 facet normal -3.975439e-01 -8.448238e-01  3.580945e-01
   outer loop
     vertex  7.511060e+01  1.915220e+01  3.204829e+01
     vertex  7.135979e+01  2.091720e+01  3.204829e+01
     vertex  7.260167e+01  1.868839e+01  2.816873e+01
   endloop
 endfacet
 facet normal -5.487839e-01 -6.633658e-01  5.087062e-01
   outer loop
     vertex  7.107355e+01  2.382282e+01  3.552850e+01
     vertex  6.816576e+01  2.355953e+01  3.204829e+01
     vertex  7.135979e+01  2.091720e+01  3.204829e+01
   endloop
 endfacet
 facet normal -6.081644e-01 -5.711044e-01  5.513400e-01
   outer loop
     vertex  7.107355e+01  2.382282e+01  3.552850e+01
     vertex  6.861110e+01  2.644506e+01  3.552850e+01
     vertex  6.816576e+01  2.355953e+01  3.204829e+01
   endloop
 endfacet
 facet normal -6.318200e-01 -3.473460e-01  6.929317e-01
   outer loop
     vertex  7.019232e+01  2.936681e+01  3.843486e+01
     vertex  6.687815e+01  2.959730e+01  3.552850e+01
     vertex  6.861110e+01  2.644506e+01  3.552850e+01
   endloop
 endfacet
 facet normal -6.473248e-01 -2.562940e-01  7.178329e-01
   outer loop
     vertex  7.019232e+01  2.936681e+01  3.843486e+01
     vertex  6.913630e+01  3.203402e+01  3.843486e+01
     vertex  6.687815e+01  2.959730e+01  3.552850e+01
   endloop
 endfacet
 facet normal -5.377969e-01 -6.793955e-02  8.403325e-01
   outer loop
     vertex  7.231977e+01  3.388192e+01  4.062162e+01
     vertex  6.877676e+01  3.488007e+01  3.843486e+01
     vertex  6.913630e+01  3.203402e+01  3.843486e+01
   endloop
 endfacet
 facet normal -5.252202e-01  0.000000e+00  8.509664e-01
   outer loop
     vertex  7.231977e+01  3.388192e+01  4.062162e+01
     vertex  7.231977e+01  3.587821e+01  4.062162e+01
     vertex  6.877676e+01  3.488007e+01  3.843486e+01
   endloop
 endfacet
 facet normal -3.245792e-01  8.333778e-02  9.421800e-01
   outer loop
     vertex  7.626485e+01  3.589581e+01  4.197913e+01
     vertex  7.281623e+01  3.781178e+01  4.062162e+01
     vertex  7.231977e+01  3.587821e+01  4.062162e+01
   endloop
 endfacet
 facet normal -3.048301e-01  1.206908e-01  9.447287e-01
   outer loop
     vertex  7.626485e+01  3.589581e+01  4.197913e+01
     vertex  7.664174e+01  3.684772e+01  4.197913e+01
     vertex  7.281623e+01  3.781178e+01  4.062162e+01
   endloop
 endfacet
 facet normal -1.049188e-01  4.154029e-02  9.936128e-01
   outer loop
     vertex  7.626485e+01  3.589581e+01  4.197913e+01
     vertex  8.022090e+01  3.488007e+01  4.243933e+01
     vertex  7.664174e+01  3.684772e+01  4.197913e+01
   endloop
 endfacet
 facet normal  5.340986e-01 -8.416047e-01 -8.025115e-02
   outer loop
     vertex  9.192080e+01  2.073731e+01  2.408437e+01
     vertex  8.803607e+01  1.827199e+01  2.408437e+01
     vertex  9.038629e+01  2.015295e+01  2.000000e+01
   endloop
 endfacet
 facet normal  6.565324e-01 -7.410718e-01 -1.406335e-01
   outer loop
     vertex  9.192080e+01  2.073731e+01  2.408437e+01
     vertex  9.038629e+01  2.015295e+01  2.000000e+01
     vertex  9.361533e+01  2.301363e+01  2.000000e+01
   endloop
 endfacet
 facet normal  3.080994e-01 -9.482323e-01  7.700787e-02
   outer loop
     vertex  8.575069e+01  1.786112e+01  2.816873e+01
     vertex  8.366028e+01  1.685021e+01  2.408437e+01
     vertex  8.803607e+01  1.827199e+01  2.408437e+01
   endloop
 endfacet
 facet normal  1.853831e-01 -9.718121e-01  1.456512e-01
   outer loop
     vertex  8.575069e+01  1.786112e+01  2.816873e+01
     vertex  8.134452e+01  1.702060e+01  2.816873e+01
     vertex  8.366028e+01  1.685021e+01  2.408437e+01
   endloop
 endfacet
 facet normal -5.991446e-02 -9.523130e-01  2.991824e-01
   outer loop
     vertex  7.918252e+01  1.837544e+01  3.204829e+01
     vertex  7.686775e+01  1.730226e+01  2.816873e+01
     vertex  8.134452e+01  1.702060e+01  2.816873e+01
   endloop
 endfacet
 facet normal -1.749552e-01 -9.171472e-01  3.580945e-01
   outer loop
     vertex  7.918252e+01  1.837544e+01  3.204829e+01
     vertex  7.511060e+01  1.915220e+01  3.204829e+01
     vertex  7.686775e+01  1.730226e+01  2.816873e+01
   endloop
 endfacet
 facet normal -3.665705e-01 -7.790020e-01  5.087062e-01
   outer loop
     vertex  7.411076e+01  2.189535e+01  3.552850e+01
     vertex  7.135979e+01  2.091720e+01  3.204829e+01
     vertex  7.511060e+01  1.915220e+01  3.204829e+01
   endloop
 endfacet
 facet normal -4.470299e-01 -7.044064e-01  5.513400e-01
   outer loop
     vertex  7.411076e+01  2.189535e+01  3.552850e+01
     vertex  7.107355e+01  2.382282e+01  3.552850e+01
     vertex  7.135979e+01  2.091720e+01  3.204829e+01
   endloop
 endfacet
 facet normal -5.255888e-01 -4.935607e-01  6.929317e-01
   outer loop
     vertex  7.187848e+01  2.704601e+01  3.843486e+01
     vertex  6.861110e+01  2.644506e+01  3.552850e+01
     vertex  7.107355e+01  2.382282e+01  3.552850e+01
   endloop
 endfacet
 facet normal -5.632501e-01 -4.092252e-01  7.178329e-01
   outer loop
     vertex  7.187848e+01  2.704601e+01  3.843486e+01
     vertex  7.019232e+01  2.936681e+01  3.843486e+01
     vertex  6.861110e+01  2.644506e+01  3.552850e+01
   endloop
 endfacet
 facet normal -5.087194e-01 -1.306169e-01  8.509664e-01
   outer loop
     vertex  7.281623e+01  3.194835e+01  4.062162e+01
     vertex  7.231977e+01  3.388192e+01  4.062162e+01
     vertex  6.913630e+01  3.203402e+01  3.843486e+01
   endloop
 endfacet
 facet normal -5.040052e-01 -1.995498e-01  8.403325e-01
   outer loop
     vertex  7.281623e+01  3.194835e+01  4.062162e+01
     vertex  6.913630e+01  3.203402e+01  3.843486e+01
     vertex  7.019232e+01  2.936681e+01  3.843486e+01
   endloop
 endfacet
 facet normal  0.000000e+00  0.000000e+00  0.000000e+00
   outer loop
     vertex  7.613653e+01  3.488007e+01  4.197913e+01
     vertex  8.022090e+01  3.488007e+01  4.243933e+01
     vertex  8.022090e+01  3.488007e+01  4.243933e+01
   endloop
 endfacet
 facet normal -3.351073e-01  0.000000e+00  9.421800e-01
   outer loop
     vertex  7.613653e+01  3.488007e+01  4.197913e+01
     vertex  7.231977e+01  3.587821e+01  4.062162e+01
     vertex  7.231977e+01  3.388192e+01  4.062162e+01
   endloop
 endfacet
 facet normal -3.252678e-01  4.109088e-02  9.447287e-01
   outer loop
     vertex  7.613653e+01  3.488007e+01  4.197913e+01
     vertex  7.626485e+01  3.589581e+01  4.197913e+01
     vertex  7.231977e+01  3.587821e+01  4.062162e+01
   endloop
 endfacet
 facet normal -1.119532e-01  1.414298e-02  9.936128e-01
   outer loop
     vertex  7.613653e+01  3.488007e+01  4.197913e+01
     vertex  8.022090e+01  3.488007e+01  4.243933e+01
     vertex  7.626485e+01  3.589581e+01  4.197913e+01
   endloop
 endfacet
 facet normal  7.267000e-01 -6.824167e-01 -7.883215e-02
   outer loop
     vertex  9.507039e+01  2.409128e+01  2.408437e+01
     vertex  9.192080e+01  2.073731e+01  2.408437e+01
     vertex  9.361533e+01  2.301363e+01  2.000000e+01
   endloop
 endfacet
 facet normal  8.146613e-01 -5.623201e-01 -1.418555e-01
   outer loop
     vertex  9.507039e+01  2.409128e+01  2.408437e+01
     vertex  9.361533e+01  2.301363e+01  2.000000e+01
     vertex  9.606594e+01  2.656395e+01  2.000000e+01
   endloop
 endfacet
 facet normal  5.342356e-01 -8.418207e-01  7.700787e-02
   outer loop
     vertex  8.980940e+01  1.977101e+01  2.816873e+01
     vertex  8.803607e+01  1.827199e+01  2.408437e+01
     vertex  9.192080e+01  2.073731e+01  2.408437e+01
   endloop
 endfacet
 facet normal  4.212388e-01 -8.951780e-01  1.456512e-01
   outer loop
     vertex  8.980940e+01  1.977101e+01  2.816873e+01
     vertex  8.575069e+01  1.786112e+01  2.816873e+01
     vertex  8.803607e+01  1.827199e+01  2.408437e+01
   endloop
 endfacet
 facet normal  5.862659e-02 -9.318429e-01  3.580945e-01
   outer loop
     vertex  8.331967e+01  1.863573e+01  3.204829e+01
     vertex  7.918252e+01  1.837544e+01  3.204829e+01
     vertex  8.134452e+01  1.702060e+01  2.816873e+01
   endloop
 endfacet
 facet normal  1.787985e-01 -9.372945e-01  2.991824e-01
   outer loop
     vertex  8.331967e+01  1.863573e+01  3.204829e+01
     vertex  8.134452e+01  1.702060e+01  2.816873e+01
     vertex  8.575069e+01  1.786112e+01  2.816873e+01
   endloop
 endfacet
 facet normal -2.578069e-01 -7.934480e-01  5.513400e-01
   outer loop
     vertex  7.753188e+01  2.078376e+01  3.552850e+01
     vertex  7.411076e+01  2.189535e+01  3.552850e+01
     vertex  7.511060e+01  1.915220e+01  3.204829e+01
   endloop
 endfacet
 facet normal -1.613241e-01 -8.456906e-01  5.087062e-01
   outer loop
     vertex  7.753188e+01  2.078376e+01  3.552850e+01
     vertex  7.511060e+01  1.915220e+01  3.204829e+01
     vertex  7.918252e+01  1.837544e+01  3.204829e+01
   endloop
 endfacet
 facet normal -3.863329e-01 -6.087632e-01  6.929317e-01
   outer loop
     vertex  7.408882e+01  2.521746e+01  3.843486e+01
     vertex  7.107355e+01  2.382282e+01  3.552850e+01
     vertex  7.411076e+01  2.189535e+01  3.552850e+01
   endloop
 endfacet
 facet normal -4.437844e-01 -5.364432e-01  7.178329e-01
   outer loop
     vertex  7.408882e+01  2.521746e+01  3.843486e+01
     vertex  7.187848e+01  2.704601e+01  3.843486e+01
     vertex  7.107355e+01  2.382282e+01  3.552850e+01
   endloop
 endfacet
 facet normal -4.385449e-01 -3.186215e-01  8.403325e-01
   outer loop
     vertex  7.377795e+01  3.019899e+01  4.062162e+01
     vertex  7.019232e+01  2.936681e+01  3.843486e+01
     vertex  7.187848e+01  2.704601e+01  3.843486e+01
   endloop
 endfacet
 facet normal -4.602539e-01 -2.530267e-01  8.509664e-01
   outer loop
     vertex  7.377795e+01  3.019899e+01  4.062162e+01
     vertex  7.281623e+01  3.194835e+01  4.062162e+01
     vertex  7.019232e+01  2.936681e+01  3.843486e+01
   endloop
 endfacet
 facet normal -1.119532e-01 -1.414298e-02  9.936128e-01
   outer loop
     vertex  7.626485e+01  3.386433e+01  4.197913e+01
     vertex  8.022090e+01  3.488007e+01  4.243933e+01
     vertex  7.613653e+01  3.488007e+01  4.197913e+01
   endloop
 endfacet
 facet normal -3.252678e-01 -4.109088e-02  9.447287e-01
   outer loop
     vertex  7.626485e+01  3.386433e+01  4.197913e+01
     vertex  7.613653e+01  3.488007e+01  4.197913e+01
     vertex  7.231977e+01  3.388192e+01  4.062162e+01
   endloop
 endfacet
 facet normal -3.245792e-01 -8.333778e-02  9.421800e-01
   outer loop
     vertex  7.626485e+01  3.386433e+01  4.197913e+01
     vertex  7.231977e+01  3.388192e+01  4.062162e+01
     vertex  7.281623e+01  3.194835e+01  4.062162e+01
   endloop
 endfacet
 facet normal  9.254513e-01 -3.509774e-01 -1.426699e-01
   outer loop
     vertex  9.728692e+01  2.812315e+01  2.408437e+01
     vertex  9.606594e+01  2.656395e+01  2.000000e+01
     vertex  9.759569e+01  3.059756e+01  2.000000e+01
   endloop
 endfacet
 facet normal  8.736493e-01 -4.802928e-01 -7.781818e-02
   outer loop
     vertex  9.728692e+01  2.812315e+01  2.408437e+01
     vertex  9.507039e+01  2.409128e+01  2.408437e+01
     vertex  9.606594e+01  2.656395e+01  2.000000e+01
   endloop
 endfacet
 facet normal  6.306265e-01 -7.622965e-01  1.456512e-01
   outer loop
     vertex  9.326563e+01  2.263025e+01  2.816873e+01
     vertex  8.980940e+01  1.977101e+01  2.816873e+01
     vertex  9.192080e+01  2.073731e+01  2.408437e+01
   endloop
 endfacet
 facet normal  7.268039e-01 -6.825143e-01  7.700787e-02
   outer loop
     vertex  9.326563e+01  2.263025e+01  2.816873e+01
     vertex  9.192080e+01  2.073731e+01  2.408437e+01
     vertex  9.507039e+01  2.409128e+01  2.408437e+01
   endloop
 endfacet
 facet normal  4.062769e-01 -8.633823e-01  2.991824e-01
   outer loop
     vertex  8.726212e+01  1.991671e+01  3.204829e+01
     vertex  8.575069e+01  1.786112e+01  2.816873e+01
     vertex  8.980940e+01  1.977101e+01  2.816873e+01
   endloop
 endfacet
 facet normal  2.885246e-01 -8.879875e-01  3.580945e-01
   outer loop
     vertex  8.726212e+01  1.991671e+01  3.204829e+01
     vertex  8.331967e+01  1.863573e+01  3.204829e+01
     vertex  8.575069e+01  1.786112e+01  2.816873e+01
   endloop
 endfacet
 facet normal -5.238491e-02 -8.326344e-01  5.513400e-01
   outer loop
     vertex  8.112197e+01  2.055789e+01  3.552850e+01
     vertex  7.753188e+01  2.078376e+01  3.552850e+01
     vertex  7.918252e+01  1.837544e+01  3.204829e+01
   endloop
 endfacet
 facet normal  5.405888e-02 -8.592413e-01  5.087062e-01
   outer loop
     vertex  8.112197e+01  2.055789e+01  3.552850e+01
     vertex  7.918252e+01  1.837544e+01  3.204829e+01
     vertex  8.331967e+01  1.863573e+01  3.204829e+01
   endloop
 endfacet
 facet normal -2.964341e-01 -6.299546e-01  7.178329e-01
   outer loop
     vertex  7.668447e+01  2.399604e+01  3.843486e+01
     vertex  7.408882e+01  2.521746e+01  3.843486e+01
     vertex  7.411076e+01  2.189535e+01  3.552850e+01
   endloop
 endfacet
 facet normal -2.228023e-01 -6.857149e-01  6.929317e-01
   outer loop
     vertex  7.668447e+01  2.399604e+01  3.843486e+01
     vertex  7.411076e+01  2.189535e+01  3.552850e+01
     vertex  7.753188e+01  2.078376e+01  3.552850e+01
   endloop
 endfacet
 facet normal -3.828690e-01 -3.595379e-01  8.509664e-01
   outer loop
     vertex  7.514450e+01  2.874376e+01  4.062162e+01
     vertex  7.377795e+01  3.019899e+01  4.062162e+01
     vertex  7.187848e+01  2.704601e+01  3.843486e+01
   endloop
 endfacet
 facet normal -3.455293e-01 -4.176731e-01  8.403325e-01
   outer loop
     vertex  7.514450e+01  2.874376e+01  4.062162e+01
     vertex  7.187848e+01  2.704601e+01  3.843486e+01
     vertex  7.408882e+01  2.521746e+01  3.843486e+01
   endloop
 endfacet
 facet normal -2.936567e-01 -1.614391e-01  9.421800e-01
   outer loop
     vertex  7.664174e+01  3.291241e+01  4.197913e+01
     vertex  7.281623e+01  3.194835e+01  4.062162e+01
     vertex  7.377795e+01  3.019899e+01  4.062162e+01
   endloop
 endfacet
 facet normal -1.049188e-01 -4.154029e-02  9.936128e-01
   outer loop
     vertex  7.664174e+01  3.291241e+01  4.197913e+01
     vertex  8.022090e+01  3.488007e+01  4.243933e+01
     vertex  7.626485e+01  3.386433e+01  4.197913e+01
   endloop
 endfacet
 facet normal -3.048301e-01 -1.206908e-01  9.447287e-01
   outer loop
     vertex  7.664174e+01  3.291241e+01  4.197913e+01
     vertex  7.626485e+01  3.386433e+01  4.197913e+01
     vertex  7.281623e+01  3.194835e+01  4.062162e+01
   endloop
 endfacet
 facet normal  9.917759e-01 -6.239725e-02 -1.117457e-01
   outer loop
     vertex  9.843114e+01  3.257958e+01  2.408437e+01
     vertex  9.811568e+01  3.488007e+01  2.000000e+01
     vertex  9.857587e+01  3.488007e+01  2.408437e+01
   endloop
 endfacet
 facet normal  9.917758e-01 -6.239724e-02  1.117468e-01
   outer loop
     vertex  9.843114e+01  3.257958e+01  2.408437e+01
     vertex  9.857587e+01  3.488007e+01  2.408437e+01
     vertex  9.811567e+01  3.488007e+01  2.816873e+01
   endloop
 endfacet
 facet normal  9.824954e-01 -1.192965e-01 -1.430770e-01
   outer loop
     vertex  9.843114e+01  3.257958e+01  2.408437e+01
     vertex  9.759569e+01  3.059756e+01  2.000000e+01
     vertex  9.811568e+01  3.488007e+01  2.000000e+01
   endloop
 endfacet
 facet normal  9.656918e-01 -2.479475e-01 -7.720965e-02
   outer loop
     vertex  9.843114e+01  3.257958e+01  2.408437e+01
     vertex  9.728692e+01  2.812315e+01  2.408437e+01
     vertex  9.759569e+01  3.059756e+01  2.000000e+01
   endloop
 endfacet
 facet normal  8.737045e-01 -4.803231e-01  7.700787e-02
   outer loop
     vertex  9.590221e+01  2.625919e+01  2.816873e+01
     vertex  9.507039e+01  2.409128e+01  2.408437e+01
     vertex  9.728692e+01  2.812315e+01  2.408437e+01
   endloop
 endfacet
 facet normal  8.003896e-01 -5.815171e-01  1.456512e-01
   outer loop
     vertex  9.590221e+01  2.625919e+01  2.816873e+01
     vertex  9.326563e+01  2.263025e+01  2.816873e+01
     vertex  9.507039e+01  2.409128e+01  2.408437e+01
   endloop
 endfacet
 facet normal  6.082274e-01 -7.352206e-01  2.991824e-01
   outer loop
     vertex  9.076214e+01  2.213789e+01  3.204829e+01
     vertex  8.980940e+01  1.977101e+01  2.816873e+01
     vertex  9.326563e+01  2.263025e+01  2.816873e+01
   endloop
 endfacet
 facet normal  5.002936e-01 -7.883366e-01  3.580945e-01
   outer loop
     vertex  9.076214e+01  2.213789e+01  3.204829e+01
     vertex  8.726212e+01  1.991671e+01  3.204829e+01
     vertex  8.980940e+01  1.977101e+01  2.816873e+01
   endloop
 endfacet
 facet normal  2.660452e-01 -8.188028e-01  5.087062e-01
   outer loop
     vertex  8.465544e+01  2.123193e+01  3.552850e+01
     vertex  8.331967e+01  1.863573e+01  3.204829e+01
     vertex  8.726212e+01  1.991671e+01  3.204829e+01
   endloop
 endfacet
 facet normal  1.563286e-01 -8.195032e-01  5.513400e-01
   outer loop
     vertex  8.465544e+01  2.123193e+01  3.552850e+01
     vertex  8.112197e+01  2.055789e+01  3.552850e+01
     vertex  8.331967e+01  1.863573e+01  3.204829e+01
   endloop
 endfacet
 facet normal -4.527217e-02 -7.195805e-01  6.929317e-01
   outer loop
     vertex  7.950231e+01  2.345851e+01  3.843486e+01
     vertex  7.753188e+01  2.078376e+01  3.552850e+01
     vertex  8.112197e+01  2.055789e+01  3.552850e+01
   endloop
 endfacet
 facet normal -1.304578e-01 -6.838836e-01  7.178329e-01
   outer loop
     vertex  7.950231e+01  2.345851e+01  3.843486e+01
     vertex  7.668447e+01  2.399604e+01  3.843486e+01
     vertex  7.753188e+01  2.078376e+01  3.552850e+01
   endloop
 endfacet
 facet normal -2.308027e-01 -4.904808e-01  8.403325e-01
   outer loop
     vertex  7.683002e+01  2.767409e+01  4.062162e+01
     vertex  7.408882e+01  2.521746e+01  3.843486e+01
     vertex  7.668447e+01  2.399604e+01  3.843486e+01
   endloop
 endfacet
 facet normal -2.814270e-01 -4.434581e-01  8.509664e-01
   outer loop
     vertex  7.683002e+01  2.767409e+01  4.062162e+01
     vertex  7.514450e+01  2.874376e+01  4.062162e+01
     vertex  7.408882e+01  2.521746e+01  3.843486e+01
   endloop
 endfacet
 facet normal -2.442827e-01 -2.293967e-01  9.421800e-01
   outer loop
     vertex  7.724352e+01  3.208413e+01  4.197913e+01
     vertex  7.377795e+01  3.019899e+01  4.062162e+01
     vertex  7.514450e+01  2.874376e+01  4.062162e+01
   endloop
 endfacet
 facet normal -2.652387e-01 -1.927072e-01  9.447287e-01
   outer loop
     vertex  7.724352e+01  3.208413e+01  4.197913e+01
     vertex  7.664174e+01  3.291241e+01  4.197913e+01
     vertex  7.377795e+01  3.019899e+01  4.062162e+01
   endloop
 endfacet
 facet normal -9.129194e-02 -6.632747e-02  9.936128e-01
   outer loop
     vertex  7.724352e+01  3.208413e+01  4.197913e+01
     vertex  8.022090e+01  3.488007e+01  4.243933e+01
     vertex  7.664174e+01  3.291241e+01  4.197913e+01
   endloop
 endfacet
 facet normal  9.815348e-01 -1.239967e-01  1.456512e-01
   outer loop
     vertex  9.755348e+01  3.042982e+01  2.816873e+01
     vertex  9.843114e+01  3.257958e+01  2.408437e+01
     vertex  9.811567e+01  3.488007e+01  2.816873e+01
   endloop
 endfacet
 facet normal  9.657069e-01 -2.479514e-01  7.700787e-02
   outer loop
     vertex  9.755348e+01  3.042982e+01  2.816873e+01
     vertex  9.728692e+01  2.812315e+01  2.408437e+01
     vertex  9.843114e+01  3.257958e+01  2.408437e+01
   endloop
 endfacet
 facet normal  9.198613e-01 -3.641989e-01  1.456512e-01
   outer loop
     vertex  9.755348e+01  3.042982e+01  2.816873e+01
     vertex  9.590221e+01  2.625919e+01  2.816873e+01
     vertex  9.728692e+01  2.812315e+01  2.408437e+01
   endloop
 endfacet
 facet normal  7.719607e-01 -5.608623e-01  2.991824e-01
   outer loop
     vertex  9.359982e+01  2.515971e+01  3.204829e+01
     vertex  9.326563e+01  2.263025e+01  2.816873e+01
     vertex  9.590221e+01  2.625919e+01  2.816873e+01
   endloop
 endfacet
 facet normal  6.806273e-01 -6.391516e-01  3.580945e-01
   outer loop
     vertex  9.359982e+01  2.515971e+01  3.204829e+01
     vertex  9.076214e+01  2.213789e+01  3.204829e+01
     vertex  9.326563e+01  2.263025e+01  2.816873e+01
   endloop
 endfacet
 facet normal  4.613148e-01 -7.269159e-01  5.087062e-01
   outer loop
     vertex  8.791028e+01  2.276354e+01  3.552850e+01
     vertex  8.726212e+01  1.991671e+01  3.204829e+01
     vertex  9.076214e+01  2.213789e+01  3.204829e+01
   endloop
 endfacet
 facet normal  3.552194e-01 -7.548797e-01  5.513400e-01
   outer loop
     vertex  8.791028e+01  2.276354e+01  3.552850e+01
     vertex  8.465544e+01  2.123193e+01  3.552850e+01
     vertex  8.726212e+01  1.991671e+01  3.204829e+01
   endloop
 endfacet
 facet normal  4.371573e-02 -6.948416e-01  7.178329e-01
   outer loop
     vertex  8.236532e+01  2.363864e+01  3.843486e+01
     vertex  7.950231e+01  2.345851e+01  3.843486e+01
     vertex  8.112197e+01  2.055789e+01  3.552850e+01
   endloop
 endfacet
 facet normal  1.351025e-01 -7.082323e-01  6.929317e-01
   outer loop
     vertex  8.236532e+01  2.363864e+01  3.843486e+01
     vertex  8.112197e+01  2.055789e+01  3.552850e+01
     vertex  8.465544e+01  2.123193e+01  3.552850e+01
   endloop
 endfacet
 facet normal -1.623020e-01 -4.995141e-01  8.509664e-01
   outer loop
     vertex  7.872861e+01  2.705721e+01  4.062162e+01
     vertex  7.683002e+01  2.767409e+01  4.062162e+01
     vertex  7.668447e+01  2.399604e+01  3.843486e+01
   endloop
 endfacet
 facet normal -1.015740e-01 -5.324698e-01  8.403325e-01
   outer loop
     vertex  7.872861e+01  2.705721e+01  4.062162e+01
     vertex  7.668447e+01  2.399604e+01  3.843486e+01
     vertex  7.950231e+01  2.345851e+01  3.843486e+01
   endloop
 endfacet
 facet normal -7.192886e-02 -8.694706e-02  9.936128e-01
   outer loop
     vertex  7.803239e+01  3.143152e+01  4.197913e+01
     vertex  8.022090e+01  3.488007e+01  4.243933e+01
     vertex  7.724352e+01  3.208413e+01  4.197913e+01
   endloop
 endfacet
 facet normal -2.089814e-01 -2.526151e-01  9.447287e-01
   outer loop
     vertex  7.803239e+01  3.143152e+01  4.197913e+01
     vertex  7.724352e+01  3.208413e+01  4.197913e+01
     vertex  7.514450e+01  2.874376e+01  4.062162e+01
   endloop
 endfacet
 facet normal -1.795594e-01 -2.829404e-01  9.421800e-01
   outer loop
     vertex  7.803239e+01  3.143152e+01  4.197913e+01
     vertex  7.514450e+01  2.874376e+01  4.062162e+01
     vertex  7.683002e+01  2.767409e+01  4.062162e+01
   endloop
 endfacet
 facet normal  8.871889e-01 -3.512629e-01  2.991824e-01
   outer loop
     vertex  9.559685e+01  2.879229e+01  3.204829e+01
     vertex  9.590221e+01  2.625919e+01  2.816873e+01
     vertex  9.755348e+01  3.042982e+01  2.816873e+01
   endloop
 endfacet
 facet normal  8.181947e-01 -4.498063e-01  3.580945e-01
   outer loop
     vertex  9.559685e+01  2.879229e+01  3.204829e+01
     vertex  9.359982e+01  2.515971e+01  3.204829e+01
     vertex  9.590221e+01  2.625919e+01  2.816873e+01
   endloop
 endfacet
 facet normal  6.275984e-01 -5.893541e-01  5.087062e-01
   outer loop
     vertex  9.068196e+01  2.505648e+01  3.552850e+01
     vertex  9.076214e+01  2.213789e+01  3.204829e+01
     vertex  9.359982e+01  2.515971e+01  3.204829e+01
   endloop
 endfacet
 facet normal  5.317905e-01 -6.428243e-01  5.513400e-01
   outer loop
     vertex  9.068196e+01  2.505648e+01  3.552850e+01
     vertex  8.791028e+01  2.276354e+01  3.552850e+01
     vertex  9.076214e+01  2.213789e+01  3.204829e+01
   endloop
 endfacet
 facet normal  3.069883e-01 -6.523833e-01  6.929317e-01
   outer loop
     vertex  8.509357e+01  2.452510e+01  3.843486e+01
     vertex  8.465544e+01  2.123193e+01  3.552850e+01
     vertex  8.791028e+01  2.276354e+01  3.552850e+01
   endloop
 endfacet
 facet normal  2.151424e-01 -6.621403e-01  7.178329e-01
   outer loop
     vertex  8.509357e+01  2.452510e+01  3.843486e+01
     vertex  8.236532e+01  2.363864e+01  3.843486e+01
     vertex  8.465544e+01  2.123193e+01  3.552850e+01
   endloop
 endfacet
 facet normal -3.297885e-02 -5.241838e-01  8.509664e-01
   outer loop
     vertex  8.072096e+01  2.693186e+01  4.062162e+01
     vertex  7.872861e+01  2.705721e+01  4.062162e+01
     vertex  7.950231e+01  2.345851e+01  3.843486e+01
   endloop
 endfacet
 facet normal  3.403694e-02 -5.410017e-01  8.403325e-01
   outer loop
     vertex  8.072096e+01  2.693186e+01  4.062162e+01
     vertex  7.950231e+01  2.345851e+01  3.843486e+01
     vertex  8.236532e+01  2.363864e+01  3.843486e+01
   endloop
 endfacet
 facet normal -1.035538e-01 -3.187059e-01  9.421800e-01
   outer loop
     vertex  7.895876e+01  3.099560e+01  4.197913e+01
     vertex  7.683002e+01  2.767409e+01  4.062162e+01
     vertex  7.872861e+01  2.705721e+01  4.062162e+01
   endloop
 endfacet
 facet normal -1.395930e-01 -2.966503e-01  9.447287e-01
   outer loop
     vertex  7.895876e+01  3.099560e+01  4.197913e+01
     vertex  7.803239e+01  3.143152e+01  4.197913e+01
     vertex  7.683002e+01  2.767409e+01  4.062162e+01
   endloop
 endfacet
 facet normal -4.804623e-02 -1.021034e-01  9.936128e-01
   outer loop
     vertex  7.895876e+01  3.099560e+01  4.197913e+01
     vertex  8.022090e+01  3.488007e+01  4.243933e+01
     vertex  7.803239e+01  3.143152e+01  4.197913e+01
   endloop
 endfacet
 facet normal  9.422233e-01 -5.927966e-02  3.296986e-01
   outer loop
     vertex  9.662776e+01  3.280740e+01  3.204829e+01
     vertex  9.811567e+01  3.488007e+01  2.816873e+01
     vertex  9.675816e+01  3.488007e+01  3.204829e+01
   endloop
 endfacet
 facet normal  8.455251e-01 -5.319593e-02  5.312791e-01
   outer loop
     vertex  9.662776e+01  3.280740e+01  3.204829e+01
     vertex  9.675816e+01  3.488007e+01  3.204829e+01
     vertex  9.457139e+01  3.488007e+01  3.552850e+01
   endloop
 endfacet
 facet normal  9.043519e-01 -2.321981e-01  3.580945e-01
   outer loop
     vertex  9.662776e+01  3.280740e+01  3.204829e+01
     vertex  9.559685e+01  2.879229e+01  3.204829e+01
     vertex  9.755348e+01  3.042982e+01  2.816873e+01
   endloop
 endfacet
 facet normal  9.466718e-01 -1.195925e-01  2.991824e-01
   outer loop
     vertex  9.662776e+01  3.280740e+01  3.204829e+01
     vertex  9.755348e+01  3.042982e+01  2.816873e+01
     vertex  9.811567e+01  3.488007e+01  2.816873e+01
   endloop
 endfacet
 facet normal  7.544477e-01 -4.147611e-01  5.087062e-01
   outer loop
     vertex  9.279633e+01  2.796666e+01  3.552850e+01
     vertex  9.359982e+01  2.515971e+01  3.204829e+01
     vertex  9.559685e+01  2.879229e+01  3.204829e+01
   endloop
 endfacet
 facet normal  6.749472e-01 -4.903779e-01  5.513400e-01
   outer loop
     vertex  9.279633e+01  2.796666e+01  3.552850e+01
     vertex  9.068196e+01  2.505648e+01  3.552850e+01
     vertex  9.359982e+01  2.515971e+01  3.204829e+01
   endloop
 endfacet
 facet normal  3.730509e-01 -5.878342e-01  7.178329e-01
   outer loop
     vertex  8.751567e+01  2.606221e+01  3.843486e+01
     vertex  8.509357e+01  2.452510e+01  3.843486e+01
     vertex  8.791028e+01  2.276354e+01  3.552850e+01
   endloop
 endfacet
 facet normal  4.595848e-01 -5.555426e-01  6.929317e-01
   outer loop
     vertex  8.751567e+01  2.606221e+01  3.843486e+01
     vertex  8.791028e+01  2.276354e+01  3.552850e+01
     vertex  9.068196e+01  2.505648e+01  3.552850e+01
   endloop
 endfacet
 facet normal  1.675093e-01 -5.155405e-01  8.403325e-01
   outer loop
     vertex  8.268189e+01  2.730592e+01  4.062162e+01
     vertex  8.236532e+01  2.363864e+01  3.843486e+01
     vertex  8.509357e+01  2.452510e+01  3.843486e+01
   endloop
 endfacet
 facet normal  9.841645e-02 -5.159171e-01  8.509664e-01
   outer loop
     vertex  8.268189e+01  2.730592e+01  4.062162e+01
     vertex  8.072096e+01  2.693186e+01  4.062162e+01
     vertex  8.236532e+01  2.363864e+01  3.843486e+01
   endloop
 endfacet
 facet normal -2.104156e-02 -3.344460e-01  9.421800e-01
   outer loop
     vertex  7.996444e+01  3.080376e+01  4.197913e+01
     vertex  7.872861e+01  2.705721e+01  4.062162e+01
     vertex  8.072096e+01  2.693186e+01  4.062162e+01
   endloop
 endfacet
 facet normal -2.114468e-02 -1.108443e-01  9.936128e-01
   outer loop
     vertex  7.996444e+01  3.080376e+01  4.197913e+01
     vertex  8.022090e+01  3.488007e+01  4.243933e+01
     vertex  7.895876e+01  3.099560e+01  4.197913e+01
   endloop
 endfacet
 facet normal -6.143354e-02 -3.220459e-01  9.447287e-01
   outer loop
     vertex  7.996444e+01  3.080376e+01  4.197913e+01
     vertex  7.895876e+01  3.099560e+01  4.197913e+01
     vertex  7.872861e+01  2.705721e+01  4.062162e+01
   endloop
 endfacet
 facet normal  7.756945e-01 -3.071192e-01  5.513400e-01
   outer loop
     vertex  9.412055e+01  3.131124e+01  3.552850e+01
     vertex  9.279633e+01  2.796666e+01  3.552850e+01
     vertex  9.559685e+01  2.879229e+01  3.204829e+01
   endloop
 endfacet
 facet normal  8.277021e-01 -1.045631e-01  5.513400e-01
   outer loop
     vertex  9.412055e+01  3.131124e+01  3.552850e+01
     vertex  9.662776e+01  3.280740e+01  3.204829e+01
     vertex  9.457139e+01  3.488007e+01  3.552850e+01
   endloop
 endfacet
 facet normal  8.338922e-01 -2.141071e-01  5.087062e-01
   outer loop
     vertex  9.412055e+01  3.131124e+01  3.552850e+01
     vertex  9.559685e+01  2.879229e+01  3.204829e+01
     vertex  9.662776e+01  3.280740e+01  3.204829e+01
   endloop
 endfacet
 facet normal  5.833039e-01 -4.237951e-01  6.929317e-01
   outer loop
     vertex  8.947940e+01  2.815337e+01  3.843486e+01
     vertex  9.068196e+01  2.505648e+01  3.552850e+01
     vertex  9.279633e+01  2.796666e+01  3.552850e+01
   endloop
 endfacet
 facet normal  5.075192e-01 -4.765923e-01  7.178329e-01
   outer loop
     vertex  8.947940e+01  2.815337e+01  3.843486e+01
     vertex  8.751567e+01  2.606221e+01  3.843486e+01
     vertex  9.068196e+01  2.505648e+01  3.552850e+01
   endloop
 endfacet
 facet normal  2.236279e-01 -4.752334e-01  8.509664e-01
   outer loop
     vertex  8.448818e+01  2.815590e+01  4.062162e+01
     vertex  8.268189e+01  2.730592e+01  4.062162e+01
     vertex  8.509357e+01  2.452510e+01  3.843486e+01
   endloop
 endfacet
 facet normal  2.904563e-01 -4.576860e-01  8.403325e-01
   outer loop
     vertex  8.448818e+01  2.815590e+01  4.062162e+01
     vertex  8.509357e+01  2.452510e+01  3.843486e+01
     vertex  8.751567e+01  2.606221e+01  3.843486e+01
   endloop
 endfacet
 facet normal  2.058606e-02 -3.272061e-01  9.447287e-01
   outer loop
     vertex  8.098623e+01  3.086805e+01  4.197913e+01
     vertex  7.996444e+01  3.080376e+01  4.197913e+01
     vertex  8.072096e+01  2.693186e+01  4.062162e+01
   endloop
 endfacet
 facet normal  6.279284e-02 -3.291716e-01  9.421800e-01
   outer loop
     vertex  8.098623e+01  3.086805e+01  4.197913e+01
     vertex  8.072096e+01  2.693186e+01  4.062162e+01
     vertex  8.268189e+01  2.730592e+01  4.062162e+01
   endloop
 endfacet
 facet normal  7.085473e-03 -1.126204e-01  9.936128e-01
   outer loop
     vertex  8.098623e+01  3.086805e+01  4.197913e+01
     vertex  8.022090e+01  3.488007e+01  4.243933e+01
     vertex  7.996444e+01  3.080376e+01  4.197913e+01
   endloop
 endfacet
 facet normal  6.100983e-01 -3.354044e-01  7.178329e-01
   outer loop
     vertex  9.086139e+01  3.066720e+01  3.843486e+01
     vertex  8.947940e+01  2.815337e+01  3.843486e+01
     vertex  9.279633e+01  2.796666e+01  3.552850e+01
   endloop
 endfacet
 facet normal  6.703719e-01 -2.654190e-01  6.929317e-01
   outer loop
     vertex  9.086139e+01  3.066720e+01  3.843486e+01
     vertex  9.279633e+01  2.796666e+01  3.552850e+01
     vertex  9.412055e+01  3.131124e+01  3.552850e+01
   endloop
 endfacet
 facet normal  3.951530e-01 -3.710734e-01  8.403325e-01
   outer loop
     vertex  8.602635e+01  2.942839e+01  4.062162e+01
     vertex  8.751567e+01  2.606221e+01  3.843486e+01
     vertex  8.947940e+01  2.815337e+01  3.843486e+01
   endloop
 endfacet
 facet normal  3.347879e-01 -4.046891e-01  8.509664e-01
   outer loop
     vertex  8.602635e+01  2.942839e+01  4.062162e+01
     vertex  8.448818e+01  2.815590e+01  4.062162e+01
     vertex  8.751567e+01  2.606221e+01  3.843486e+01
   endloop
 endfacet
 facet normal  1.426817e-01 -3.032141e-01  9.421800e-01
   outer loop
     vertex  8.195994e+01  3.118442e+01  4.197913e+01
     vertex  8.268189e+01  2.730592e+01  4.062162e+01
     vertex  8.448818e+01  2.815590e+01  4.062162e+01
   endloop
 endfacet
 facet normal  3.487042e-02 -1.073201e-01  9.936128e-01
   outer loop
     vertex  8.195994e+01  3.118442e+01  4.197913e+01
     vertex  8.022090e+01  3.488007e+01  4.243933e+01
     vertex  8.098623e+01  3.086805e+01  4.197913e+01
   endloop
 endfacet
 facet normal  1.013122e-01 -3.118068e-01  9.447287e-01
   outer loop
     vertex  8.195994e+01  3.118442e+01  4.197913e+01
     vertex  8.098623e+01  3.086805e+01  4.197913e+01
     vertex  8.268189e+01  2.730592e+01  4.062162e+01
   endloop
 endfacet
 facet normal  7.064079e-01 -4.444342e-02  7.064083e-01
   outer loop
     vertex  9.157479e+01  3.344573e+01  3.843486e+01
     vertex  9.457139e+01  3.488007e+01  3.552850e+01
     vertex  9.166503e+01  3.488007e+01  3.843486e+01
   endloop
 endfacet
 facet normal  5.317341e-01 -3.345387e-02  8.462504e-01
   outer loop
     vertex  9.157479e+01  3.344573e+01  3.843486e+01
     vertex  9.166503e+01  3.488007e+01  3.843486e+01
     vertex  8.818482e+01  3.488007e+01  4.062162e+01
   endloop
 endfacet
 facet normal  7.153179e-01 -9.036567e-02  6.929317e-01
   outer loop
     vertex  9.157479e+01  3.344573e+01  3.843486e+01
     vertex  9.412055e+01  3.131124e+01  3.552850e+01
     vertex  9.457139e+01  3.488007e+01  3.552850e+01
   endloop
 endfacet
 facet normal  6.743426e-01 -1.731417e-01  7.178329e-01
   outer loop
     vertex  9.157479e+01  3.344573e+01  3.843486e+01
     vertex  9.086139e+01  3.066720e+01  3.843486e+01
     vertex  9.412055e+01  3.131124e+01  3.552850e+01
   endloop
 endfacet
 facet normal  4.249120e-01 -3.087167e-01  8.509664e-01
   outer loop
     vertex  8.719974e+01  3.104342e+01  4.062162e+01
     vertex  8.602635e+01  2.942839e+01  4.062162e+01
     vertex  8.947940e+01  2.815337e+01  3.843486e+01
   endloop
 endfacet
 facet normal  4.750207e-01 -2.611449e-01  8.403325e-01
   outer loop
     vertex  8.719974e+01  3.104342e+01  4.062162e+01
     vertex  8.947940e+01  2.815337e+01  3.843486e+01
     vertex  9.086139e+01  3.066720e+01  3.843486e+01
   endloop
 endfacet
 facet normal  6.046432e-02 -9.527653e-02  9.936128e-01
   outer loop
     vertex  8.282437e+01  3.173301e+01  4.197913e+01
     vertex  8.022090e+01  3.488007e+01  4.243933e+01
     vertex  8.195994e+01  3.118442e+01  4.197913e+01
   endloop
 endfacet
 facet normal  2.136054e-01 -2.582046e-01  9.421800e-01
   outer loop
     vertex  8.282437e+01  3.173301e+01  4.197913e+01
     vertex  8.448818e+01  2.815590e+01  4.062162e+01
     vertex  8.602635e+01  2.942839e+01  4.062162e+01
   endloop
 endfacet
 facet normal  1.756725e-01 -2.768155e-01  9.447287e-01
   outer loop
     vertex  8.282437e+01  3.173301e+01  4.197913e+01
     vertex  8.195994e+01  3.118442e+01  4.197913e+01
     vertex  8.448818e+01  2.815590e+01  4.062162e+01
   endloop
 endfacet
 facet normal  4.883374e-01 -1.933464e-01  8.509664e-01
   outer loop
     vertex  8.793462e+01  3.289952e+01  4.062162e+01
     vertex  8.719974e+01  3.104342e+01  4.062162e+01
     vertex  9.086139e+01  3.066720e+01  3.843486e+01
   endloop
 endfacet
 facet normal  5.210787e-01 -6.582754e-02  8.509664e-01
   outer loop
     vertex  8.793462e+01  3.289952e+01  4.062162e+01
     vertex  9.157479e+01  3.344573e+01  3.843486e+01
     vertex  8.818482e+01  3.488007e+01  4.062162e+01
   endloop
 endfacet
 facet normal  5.250412e-01 -1.348077e-01  8.403325e-01
   outer loop
     vertex  8.793462e+01  3.289952e+01  4.062162e+01
     vertex  9.086139e+01  3.066720e+01  3.843486e+01
     vertex  9.157479e+01  3.344573e+01  3.843486e+01
   endloop
 endfacet
 facet normal  8.225904e-02 -7.724638e-02  9.936128e-01
   outer loop
     vertex  8.352522e+01  3.247934e+01  4.197913e+01
     vertex  8.022090e+01  3.488007e+01  4.243933e+01
     vertex  8.282437e+01  3.173301e+01  4.197913e+01
   endloop
 endfacet
 facet normal  2.711075e-01 -1.969711e-01  9.421800e-01
   outer loop
     vertex  8.352522e+01  3.247934e+01  4.197913e+01
     vertex  8.602635e+01  2.942839e+01  4.062162e+01
     vertex  8.719974e+01  3.104342e+01  4.062162e+01
   endloop
 endfacet
 facet normal  2.389946e-01 -2.244309e-01  9.447287e-01
   outer loop
     vertex  8.352522e+01  3.247934e+01  4.197913e+01
     vertex  8.282437e+01  3.173301e+01  4.197913e+01
     vertex  8.602635e+01  2.942839e+01  4.062162e+01
   endloop
 endfacet
 facet normal  9.888511e-02 -5.436255e-02  9.936128e-01
   outer loop
     vertex  8.401844e+01  3.337651e+01  4.197913e+01
     vertex  8.022090e+01  3.488007e+01  4.243933e+01
     vertex  8.352522e+01  3.247934e+01  4.197913e+01
   endloop
 endfacet
 facet normal  3.115748e-01 -1.233612e-01  9.421800e-01
   outer loop
     vertex  8.401844e+01  3.337651e+01  4.197913e+01
     vertex  8.719974e+01  3.104342e+01  4.062162e+01
     vertex  8.793462e+01  3.289952e+01  4.062162e+01
   endloop
 endfacet
 facet normal  2.872998e-01 -1.579444e-01  9.447287e-01
   outer loop
     vertex  8.401844e+01  3.337651e+01  4.197913e+01
     vertex  8.352522e+01  3.247934e+01  4.197913e+01
     vertex  8.719974e+01  3.104342e+01  4.062162e+01
   endloop
 endfacet
 facet normal  3.302077e-01 -2.077491e-02  9.436797e-01
   outer loop
     vertex  8.427306e+01  3.436816e+01  4.197913e+01
     vertex  8.818482e+01  3.488007e+01  4.062162e+01
     vertex  8.430526e+01  3.488007e+01  4.197913e+01
   endloop
 endfacet
 facet normal  1.119617e-01 -7.044031e-03  9.936876e-01
   outer loop
     vertex  8.427306e+01  3.436816e+01  4.197913e+01
     vertex  8.430526e+01  3.488007e+01  4.197913e+01
     vertex  8.022090e+01  3.488007e+01  4.243933e+01
   endloop
 endfacet
 facet normal  3.324648e-01 -4.200008e-02  9.421800e-01
   outer loop
     vertex  8.427306e+01  3.436816e+01  4.197913e+01
     vertex  8.793462e+01  3.289952e+01  4.062162e+01
     vertex  8.818482e+01  3.488007e+01  4.062162e+01
   endloop
 endfacet
 facet normal  1.092979e-01 -2.806292e-02  9.936128e-01
   outer loop
     vertex  8.427306e+01  3.436816e+01  4.197913e+01
     vertex  8.022090e+01  3.488007e+01  4.243933e+01
     vertex  8.401844e+01  3.337651e+01  4.197913e+01
   endloop
 endfacet
 facet normal  3.175530e-01 -8.153374e-02  9.447287e-01
   outer loop
     vertex  8.427306e+01  3.436816e+01  4.197913e+01
     vertex  8.401844e+01  3.337651e+01  4.197913e+01
     vertex  8.793462e+01  3.289952e+01  4.062162e+01
   endloop
 endfacet
endsolid
