solid 
 facet normal -1.000000e+00  0.000000e+00  0.000000e+00
   outer loop
     vertex  0.000000e+00  0.000000e+00  2.000000e+01
     vertex  0.000000e+00  8.697900e+01  0.000000e+00
     vertex  0.000000e+00  0.000000e+00  0.000000e+00
   endloop
 endfacet
 facet normal -1.000000e+00  0.000000e+00  0.000000e+00
   outer loop
     vertex  0.000000e+00  0.000000e+00  2.000000e+01
     vertex  0.000000e+00  8.697900e+01  2.000000e+01
     vertex  0.000000e+00  8.697900e+01  0.000000e+00
   endloop
 endfacet
 facet normal  0.000000e+00 -1.000000e+00 -0.000000e+00
   outer loop
     vertex  1.110901e+02  0.000000e+00  2.000000e+01
     vertex  0.000000e+00  0.000000e+00  0.000000e+00
     vertex  1.110901e+02  0.000000e+00  0.000000e+00
   endloop
 endfacet
 facet normal -0.000000e+00 -1.000000e+00  0.000000e+00
   outer loop
     vertex  1.110901e+02  0.000000e+00  2.000000e+01
     vertex  0.000000e+00  0.000000e+00  2.000000e+01
     vertex  0.000000e+00  0.000000e+00  0.000000e+00
   endloop
 endfacet
 facet normal  0.000000e+00  0.000000e+00  1.000000e+00
   outer loop
     vertex  4.105777e+01  4.076981e+01  2.000000e+01
     vertex  3.789102e+01  4.357530e+01  2.000000e+01
     vertex  0.000000e+00  0.000000e+00  2.000000e+01
   endloop
 endfacet
 facet normal  0.000000e+00  0.000000e+00  1.000000e+00
   outer loop
     vertex  3.548769e+01  4.705713e+01  2.000000e+01
     vertex  0.000000e+00  0.000000e+00  2.000000e+01
     vertex  3.789102e+01  4.357530e+01  2.000000e+01
   endloop
 endfacet
 facet normal  0.000000e+00  0.000000e+00  1.000000e+00
   outer loop
     vertex  4.480389e+01  3.880369e+01  2.000000e+01
     vertex  4.105777e+01  4.076981e+01  2.000000e+01
     vertex  0.000000e+00  0.000000e+00  2.000000e+01
   endloop
 endfacet
 facet normal  0.000000e+00  0.000000e+00  1.000000e+00
   outer loop
     vertex  3.398745e+01  5.101293e+01  2.000000e+01
     vertex  0.000000e+00  0.000000e+00  2.000000e+01
     vertex  3.548769e+01  4.705713e+01  2.000000e+01
   endloop
 endfacet
 facet normal  0.000000e+00  0.000000e+00  1.000000e+00
   outer loop
     vertex  4.891168e+01  3.779121e+01  2.000000e+01
     vertex  4.480389e+01  3.880369e+01  2.000000e+01
     vertex  0.000000e+00  0.000000e+00  2.000000e+01
   endloop
 endfacet
 facet normal  0.000000e+00  0.000000e+00  1.000000e+00
   outer loop
     vertex  0.000000e+00  8.697900e+01  2.000000e+01
     vertex  0.000000e+00  0.000000e+00  2.000000e+01
     vertex  3.398745e+01  5.101293e+01  2.000000e+01
   endloop
 endfacet
 facet normal  0.000000e+00  0.000000e+00  1.000000e+00
   outer loop
     vertex  3.347750e+01  5.521281e+01  2.000000e+01
     vertex  0.000000e+00  8.697900e+01  2.000000e+01
     vertex  3.398745e+01  5.101293e+01  2.000000e+01
   endloop
 endfacet
 facet normal  0.000000e+00  0.000000e+00  1.000000e+00
   outer loop
     vertex  5.314241e+01  3.779121e+01  2.000000e+01
     vertex  4.891168e+01  3.779121e+01  2.000000e+01
     vertex  0.000000e+00  0.000000e+00  2.000000e+01
   endloop
 endfacet
 facet normal  0.000000e+00  0.000000e+00  1.000000e+00
   outer loop
     vertex  3.398745e+01  5.941269e+01  2.000000e+01
     vertex  0.000000e+00  8.697900e+01  2.000000e+01
     vertex  3.347750e+01  5.521281e+01  2.000000e+01
   endloop
 endfacet
 facet normal  0.000000e+00  0.000000e+00  1.000000e+00
   outer loop
     vertex  3.548769e+01  6.336849e+01  2.000000e+01
     vertex  0.000000e+00  8.697900e+01  2.000000e+01
     vertex  3.398745e+01  5.941269e+01  2.000000e+01
   endloop
 endfacet
 facet normal  0.000000e+00  0.000000e+00  1.000000e+00
   outer loop
     vertex  3.789102e+01  6.685031e+01  2.000000e+01
     vertex  0.000000e+00  8.697900e+01  2.000000e+01
     vertex  3.548769e+01  6.336849e+01  2.000000e+01
   endloop
 endfacet
 facet normal  0.000000e+00  0.000000e+00  1.000000e+00
   outer loop
     vertex  4.105777e+01  6.965581e+01  2.000000e+01
     vertex  0.000000e+00  8.697900e+01  2.000000e+01
     vertex  3.789102e+01  6.685031e+01  2.000000e+01
   endloop
 endfacet
 facet normal  0.000000e+00  0.000000e+00  1.000000e+00
   outer loop
     vertex  1.110901e+02  0.000000e+00  2.000000e+01
     vertex  5.725020e+01  3.880369e+01  2.000000e+01
     vertex  5.314241e+01  3.779121e+01  2.000000e+01
   endloop
 endfacet
 facet normal  0.000000e+00  0.000000e+00  1.000000e+00
   outer loop
     vertex  1.110901e+02  0.000000e+00  2.000000e+01
     vertex  6.099633e+01  4.076981e+01  2.000000e+01
     vertex  5.725020e+01  3.880369e+01  2.000000e+01
   endloop
 endfacet
 facet normal  0.000000e+00  0.000000e+00  1.000000e+00
   outer loop
     vertex  1.110901e+02  0.000000e+00  2.000000e+01
     vertex  6.416308e+01  4.357530e+01  2.000000e+01
     vertex  6.099633e+01  4.076981e+01  2.000000e+01
   endloop
 endfacet
 facet normal  0.000000e+00  0.000000e+00  1.000000e+00
   outer loop
     vertex  1.110901e+02  0.000000e+00  2.000000e+01
     vertex  5.314241e+01  3.779121e+01  2.000000e+01
     vertex  0.000000e+00  0.000000e+00  2.000000e+01
   endloop
 endfacet
 facet normal  0.000000e+00  0.000000e+00  1.000000e+00
   outer loop
     vertex  6.656640e+01  4.705713e+01  2.000000e+01
     vertex  6.416308e+01  4.357530e+01  2.000000e+01
     vertex  1.110901e+02  0.000000e+00  2.000000e+01
   endloop
 endfacet
 facet normal  0.000000e+00  0.000000e+00  1.000000e+00
   outer loop
     vertex  4.480389e+01  7.162192e+01  2.000000e+01
     vertex  0.000000e+00  8.697900e+01  2.000000e+01
     vertex  4.105777e+01  6.965581e+01  2.000000e+01
   endloop
 endfacet
 facet normal  0.000000e+00  0.000000e+00  1.000000e+00
   outer loop
     vertex  6.806664e+01  5.101293e+01  2.000000e+01
     vertex  6.656640e+01  4.705713e+01  2.000000e+01
     vertex  1.110901e+02  0.000000e+00  2.000000e+01
   endloop
 endfacet
 facet normal  0.000000e+00  0.000000e+00  1.000000e+00
   outer loop
     vertex  4.891168e+01  7.263440e+01  2.000000e+01
     vertex  0.000000e+00  8.697900e+01  2.000000e+01
     vertex  4.480389e+01  7.162192e+01  2.000000e+01
   endloop
 endfacet
 facet normal  0.000000e+00  0.000000e+00  1.000000e+00
   outer loop
     vertex  1.110901e+02  8.697900e+01  2.000000e+01
     vertex  6.806664e+01  5.941269e+01  2.000000e+01
     vertex  6.857660e+01  5.521281e+01  2.000000e+01
   endloop
 endfacet
 facet normal  0.000000e+00  0.000000e+00  1.000000e+00
   outer loop
     vertex  1.110901e+02  8.697900e+01  2.000000e+01
     vertex  6.656640e+01  6.336849e+01  2.000000e+01
     vertex  6.806664e+01  5.941269e+01  2.000000e+01
   endloop
 endfacet
 facet normal  0.000000e+00  0.000000e+00  1.000000e+00
   outer loop
     vertex  1.110901e+02  8.697900e+01  2.000000e+01
     vertex  6.416308e+01  6.685031e+01  2.000000e+01
     vertex  6.656640e+01  6.336849e+01  2.000000e+01
   endloop
 endfacet
 facet normal  0.000000e+00  0.000000e+00  1.000000e+00
   outer loop
     vertex  1.110901e+02  8.697900e+01  2.000000e+01
     vertex  6.099633e+01  6.965581e+01  2.000000e+01
     vertex  6.416308e+01  6.685031e+01  2.000000e+01
   endloop
 endfacet
 facet normal  0.000000e+00  0.000000e+00  1.000000e+00
   outer loop
     vertex  1.110901e+02  8.697900e+01  2.000000e+01
     vertex  5.725020e+01  7.162192e+01  2.000000e+01
     vertex  6.099633e+01  6.965581e+01  2.000000e+01
   endloop
 endfacet
 facet normal  0.000000e+00  0.000000e+00  1.000000e+00
   outer loop
     vertex  1.110901e+02  8.697900e+01  2.000000e+01
     vertex  5.314241e+01  7.263440e+01  2.000000e+01
     vertex  5.725020e+01  7.162192e+01  2.000000e+01
   endloop
 endfacet
 facet normal  0.000000e+00  0.000000e+00  1.000000e+00
   outer loop
     vertex  1.110901e+02  8.697900e+01  2.000000e+01
     vertex  6.857660e+01  5.521281e+01  2.000000e+01
     vertex  6.806664e+01  5.101293e+01  2.000000e+01
   endloop
 endfacet
 facet normal  0.000000e+00  0.000000e+00  1.000000e+00
   outer loop
     vertex  1.110901e+02  8.697900e+01  2.000000e+01
     vertex  6.806664e+01  5.101293e+01  2.000000e+01
     vertex  1.110901e+02  0.000000e+00  2.000000e+01
   endloop
 endfacet
 facet normal  0.000000e+00  0.000000e+00  1.000000e+00
   outer loop
     vertex  1.110901e+02  8.697900e+01  2.000000e+01
     vertex  0.000000e+00  8.697900e+01  2.000000e+01
     vertex  4.891168e+01  7.263440e+01  2.000000e+01
   endloop
 endfacet
 facet normal  0.000000e+00  0.000000e+00  1.000000e+00
   outer loop
     vertex  1.110901e+02  8.697900e+01  2.000000e+01
     vertex  4.891168e+01  7.263440e+01  2.000000e+01
     vertex  5.314241e+01  7.263440e+01  2.000000e+01
   endloop
 endfacet
 facet normal  0.000000e+00  1.000000e+00  0.000000e+00
   outer loop
     vertex  1.110901e+02  8.697900e+01  2.000000e+01
     vertex  1.110901e+02  8.697900e+01  0.000000e+00
     vertex  0.000000e+00  8.697900e+01  0.000000e+00
   endloop
 endfacet
 facet normal  0.000000e+00  1.000000e+00  0.000000e+00
   outer loop
     vertex  1.110901e+02  8.697900e+01  2.000000e+01
     vertex  0.000000e+00  8.697900e+01  0.000000e+00
     vertex  0.000000e+00  8.697900e+01  2.000000e+01
   endloop
 endfacet
 facet normal -0.000000e+00  0.000000e+00 -1.000000e+00
   outer loop
     vertex  1.110901e+02  8.697900e+01  0.000000e+00
     vertex  0.000000e+00  0.000000e+00  0.000000e+00
     vertex  0.000000e+00  8.697900e+01  0.000000e+00
   endloop
 endfacet
 facet normal  0.000000e+00 -0.000000e+00 -1.000000e+00
   outer loop
     vertex  1.110901e+02  8.697900e+01  0.000000e+00
     vertex  1.110901e+02  0.000000e+00  0.000000e+00
     vertex  0.000000e+00  0.000000e+00  0.000000e+00
   endloop
 endfacet
 facet normal  1.000000e+00  0.000000e+00  0.000000e+00
   outer loop
     vertex  1.110901e+02  0.000000e+00  2.000000e+01
     vertex  1.110901e+02  0.000000e+00  0.000000e+00
     vertex  1.110901e+02  8.697900e+01  0.000000e+00
   endloop
 endfacet
 facet normal  1.000000e+00 -0.000000e+00  0.000000e+00
   outer loop
     vertex  1.110901e+02  0.000000e+00  2.000000e+01
     vertex  1.110901e+02  8.697900e+01  0.000000e+00
     vertex  1.110901e+02  8.697900e+01  2.000000e+01
   endloop
 endfacet
 facet normal  9.861996e-01  6.204642e-02 -1.534944e-01
   outer loop
     vertex  6.907580e+01  5.749290e+01  2.412900e+01
     vertex  6.921925e+01  5.521281e+01  2.412900e+01
     vertex  6.857660e+01  5.521281e+01  2.000000e+01
   endloop
 endfacet
 facet normal  9.951855e-01  6.261176e-02  7.540282e-02
   outer loop
     vertex  6.907580e+01  5.749290e+01  2.412900e+01
     vertex  6.890354e+01  5.521281e+01  2.829577e+01
     vertex  6.921925e+01  5.521281e+01  2.412900e+01
   endloop
 endfacet
 facet normal  9.758681e-01  1.184918e-01 -1.834153e-01
   outer loop
     vertex  6.907580e+01  5.749290e+01  2.412900e+01
     vertex  6.857660e+01  5.521281e+01  2.000000e+01
     vertex  6.806664e+01  5.941269e+01  2.000000e+01
   endloop
 endfacet
 facet normal  9.192223e-01  3.486151e-01 -1.830241e-01
   outer loop
     vertex  6.794173e+01  6.190980e+01  2.412900e+01
     vertex  6.806664e+01  5.941269e+01  2.000000e+01
     vertex  6.656640e+01  6.336849e+01  2.000000e+01
   endloop
 endfacet
 facet normal  9.615583e-01  2.468862e-01 -1.202203e-01
   outer loop
     vertex  6.794173e+01  6.190980e+01  2.412900e+01
     vertex  6.907580e+01  5.749290e+01  2.412900e+01
     vertex  6.806664e+01  5.941269e+01  2.000000e+01
   endloop
 endfacet
 facet normal  8.092020e-01  5.585518e-01 -1.822416e-01
   outer loop
     vertex  6.574485e+01  6.590592e+01  2.412900e+01
     vertex  6.656640e+01  6.336849e+01  2.000000e+01
     vertex  6.416308e+01  6.685031e+01  2.000000e+01
   endloop
 endfacet
 facet normal  8.698890e-01  4.782255e-01 -1.208031e-01
   outer loop
     vertex  6.574485e+01  6.590592e+01  2.412900e+01
     vertex  6.794173e+01  6.190980e+01  2.412900e+01
     vertex  6.656640e+01  6.336849e+01  2.000000e+01
   endloop
 endfacet
 facet normal  9.862094e-01  1.245872e-01  1.089452e-01
   outer loop
     vertex  6.834192e+01  5.965851e+01  2.829577e+01
     vertex  6.890354e+01  5.521281e+01  2.829577e+01
     vertex  6.907580e+01  5.749290e+01  2.412900e+01
   endloop
 endfacet
 facet normal  9.677566e-01  2.484777e-01  4.130495e-02
   outer loop
     vertex  6.834192e+01  5.965851e+01  2.829577e+01
     vertex  6.907580e+01  5.749290e+01  2.412900e+01
     vertex  6.794173e+01  6.190980e+01  2.412900e+01
   endloop
 endfacet
 facet normal  6.521617e-01  7.361384e-01 -1.810674e-01
   outer loop
     vertex  6.262319e+01  6.923014e+01  2.412900e+01
     vertex  6.416308e+01  6.685031e+01  2.000000e+01
     vertex  6.099633e+01  6.965581e+01  2.000000e+01
   endloop
 endfacet
 facet normal  7.235435e-01  6.794526e-01 -1.217741e-01
   outer loop
     vertex  6.262319e+01  6.923014e+01  2.412900e+01
     vertex  6.574485e+01  6.590592e+01  2.412900e+01
     vertex  6.416308e+01  6.685031e+01  2.000000e+01
   endloop
 endfacet
 facet normal  8.755588e-01  4.813425e-01  4.130495e-02
   outer loop
     vertex  6.669234e+01  6.382487e+01  2.829577e+01
     vertex  6.794173e+01  6.190980e+01  2.412900e+01
     vertex  6.574485e+01  6.590592e+01  2.412900e+01
   endloop
 endfacet
 facet normal  9.242422e-01  3.659334e-01  1.089452e-01
   outer loop
     vertex  6.669234e+01  6.382487e+01  2.829577e+01
     vertex  6.834192e+01  5.965851e+01  2.829577e+01
     vertex  6.794173e+01  6.190980e+01  2.412900e+01
   endloop
 endfacet
 facet normal  9.519398e-01  5.989097e-02  3.003727e-01
   outer loop
     vertex  6.751507e+01  5.729573e+01  3.228080e+01
     vertex  6.764611e+01  5.521281e+01  3.228080e+01
     vertex  6.890354e+01  5.521281e+01  2.829577e+01
   endloop
 endfacet
 facet normal  8.586678e-01  5.402280e-02  5.096774e-01
   outer loop
     vertex  6.751507e+01  5.729573e+01  3.228080e+01
     vertex  6.551320e+01  5.521281e+01  3.587418e+01
     vertex  6.764611e+01  5.521281e+01  3.228080e+01
   endloop
 endfacet
 facet normal  9.553299e-01  1.206862e-01  2.697771e-01
   outer loop
     vertex  6.751507e+01  5.729573e+01  3.228080e+01
     vertex  6.890354e+01  5.521281e+01  2.829577e+01
     vertex  6.834192e+01  5.965851e+01  2.829577e+01
   endloop
 endfacet
 facet normal  5.317493e-01  8.379028e-01 -1.231327e-01
   outer loop
     vertex  5.877291e+01  7.167360e+01  2.412900e+01
     vertex  6.262319e+01  6.923014e+01  2.412900e+01
     vertex  6.099633e+01  6.965581e+01  2.000000e+01
   endloop
 endfacet
 facet normal  4.571751e-01  8.710743e-01 -1.795006e-01
   outer loop
     vertex  5.877291e+01  7.167360e+01  2.412900e+01
     vertex  6.099633e+01  6.965581e+01  2.000000e+01
     vertex  5.725020e+01  7.162192e+01  2.000000e+01
   endloop
 endfacet
 facet normal  7.283465e-01  6.839629e-01  4.130495e-02
   outer loop
     vertex  6.405845e+01  6.745011e+01  2.829577e+01
     vertex  6.574485e+01  6.590592e+01  2.412900e+01
     vertex  6.262319e+01  6.923014e+01  2.412900e+01
   endloop
 endfacet
 facet normal  8.042015e-01  5.842866e-01  1.089452e-01
   outer loop
     vertex  6.405845e+01  6.745011e+01  2.829577e+01
     vertex  6.669234e+01  6.382487e+01  2.829577e+01
     vertex  6.574485e+01  6.590592e+01  2.412900e+01
   endloop
 endfacet
 facet normal  8.953030e-01  3.544755e-01  2.697771e-01
   outer loop
     vertex  6.647906e+01  6.133069e+01  3.228080e+01
     vertex  6.834192e+01  5.965851e+01  2.829577e+01
     vertex  6.669234e+01  6.382487e+01  2.829577e+01
   endloop
 endfacet
 facet normal  9.146544e-01  2.348433e-01  3.290227e-01
   outer loop
     vertex  6.647906e+01  6.133069e+01  3.228080e+01
     vertex  6.751507e+01  5.729573e+01  3.228080e+01
     vertex  6.834192e+01  5.965851e+01  2.829577e+01
   endloop
 endfacet
 facet normal  2.355138e-01  9.555169e-01 -1.775405e-01
   outer loop
     vertex  5.443593e+01  7.308277e+01  2.412900e+01
     vertex  5.725020e+01  7.162192e+01  2.000000e+01
     vertex  5.314241e+01  7.263440e+01  2.000000e+01
   endloop
 endfacet
 facet normal  3.065980e-01  9.436117e-01 -1.248782e-01
   outer loop
     vertex  5.443593e+01  7.308277e+01  2.412900e+01
     vertex  5.877291e+01  7.167360e+01  2.412900e+01
     vertex  5.725020e+01  7.162192e+01  2.000000e+01
   endloop
 endfacet
 facet normal  6.336299e-01  7.659270e-01  1.089452e-01
   outer loop
     vertex  6.060575e+01  7.030643e+01  2.829577e+01
     vertex  6.405845e+01  6.745011e+01  2.829577e+01
     vertex  6.262319e+01  6.923014e+01  2.412900e+01
   endloop
 endfacet
 facet normal  5.353695e-01  8.436074e-01  4.130495e-02
   outer loop
     vertex  6.060575e+01  7.030643e+01  2.829577e+01
     vertex  6.262319e+01  6.923014e+01  2.412900e+01
     vertex  5.877291e+01  7.167360e+01  2.412900e+01
   endloop
 endfacet
 facet normal  7.790209e-01  5.659918e-01  2.697771e-01
   outer loop
     vertex  6.447215e+01  6.498125e+01  3.228080e+01
     vertex  6.669234e+01  6.382487e+01  2.829577e+01
     vertex  6.405845e+01  6.745011e+01  2.829577e+01
   endloop
 endfacet
 facet normal  8.275157e-01  4.549306e-01  3.290227e-01
   outer loop
     vertex  6.447215e+01  6.498125e+01  3.228080e+01
     vertex  6.647906e+01  6.133069e+01  3.228080e+01
     vertex  6.669234e+01  6.382487e+01  2.829577e+01
   endloop
 endfacet
 facet normal  8.411769e-01  1.062654e-01  5.302160e-01
   outer loop
     vertex  6.505809e+01  5.881537e+01  3.587418e+01
     vertex  6.551320e+01  5.521281e+01  3.587418e+01
     vertex  6.751507e+01  5.729573e+01  3.228080e+01
   endloop
 endfacet
 facet normal  8.461391e-01  2.172516e-01  4.866728e-01
   outer loop
     vertex  6.505809e+01  5.881537e+01  3.587418e+01
     vertex  6.751507e+01  5.729573e+01  3.228080e+01
     vertex  6.647906e+01  6.133069e+01  3.228080e+01
   endloop
 endfacet
 facet normal  0.000000e+00  9.845353e-01 -1.751861e-01
   outer loop
     vertex  4.988475e+01  7.336911e+01  2.412900e+01
     vertex  5.314241e+01  7.263440e+01  2.000000e+01
     vertex  4.891168e+01  7.263440e+01  2.000000e+01
   endloop
 endfacet
 facet normal  6.228201e-02  9.899442e-01 -1.270098e-01
   outer loop
     vertex  4.988475e+01  7.336911e+01  2.412900e+01
     vertex  5.443593e+01  7.308277e+01  2.412900e+01
     vertex  5.314241e+01  7.263440e+01  2.000000e+01
   endloop
 endfacet
 facet normal  3.087533e-01  9.502449e-01  4.130495e-02
   outer loop
     vertex  5.655119e+01  7.221436e+01  2.829577e+01
     vertex  5.877291e+01  7.167360e+01  2.412900e+01
     vertex  5.443593e+01  7.308277e+01  2.412900e+01
   endloop
 endfacet
 facet normal  4.232450e-01  8.994413e-01  1.089452e-01
   outer loop
     vertex  5.655119e+01  7.221436e+01  2.829577e+01
     vertex  6.060575e+01  7.030643e+01  2.829577e+01
     vertex  5.877291e+01  7.167360e+01  2.412900e+01
   endloop
 endfacet
 facet normal  6.883811e-01  6.464329e-01  3.290227e-01
   outer loop
     vertex  6.162044e+01  6.801802e+01  3.228080e+01
     vertex  6.447215e+01  6.498125e+01  3.228080e+01
     vertex  6.405845e+01  6.745011e+01  2.829577e+01
   endloop
 endfacet
 facet normal  6.137901e-01  7.419448e-01  2.697771e-01
   outer loop
     vertex  6.162044e+01  6.801802e+01  3.228080e+01
     vertex  6.405845e+01  6.745011e+01  2.829577e+01
     vertex  6.060575e+01  7.030643e+01  2.829577e+01
   endloop
 endfacet
 facet normal  7.883227e-01  3.121190e-01  5.302160e-01
   outer loop
     vertex  6.372136e+01  6.219157e+01  3.587418e+01
     vertex  6.505809e+01  5.881537e+01  3.587418e+01
     vertex  6.647906e+01  6.133069e+01  3.228080e+01
   endloop
 endfacet
 facet normal  7.655278e-01  4.208525e-01  4.866728e-01
   outer loop
     vertex  6.372136e+01  6.219157e+01  3.587418e+01
     vertex  6.647906e+01  6.133069e+01  3.228080e+01
     vertex  6.447215e+01  6.498125e+01  3.228080e+01
   endloop
 endfacet
 facet normal  7.288749e-01  9.207832e-02  6.784268e-01
   outer loop
     vertex  6.252578e+01  5.666544e+01  3.888659e+01
     vertex  6.551320e+01  5.521281e+01  3.587418e+01
     vertex  6.505809e+01  5.881537e+01  3.587418e+01
   endloop
 endfacet
 facet normal  7.201550e-01  4.530831e-02  6.923323e-01
   outer loop
     vertex  6.252578e+01  5.666544e+01  3.888659e+01
     vertex  6.261717e+01  5.521281e+01  3.888659e+01
     vertex  6.551320e+01  5.521281e+01  3.587418e+01
   endloop
 endfacet
 facet normal  5.435726e-01  3.419869e-02  8.386652e-01
   outer loop
     vertex  6.252578e+01  5.666544e+01  3.888659e+01
     vertex  5.911058e+01  5.521281e+01  4.115935e+01
     vertex  6.261717e+01  5.521281e+01  3.888659e+01
   endloop
 endfacet
 facet normal -2.357309e-01  9.563978e-01 -1.724359e-01
   outer loop
     vertex  4.540535e+01  7.251462e+01  2.412900e+01
     vertex  4.891168e+01  7.263440e+01  2.000000e+01
     vertex  4.480389e+01  7.162192e+01  2.000000e+01
   endloop
 endfacet
 facet normal -1.858028e-01  9.740125e-01 -1.295261e-01
   outer loop
     vertex  4.540535e+01  7.251462e+01  2.412900e+01
     vertex  4.988475e+01  7.336911e+01  2.412900e+01
     vertex  4.891168e+01  7.263440e+01  2.000000e+01
   endloop
 endfacet
 facet normal  6.273693e-02  9.971750e-01  4.130495e-02
   outer loop
     vertex  5.214952e+01  7.305403e+01  2.829577e+01
     vertex  5.443593e+01  7.308277e+01  2.412900e+01
     vertex  4.988475e+01  7.336911e+01  2.412900e+01
   endloop
 endfacet
 facet normal  1.862660e-01  9.764404e-01  1.089452e-01
   outer loop
     vertex  5.214952e+01  7.305403e+01  2.829577e+01
     vertex  5.655119e+01  7.221436e+01  2.829577e+01
     vertex  5.443593e+01  7.308277e+01  2.412900e+01
   endloop
 endfacet
 facet normal  5.059930e-01  7.973174e-01  3.290227e-01
   outer loop
     vertex  5.810310e+01  7.025019e+01  3.228080e+01
     vertex  6.162044e+01  6.801802e+01  3.228080e+01
     vertex  6.060575e+01  7.030643e+01  2.829577e+01
   endloop
 endfacet
 facet normal  4.099926e-01  8.712786e-01  2.697771e-01
   outer loop
     vertex  5.810310e+01  7.025019e+01  3.228080e+01
     vertex  6.060575e+01  7.030643e+01  2.829577e+01
     vertex  5.655119e+01  7.221436e+01  2.829577e+01
   endloop
 endfacet
 facet normal  6.368156e-01  5.980096e-01  4.866728e-01
   outer loop
     vertex  6.158700e+01  6.512926e+01  3.587418e+01
     vertex  6.447215e+01  6.498125e+01  3.228080e+01
     vertex  6.162044e+01  6.801802e+01  3.228080e+01
   endloop
 endfacet
 facet normal  6.859352e-01  4.983611e-01  5.302160e-01
   outer loop
     vertex  6.158700e+01  6.512926e+01  3.587418e+01
     vertex  6.372136e+01  6.219157e+01  3.587418e+01
     vertex  6.447215e+01  6.498125e+01  3.228080e+01
   endloop
 endfacet
 facet normal  6.830771e-01  2.704493e-01  6.784268e-01
   outer loop
     vertex  6.180327e+01  5.947942e+01  3.888659e+01
     vertex  6.505809e+01  5.881537e+01  3.587418e+01
     vertex  6.372136e+01  6.219157e+01  3.587418e+01
   endloop
 endfacet
 facet normal  6.877385e-01  1.765812e-01  7.041554e-01
   outer loop
     vertex  6.180327e+01  5.947942e+01  3.888659e+01
     vertex  6.252578e+01  5.666544e+01  3.888659e+01
     vertex  6.505809e+01  5.881537e+01  3.587418e+01
   endloop
 endfacet
 facet normal -4.580156e-01  8.726758e-01 -1.692887e-01
   outer loop
     vertex  4.127918e+01  7.057299e+01  2.412900e+01
     vertex  4.480389e+01  7.162192e+01  2.000000e+01
     vertex  4.105777e+01  6.965581e+01  2.000000e+01
   endloop
 endfacet
 facet normal -4.220294e-01  8.968582e-01 -1.324259e-01
   outer loop
     vertex  4.127918e+01  7.057299e+01  2.412900e+01
     vertex  4.540535e+01  7.251462e+01  2.412900e+01
     vertex  4.480389e+01  7.162192e+01  2.000000e+01
   endloop
 endfacet
 facet normal -1.872214e-01  9.814490e-01  4.130495e-02
   outer loop
     vertex  4.767733e+01  7.277266e+01  2.829577e+01
     vertex  4.988475e+01  7.336911e+01  2.412900e+01
     vertex  4.540535e+01  7.251462e+01  2.412900e+01
   endloop
 endfacet
 facet normal -6.241678e-02  9.920862e-01  1.089452e-01
   outer loop
     vertex  4.767733e+01  7.277266e+01  2.829577e+01
     vertex  5.214952e+01  7.305403e+01  2.829577e+01
     vertex  4.988475e+01  7.336911e+01  2.412900e+01
   endloop
 endfacet
 facet normal  2.918116e-01  8.981036e-01  3.290227e-01
   outer loop
     vertex  5.414115e+01  7.153750e+01  3.228080e+01
     vertex  5.810310e+01  7.025019e+01  3.228080e+01
     vertex  5.655119e+01  7.221436e+01  2.829577e+01
   endloop
 endfacet
 facet normal  1.804337e-01  9.458668e-01  2.697771e-01
   outer loop
     vertex  5.414115e+01  7.153750e+01  3.228080e+01
     vertex  5.655119e+01  7.221436e+01  2.829577e+01
     vertex  5.214952e+01  7.305403e+01  2.829577e+01
   endloop
 endfacet
 facet normal  4.680899e-01  7.375917e-01  4.866728e-01
   outer loop
     vertex  5.878912e+01  6.744387e+01  3.587418e+01
     vertex  6.162044e+01  6.801802e+01  3.228080e+01
     vertex  5.810310e+01  7.025019e+01  3.228080e+01
   endloop
 endfacet
 facet normal  5.404480e-01  6.532894e-01  5.302160e-01
   outer loop
     vertex  5.878912e+01  6.744387e+01  3.587418e+01
     vertex  6.158700e+01  6.512926e+01  3.587418e+01
     vertex  6.162044e+01  6.801802e+01  3.228080e+01
   endloop
 endfacet
 facet normal  5.943589e-01  4.318270e-01  6.784268e-01
   outer loop
     vertex  6.040365e+01  6.202531e+01  3.888659e+01
     vertex  6.372136e+01  6.219157e+01  3.587418e+01
     vertex  6.158700e+01  6.512926e+01  3.587418e+01
   endloop
 endfacet
 facet normal  6.222180e-01  3.420672e-01  7.041554e-01
   outer loop
     vertex  6.040365e+01  6.202531e+01  3.888659e+01
     vertex  6.180327e+01  5.947942e+01  3.888659e+01
     vertex  6.372136e+01  6.219157e+01  3.587418e+01
   endloop
 endfacet
 facet normal  5.327643e-01  6.730379e-02  8.435831e-01
   outer loop
     vertex  5.885662e+01  5.722310e+01  4.115935e+01
     vertex  5.911058e+01  5.521281e+01  4.115935e+01
     vertex  6.252578e+01  5.666544e+01  3.888659e+01
   endloop
 endfacet
 facet normal  5.366131e-01  1.377788e-01  8.325042e-01
   outer loop
     vertex  5.885662e+01  5.722310e+01  4.115935e+01
     vertex  6.252578e+01  5.666544e+01  3.888659e+01
     vertex  6.180327e+01  5.947942e+01  3.888659e+01
   endloop
 endfacet
 facet normal -6.539510e-01  7.381581e-01 -1.657428e-01
   outer loop
     vertex  3.776551e+01  6.766623e+01  2.412900e+01
     vertex  4.105777e+01  6.965581e+01  2.000000e+01
     vertex  3.789102e+01  6.685031e+01  2.000000e+01
   endloop
 endfacet
 facet normal -6.315272e-01  7.633852e-01 -1.357073e-01
   outer loop
     vertex  3.776551e+01  6.766623e+01  2.412900e+01
     vertex  4.127918e+01  7.057299e+01  2.412900e+01
     vertex  4.105777e+01  6.965581e+01  2.000000e+01
   endloop
 endfacet
 facet normal -3.071777e-01  9.453956e-01  1.089452e-01
   outer loop
     vertex  4.341561e+01  7.138794e+01  2.829577e+01
     vertex  4.767733e+01  7.277266e+01  2.829577e+01
     vertex  4.540535e+01  7.251462e+01  2.412900e+01
   endloop
 endfacet
 facet normal -4.254159e-01  9.040549e-01  4.130495e-02
   outer loop
     vertex  4.341561e+01  7.138794e+01  2.829577e+01
     vertex  4.540535e+01  7.251462e+01  2.412900e+01
     vertex  4.127918e+01  7.057299e+01  2.412900e+01
   endloop
 endfacet
 facet normal -6.046242e-02  9.610227e-01  2.697771e-01
   outer loop
     vertex  4.998353e+01  7.179908e+01  3.228080e+01
     vertex  5.214952e+01  7.305403e+01  2.829577e+01
     vertex  4.767733e+01  7.277266e+01  2.829577e+01
   endloop
 endfacet
 facet normal  5.929447e-02  9.424586e-01  3.290227e-01
   outer loop
     vertex  4.998353e+01  7.179908e+01  3.228080e+01
     vertex  5.414115e+01  7.153750e+01  3.228080e+01
     vertex  5.214952e+01  7.305403e+01  2.829577e+01
   endloop
 endfacet
 facet normal  3.610023e-01  7.671690e-01  5.302160e-01
   outer loop
     vertex  5.550352e+01  6.898996e+01  3.587418e+01
     vertex  5.878912e+01  6.744387e+01  3.587418e+01
     vertex  5.810310e+01  7.025019e+01  3.228080e+01
   endloop
 endfacet
 facet normal  2.699524e-01  8.308281e-01  4.866728e-01
   outer loop
     vertex  5.550352e+01  6.898996e+01  3.587418e+01
     vertex  5.810310e+01  7.025019e+01  3.228080e+01
     vertex  5.414115e+01  7.153750e+01  3.228080e+01
   endloop
 endfacet
 facet normal  4.682950e-01  5.660714e-01  6.784268e-01
   outer loop
     vertex  5.841487e+01  6.414315e+01  3.888659e+01
     vertex  6.158700e+01  6.512926e+01  3.587418e+01
     vertex  5.878912e+01  6.744387e+01  3.587418e+01
   endloop
 endfacet
 facet normal  5.176012e-01  4.860599e-01  7.041554e-01
   outer loop
     vertex  5.841487e+01  6.414315e+01  3.888659e+01
     vertex  6.040365e+01  6.202531e+01  3.888659e+01
     vertex  6.158700e+01  6.512926e+01  3.587418e+01
   endloop
 endfacet
 facet normal  4.854903e-01  2.669005e-01  8.325042e-01
   outer loop
     vertex  5.811070e+01  5.910708e+01  4.115935e+01
     vertex  6.180327e+01  5.947942e+01  3.888659e+01
     vertex  6.040365e+01  6.202531e+01  3.888659e+01
   endloop
 endfacet
 facet normal  4.992888e-01  1.976824e-01  8.435831e-01
   outer loop
     vertex  5.811070e+01  5.910708e+01  4.115935e+01
     vertex  5.885662e+01  5.722310e+01  4.115935e+01
     vertex  6.180327e+01  5.947942e+01  3.888659e+01
   endloop
 endfacet
 facet normal  3.381577e-01  2.127508e-02  9.408489e-01
   outer loop
     vertex  5.514542e+01  5.573308e+01  4.257274e+01
     vertex  5.517815e+01  5.521281e+01  4.257274e+01
     vertex  5.911058e+01  5.521281e+01  4.115935e+01
   endloop
 endfacet
 facet normal  1.147569e-01  7.219894e-03  9.933674e-01
   outer loop
     vertex  5.514542e+01  5.573308e+01  4.257274e+01
     vertex  5.102705e+01  5.521281e+01  4.305229e+01
     vertex  5.517815e+01  5.521281e+01  4.257274e+01
   endloop
 endfacet
 facet normal  3.404497e-01  4.300880e-02  9.392786e-01
   outer loop
     vertex  5.514542e+01  5.573308e+01  4.257274e+01
     vertex  5.911058e+01  5.521281e+01  4.115935e+01
     vertex  5.885662e+01  5.722310e+01  4.115935e+01
   endloop
 endfacet
 facet normal -8.121403e-01  5.605800e-01 -1.617966e-01
   outer loop
     vertex  3.508510e+01  6.397697e+01  2.412900e+01
     vertex  3.789102e+01  6.685031e+01  2.000000e+01
     vertex  3.548769e+01  6.336849e+01  2.000000e+01
   endloop
 endfacet
 facet normal -8.011215e-01  5.820488e-01 -1.393685e-01
   outer loop
     vertex  3.508510e+01  6.397697e+01  2.412900e+01
     vertex  3.776551e+01  6.766623e+01  2.412900e+01
     vertex  3.789102e+01  6.685031e+01  2.000000e+01
   endloop
 endfacet
 facet normal -6.368800e-01  7.698557e-01  4.130495e-02
   outer loop
     vertex  3.963214e+01  6.898688e+01  2.829577e+01
     vertex  4.127918e+01  7.057299e+01  2.412900e+01
     vertex  3.776551e+01  6.766623e+01  2.412900e+01
   endloop
 endfacet
 facet normal -5.326374e-01  8.393023e-01  1.089452e-01
   outer loop
     vertex  3.963214e+01  6.898688e+01  2.829577e+01
     vertex  4.341561e+01  7.138794e+01  2.829577e+01
     vertex  4.127918e+01  7.057299e+01  2.412900e+01
   endloop
 endfacet
 facet normal -1.769483e-01  9.275955e-01  3.290227e-01
   outer loop
     vertex  4.589147e+01  7.101848e+01  3.228080e+01
     vertex  4.998353e+01  7.179908e+01  3.228080e+01
     vertex  4.767733e+01  7.277266e+01  2.829577e+01
   endloop
 endfacet
 facet normal -2.975595e-01  9.157940e-01  2.697771e-01
   outer loop
     vertex  4.589147e+01  7.101848e+01  3.228080e+01
     vertex  4.767733e+01  7.277266e+01  2.829577e+01
     vertex  4.341561e+01  7.138794e+01  2.829577e+01
   endloop
 endfacet
 facet normal  5.485282e-02  8.718605e-01  4.866728e-01
   outer loop
     vertex  5.193664e+01  6.967038e+01  3.587418e+01
     vertex  5.414115e+01  7.153750e+01  3.228080e+01
     vertex  4.998353e+01  7.179908e+01  3.228080e+01
   endloop
 endfacet
 facet normal  1.588736e-01  8.328446e-01  5.302160e-01
   outer loop
     vertex  5.193664e+01  6.967038e+01  3.587418e+01
     vertex  5.550352e+01  6.898996e+01  3.587418e+01
     vertex  5.414115e+01  7.153750e+01  3.228080e+01
   endloop
 endfacet
 facet normal  3.128064e-01  6.647475e-01  6.784268e-01
   outer loop
     vertex  5.596188e+01  6.569987e+01  3.888659e+01
     vertex  5.878912e+01  6.744387e+01  3.587418e+01
     vertex  5.550352e+01  6.898996e+01  3.587418e+01
   endloop
 endfacet
 facet normal  3.804616e-01  5.995116e-01  7.041554e-01
   outer loop
     vertex  5.596188e+01  6.569987e+01  3.888659e+01
     vertex  5.841487e+01  6.414315e+01  3.888659e+01
     vertex  5.878912e+01  6.744387e+01  3.587418e+01
   endloop
 endfacet
 facet normal  4.038622e-01  3.792519e-01  8.325042e-01
   outer loop
     vertex  5.691969e+01  6.074637e+01  4.115935e+01
     vertex  6.040365e+01  6.202531e+01  3.888659e+01
     vertex  5.841487e+01  6.414315e+01  3.888659e+01
   endloop
 endfacet
 facet normal  4.344411e-01  3.156399e-01  8.435831e-01
   outer loop
     vertex  5.691969e+01  6.074637e+01  4.115935e+01
     vertex  5.811070e+01  5.910708e+01  4.115935e+01
     vertex  6.040365e+01  6.202531e+01  3.888659e+01
   endloop
 endfacet
 facet normal  3.190580e-01  1.263240e-01  9.392786e-01
   outer loop
     vertex  5.488665e+01  5.674093e+01  4.257274e+01
     vertex  5.885662e+01  5.722310e+01  4.115935e+01
     vertex  5.811070e+01  5.910708e+01  4.115935e+01
   endloop
 endfacet
 facet normal  1.120262e-01  2.876344e-02  9.932889e-01
   outer loop
     vertex  5.488665e+01  5.674093e+01  4.257274e+01
     vertex  5.102705e+01  5.521281e+01  4.305229e+01
     vertex  5.514542e+01  5.573308e+01  4.257274e+01
   endloop
 endfacet
 facet normal  3.252096e-01  8.349964e-02  9.419483e-01
   outer loop
     vertex  5.488665e+01  5.674093e+01  4.257274e+01
     vertex  5.514542e+01  5.573308e+01  4.257274e+01
     vertex  5.885662e+01  5.722310e+01  4.115935e+01
   endloop
 endfacet
 facet normal -9.201661e-01  3.643195e-01 -1.434072e-01
   outer loop
     vertex  3.340639e+01  5.973702e+01  2.412900e+01
     vertex  3.508510e+01  6.397697e+01  2.412900e+01
     vertex  3.548769e+01  6.336849e+01  2.000000e+01
   endloop
 endfacet
 facet normal -9.233540e-01  3.501820e-01 -1.574482e-01
   outer loop
     vertex  3.340639e+01  5.973702e+01  2.412900e+01
     vertex  3.548769e+01  6.336849e+01  2.000000e+01
     vertex  3.398745e+01  5.941269e+01  2.000000e+01
   endloop
 endfacet
 facet normal -8.083266e-01  5.872836e-01  4.130495e-02
   outer loop
     vertex  3.656466e+01  6.572035e+01  2.829577e+01
     vertex  3.776551e+01  6.766623e+01  2.412900e+01
     vertex  3.508510e+01  6.397697e+01  2.412900e+01
   endloop
 endfacet
 facet normal -7.246296e-01  6.804725e-01  1.089452e-01
   outer loop
     vertex  3.656466e+01  6.572035e+01  2.829577e+01
     vertex  3.963214e+01  6.898688e+01  2.829577e+01
     vertex  3.776551e+01  6.766623e+01  2.412900e+01
   endloop
 endfacet
 facet normal -4.020728e-01  8.544481e-01  3.290227e-01
   outer loop
     vertex  4.212211e+01  6.924475e+01  3.228080e+01
     vertex  4.589147e+01  7.101848e+01  3.228080e+01
     vertex  4.341561e+01  7.138794e+01  2.829577e+01
   endloop
 endfacet
 facet normal -5.159598e-01  8.130226e-01  2.697771e-01
   outer loop
     vertex  4.212211e+01  6.924475e+01  3.228080e+01
     vertex  4.341561e+01  7.138794e+01  2.829577e+01
     vertex  3.963214e+01  6.898688e+01  2.829577e+01
   endloop
 endfacet
 facet normal -5.323773e-02  8.461895e-01  5.302160e-01
   outer loop
     vertex  4.831261e+01  6.944237e+01  3.587418e+01
     vertex  5.193664e+01  6.967038e+01  3.587418e+01
     vertex  4.998353e+01  7.179908e+01  3.228080e+01
   endloop
 endfacet
 facet normal -1.636934e-01  8.581108e-01  4.866728e-01
   outer loop
     vertex  4.831261e+01  6.944237e+01  3.587418e+01
     vertex  4.998353e+01  7.179908e+01  3.228080e+01
     vertex  4.589147e+01  7.101848e+01  3.228080e+01
   endloop
 endfacet
 facet normal  1.376631e-01  7.216550e-01  6.784268e-01
   outer loop
     vertex  5.319882e+01  6.659764e+01  3.888659e+01
     vertex  5.550352e+01  6.898996e+01  3.587418e+01
     vertex  5.193664e+01  6.967038e+01  3.587418e+01
   endloop
 endfacet
 facet normal  2.194163e-01  6.752938e-01  7.041554e-01
   outer loop
     vertex  5.319882e+01  6.659764e+01  3.888659e+01
     vertex  5.596188e+01  6.569987e+01  3.888659e+01
     vertex  5.550352e+01  6.898996e+01  3.587418e+01
   endloop
 endfacet
 facet normal  2.968580e-01  4.677734e-01  8.325042e-01
   outer loop
     vertex  5.535842e+01  6.203796e+01  4.115935e+01
     vertex  5.841487e+01  6.414315e+01  3.888659e+01
     vertex  5.596188e+01  6.569987e+01  3.888659e+01
   endloop
 endfacet
 facet normal  3.422959e-01  4.137646e-01  8.435831e-01
   outer loop
     vertex  5.535842e+01  6.203796e+01  4.115935e+01
     vertex  5.691969e+01  6.074637e+01  4.115935e+01
     vertex  5.841487e+01  6.414315e+01  3.888659e+01
   endloop
 endfacet
 facet normal  2.776187e-01  2.017018e-01  9.392786e-01
   outer loop
     vertex  5.438536e+01  5.765277e+01  4.257274e+01
     vertex  5.811070e+01  5.910708e+01  4.115935e+01
     vertex  5.691969e+01  6.074637e+01  4.115935e+01
   endloop
 endfacet
 facet normal  1.013535e-01  5.571957e-02  9.932889e-01
   outer loop
     vertex  5.438536e+01  5.765277e+01  4.257274e+01
     vertex  5.102705e+01  5.521281e+01  4.305229e+01
     vertex  5.488665e+01  5.674093e+01  4.257274e+01
   endloop
 endfacet
 facet normal  2.942270e-01  1.617527e-01  9.419483e-01
   outer loop
     vertex  5.438536e+01  5.765277e+01  4.257274e+01
     vertex  5.488665e+01  5.674093e+01  4.257274e+01
     vertex  5.811070e+01  5.910708e+01  4.115935e+01
   endloop
 endfacet
 facet normal -9.810676e-01  1.191232e-01 -1.526957e-01
   outer loop
     vertex  3.283485e+01  5.521281e+01  2.412900e+01
     vertex  3.398745e+01  5.941269e+01  2.000000e+01
     vertex  3.347750e+01  5.521281e+01  2.000000e+01
   endloop
 endfacet
 facet normal -9.810676e-01 -1.191232e-01 -1.526957e-01
   outer loop
     vertex  3.283485e+01  5.521281e+01  2.412900e+01
     vertex  3.347750e+01  5.521281e+01  2.000000e+01
     vertex  3.398745e+01  5.101293e+01  2.000000e+01
   endloop
 endfacet
 facet normal -9.812155e-01  1.239563e-01 -1.478208e-01
   outer loop
     vertex  3.283485e+01  5.521281e+01  2.412900e+01
     vertex  3.340639e+01  5.973702e+01  2.412900e+01
     vertex  3.398745e+01  5.941269e+01  2.000000e+01
   endloop
 endfacet
 facet normal -9.289830e-01  3.678104e-01  4.130495e-02
   outer loop
     vertex  3.440591e+01  6.179358e+01  2.829577e+01
     vertex  3.508510e+01  6.397697e+01  2.412900e+01
     vertex  3.340639e+01  5.973702e+01  2.412900e+01
   endloop
 endfacet
 facet normal -8.710907e-01  4.788862e-01  1.089452e-01
   outer loop
     vertex  3.440591e+01  6.179358e+01  2.829577e+01
     vertex  3.656466e+01  6.572035e+01  2.829577e+01
     vertex  3.508510e+01  6.397697e+01  2.412900e+01
   endloop
 endfacet
 facet normal -7.019405e-01  6.591660e-01  2.697771e-01
   outer loop
     vertex  3.891227e+01  6.658934e+01  3.228080e+01
     vertex  3.963214e+01  6.898688e+01  2.829577e+01
     vertex  3.656466e+01  6.572035e+01  2.829577e+01
   endloop
 endfacet
 facet normal -6.019335e-01  7.276126e-01  3.290227e-01
   outer loop
     vertex  3.891227e+01  6.658934e+01  3.228080e+01
     vertex  4.212211e+01  6.924475e+01  3.228080e+01
     vertex  3.963214e+01  6.898688e+01  2.829577e+01
   endloop
 endfacet
 facet normal -2.620039e-01  8.063652e-01  5.302160e-01
   outer loop
     vertex  4.485914e+01  6.832027e+01  3.587418e+01
     vertex  4.831261e+01  6.944237e+01  3.587418e+01
     vertex  4.589147e+01  7.101848e+01  3.228080e+01
   endloop
 endfacet
 facet normal -3.719541e-01  7.904428e-01  4.866728e-01
   outer loop
     vertex  4.485914e+01  6.832027e+01  3.587418e+01
     vertex  4.589147e+01  7.101848e+01  3.228080e+01
     vertex  4.212211e+01  6.924475e+01  3.228080e+01
   endloop
 endfacet
 facet normal -4.613019e-02  7.332183e-01  6.784268e-01
   outer loop
     vertex  5.029930e+01  6.678006e+01  3.888659e+01
     vertex  5.193664e+01  6.967038e+01  3.587418e+01
     vertex  4.831261e+01  6.944237e+01  3.587418e+01
   endloop
 endfacet
 facet normal  4.458415e-02  7.086448e-01  7.041554e-01
   outer loop
     vertex  5.029930e+01  6.678006e+01  3.888659e+01
     vertex  5.319882e+01  6.659764e+01  3.888659e+01
     vertex  5.193664e+01  6.967038e+01  3.587418e+01
   endloop
 endfacet
 facet normal  2.286429e-01  4.858910e-01  8.435831e-01
   outer loop
     vertex  5.352500e+01  6.290070e+01  4.115935e+01
     vertex  5.535842e+01  6.203796e+01  4.115935e+01
     vertex  5.596188e+01  6.569987e+01  3.888659e+01
   endloop
 endfacet
 facet normal  1.712012e-01  5.269031e-01  8.325042e-01
   outer loop
     vertex  5.352500e+01  6.290070e+01  4.115935e+01
     vertex  5.596188e+01  6.569987e+01  3.888659e+01
     vertex  5.319882e+01  6.659764e+01  3.888659e+01
   endloop
 endfacet
 facet normal  2.447571e-01  2.298422e-01  9.419483e-01
   outer loop
     vertex  5.367306e+01  5.841129e+01  4.257274e+01
     vertex  5.438536e+01  5.765277e+01  4.257274e+01
     vertex  5.691969e+01  6.074637e+01  4.115935e+01
   endloop
 endfacet
 facet normal  2.187356e-01  2.644059e-01  9.392786e-01
   outer loop
     vertex  5.367306e+01  5.841129e+01  4.257274e+01
     vertex  5.691969e+01  6.074637e+01  4.115935e+01
     vertex  5.535842e+01  6.203796e+01  4.115935e+01
   endloop
 endfacet
 facet normal  8.431242e-02  7.917464e-02  9.932889e-01
   outer loop
     vertex  5.367306e+01  5.841129e+01  4.257274e+01
     vertex  5.102705e+01  5.521281e+01  4.305229e+01
     vertex  5.438536e+01  5.765277e+01  4.257274e+01
   endloop
 endfacet
 facet normal -9.812155e-01 -1.239563e-01 -1.478208e-01
   outer loop
     vertex  3.340639e+01  5.068859e+01  2.412900e+01
     vertex  3.283485e+01  5.521281e+01  2.412900e+01
     vertex  3.398745e+01  5.101293e+01  2.000000e+01
   endloop
 endfacet
 facet normal -9.233540e-01 -3.501820e-01 -1.574482e-01
   outer loop
     vertex  3.340639e+01  5.068859e+01  2.412900e+01
     vertex  3.398745e+01  5.101293e+01  2.000000e+01
     vertex  3.548769e+01  4.705713e+01  2.000000e+01
   endloop
 endfacet
 facet normal -9.628179e-01  2.472096e-01  1.089452e-01
   outer loop
     vertex  3.329152e+01  5.745333e+01  2.829577e+01
     vertex  3.440591e+01  6.179358e+01  2.829577e+01
     vertex  3.340639e+01  5.973702e+01  2.412900e+01
   endloop
 endfacet
 facet normal -9.912680e-01  1.252263e-01  4.130495e-02
   outer loop
     vertex  3.329152e+01  5.745333e+01  2.829577e+01
     vertex  3.340639e+01  5.973702e+01  2.412900e+01
     vertex  3.283485e+01  5.521281e+01  2.412900e+01
   endloop
 endfacet
 facet normal -8.438157e-01  4.638916e-01  2.697771e-01
   outer loop
     vertex  3.646365e+01  6.321910e+01  3.228080e+01
     vertex  3.656466e+01  6.572035e+01  2.829577e+01
     vertex  3.440591e+01  6.179358e+01  2.829577e+01
   endloop
 endfacet
 facet normal -7.639726e-01  5.550586e-01  3.290227e-01
   outer loop
     vertex  3.646365e+01  6.321910e+01  3.228080e+01
     vertex  3.891227e+01  6.658934e+01  3.228080e+01
     vertex  3.656466e+01  6.572035e+01  2.829577e+01
   endloop
 endfacet
 facet normal -5.568436e-01  6.731083e-01  4.866728e-01
   outer loop
     vertex  4.179323e+01  6.637458e+01  3.587418e+01
     vertex  4.212211e+01  6.924475e+01  3.228080e+01
     vertex  3.891227e+01  6.658934e+01  3.228080e+01
   endloop
 endfacet
 facet normal -4.543075e-01  7.158741e-01  5.302160e-01
   outer loop
     vertex  4.179323e+01  6.637458e+01  3.587418e+01
     vertex  4.485914e+01  6.832027e+01  3.587418e+01
     vertex  4.212211e+01  6.924475e+01  3.228080e+01
   endloop
 endfacet
 facet normal -2.270249e-01  6.987108e-01  6.784268e-01
   outer loop
     vertex  4.744550e+01  6.623567e+01  3.888659e+01
     vertex  4.831261e+01  6.944237e+01  3.587418e+01
     vertex  4.485914e+01  6.832027e+01  3.587418e+01
   endloop
 endfacet
 facet normal -1.330493e-01  6.974690e-01  7.041554e-01
   outer loop
     vertex  4.744550e+01  6.623567e+01  3.888659e+01
     vertex  5.029930e+01  6.678006e+01  3.888659e+01
     vertex  4.831261e+01  6.944237e+01  3.587418e+01
   endloop
 endfacet
 facet normal  3.478712e-02  5.529254e-01  8.325042e-01
   outer loop
     vertex  5.153462e+01  6.328039e+01  4.115935e+01
     vertex  5.319882e+01  6.659764e+01  3.888659e+01
     vertex  5.029930e+01  6.678006e+01  3.888659e+01
   endloop
 endfacet
 facet normal  1.006235e-01  5.274870e-01  8.435831e-01
   outer loop
     vertex  5.153462e+01  6.328039e+01  4.115935e+01
     vertex  5.352500e+01  6.290070e+01  4.115935e+01
     vertex  5.319882e+01  6.659764e+01  3.888659e+01
   endloop
 endfacet
 facet normal  6.197366e-02  9.765487e-02  9.932889e-01
   outer loop
     vertex  5.279450e+01  5.896884e+01  4.257274e+01
     vertex  5.102705e+01  5.521281e+01  4.305229e+01
     vertex  5.367306e+01  5.841129e+01  4.257274e+01
   endloop
 endfacet
 facet normal  1.461085e-01  3.104964e-01  9.392786e-01
   outer loop
     vertex  5.279450e+01  5.896884e+01  4.257274e+01
     vertex  5.535842e+01  6.203796e+01  4.115935e+01
     vertex  5.352500e+01  6.290070e+01  4.115935e+01
   endloop
 endfacet
 facet normal  1.799082e-01  2.834899e-01  9.419483e-01
   outer loop
     vertex  5.279450e+01  5.896884e+01  4.257274e+01
     vertex  5.367306e+01  5.841129e+01  4.257274e+01
     vertex  5.535842e+01  6.203796e+01  4.115935e+01
   endloop
 endfacet
 facet normal -8.121403e-01 -5.605800e-01 -1.617966e-01
   outer loop
     vertex  3.508510e+01  4.644865e+01  2.412900e+01
     vertex  3.548769e+01  4.705713e+01  2.000000e+01
     vertex  3.789102e+01  4.357530e+01  2.000000e+01
   endloop
 endfacet
 facet normal -9.201661e-01 -3.643195e-01 -1.434072e-01
   outer loop
     vertex  3.508510e+01  4.644865e+01  2.412900e+01
     vertex  3.340639e+01  5.068859e+01  2.412900e+01
     vertex  3.548769e+01  4.705713e+01  2.000000e+01
   endloop
 endfacet
 facet normal -9.912680e-01 -1.252263e-01  4.130495e-02
   outer loop
     vertex  3.329152e+01  5.297229e+01  2.829577e+01
     vertex  3.283485e+01  5.521281e+01  2.412900e+01
     vertex  3.340639e+01  5.068859e+01  2.412900e+01
   endloop
 endfacet
 facet normal -9.940478e-01  0.000000e+00  1.089452e-01
   outer loop
     vertex  3.329152e+01  5.297229e+01  2.829577e+01
     vertex  3.329152e+01  5.745333e+01  2.829577e+01
     vertex  3.283485e+01  5.521281e+01  2.412900e+01
   endloop
 endfacet
 facet normal -8.780084e-01  3.476281e-01  3.290227e-01
   outer loop
     vertex  3.493010e+01  5.934580e+01  3.228080e+01
     vertex  3.646365e+01  6.321910e+01  3.228080e+01
     vertex  3.440591e+01  6.179358e+01  2.829577e+01
   endloop
 endfacet
 facet normal -9.326708e-01  2.394692e-01  2.697771e-01
   outer loop
     vertex  3.493010e+01  5.934580e+01  3.228080e+01
     vertex  3.440591e+01  6.179358e+01  2.829577e+01
     vertex  3.329152e+01  5.745333e+01  2.829577e+01
   endloop
 endfacet
 facet normal -6.180652e-01  5.804019e-01  5.302160e-01
   outer loop
     vertex  3.930750e+01  6.372756e+01  3.587418e+01
     vertex  4.179323e+01  6.637458e+01  3.587418e+01
     vertex  3.891227e+01  6.658934e+01  3.228080e+01
   endloop
 endfacet
 facet normal -7.067446e-01  5.134800e-01  4.866728e-01
   outer loop
     vertex  3.930750e+01  6.372756e+01  3.587418e+01
     vertex  3.891227e+01  6.658934e+01  3.228080e+01
     vertex  3.646365e+01  6.321910e+01  3.228080e+01
   endloop
 endfacet
 facet normal -3.936548e-01  6.203007e-01  6.784268e-01
   outer loop
     vertex  4.481675e+01  6.499867e+01  3.888659e+01
     vertex  4.485914e+01  6.832027e+01  3.587418e+01
     vertex  4.179323e+01  6.637458e+01  3.587418e+01
   endloop
 endfacet
 facet normal -3.023228e-01  6.424687e-01  7.041554e-01
   outer loop
     vertex  4.481675e+01  6.499867e+01  3.888659e+01
     vertex  4.744550e+01  6.623567e+01  3.888659e+01
     vertex  4.485914e+01  6.832027e+01  3.587418e+01
   endloop
 endfacet
 facet normal -3.371843e-02  5.359391e-01  8.435831e-01
   outer loop
     vertex  4.951234e+01  6.315316e+01  4.115935e+01
     vertex  5.153462e+01  6.328039e+01  4.115935e+01
     vertex  5.029930e+01  6.678006e+01  3.888659e+01
   endloop
 endfacet
 facet normal -1.038127e-01  5.442055e-01  8.325042e-01
   outer loop
     vertex  4.951234e+01  6.315316e+01  4.115935e+01
     vertex  5.029930e+01  6.678006e+01  3.888659e+01
     vertex  4.744550e+01  6.623567e+01  3.888659e+01
   endloop
 endfacet
 facet normal  6.430094e-02  3.370773e-01  9.392786e-01
   outer loop
     vertex  5.180489e+01  5.929039e+01  4.257274e+01
     vertex  5.352500e+01  6.290070e+01  4.115935e+01
     vertex  5.153462e+01  6.328039e+01  4.115935e+01
   endloop
 endfacet
 facet normal  3.574087e-02  1.099991e-01  9.932889e-01
   outer loop
     vertex  5.180489e+01  5.929039e+01  4.257274e+01
     vertex  5.102705e+01  5.521281e+01  4.305229e+01
     vertex  5.279450e+01  5.896884e+01  4.257274e+01
   endloop
 endfacet
 facet normal  1.037550e-01  3.193249e-01  9.419483e-01
   outer loop
     vertex  5.180489e+01  5.929039e+01  4.257274e+01
     vertex  5.279450e+01  5.896884e+01  4.257274e+01
     vertex  5.352500e+01  6.290070e+01  4.115935e+01
   endloop
 endfacet
 facet normal -6.539510e-01 -7.381581e-01 -1.657428e-01
   outer loop
     vertex  3.776551e+01  4.275939e+01  2.412900e+01
     vertex  3.789102e+01  4.357530e+01  2.000000e+01
     vertex  4.105777e+01  4.076981e+01  2.000000e+01
   endloop
 endfacet
 facet normal -8.011215e-01 -5.820488e-01 -1.393685e-01
   outer loop
     vertex  3.776551e+01  4.275939e+01  2.412900e+01
     vertex  3.508510e+01  4.644865e+01  2.412900e+01
     vertex  3.789102e+01  4.357530e+01  2.000000e+01
   endloop
 endfacet
 facet normal -9.628179e-01 -2.472096e-01  1.089452e-01
   outer loop
     vertex  3.440591e+01  4.863203e+01  2.829577e+01
     vertex  3.329152e+01  5.297229e+01  2.829577e+01
     vertex  3.340639e+01  5.068859e+01  2.412900e+01
   endloop
 endfacet
 facet normal -9.289830e-01 -3.678104e-01  4.130495e-02
   outer loop
     vertex  3.440591e+01  4.863203e+01  2.829577e+01
     vertex  3.340639e+01  5.068859e+01  2.412900e+01
     vertex  3.508510e+01  4.644865e+01  2.412900e+01
   endloop
 endfacet
 facet normal -9.629228e-01  0.000000e+00  2.697771e-01
   outer loop
     vertex  3.440798e+01  5.521281e+01  3.228080e+01
     vertex  3.329152e+01  5.745333e+01  2.829577e+01
     vertex  3.329152e+01  5.297229e+01  2.829577e+01
   endloop
 endfacet
 facet normal -9.368758e-01  1.183549e-01  3.290227e-01
   outer loop
     vertex  3.440798e+01  5.521281e+01  3.228080e+01
     vertex  3.493010e+01  5.934580e+01  3.228080e+01
     vertex  3.329152e+01  5.745333e+01  2.829577e+01
   endloop
 endfacet
 facet normal -7.429877e-01  4.084609e-01  5.302160e-01
   outer loop
     vertex  3.755816e+01  6.054552e+01  3.587418e+01
     vertex  3.930750e+01  6.372756e+01  3.587418e+01
     vertex  3.646365e+01  6.321910e+01  3.228080e+01
   endloop
 endfacet
 facet normal -8.122382e-01  3.215878e-01  4.866728e-01
   outer loop
     vertex  3.755816e+01  6.054552e+01  3.587418e+01
     vertex  3.646365e+01  6.321910e+01  3.228080e+01
     vertex  3.493010e+01  5.934580e+01  3.228080e+01
   endloop
 endfacet
 facet normal -5.355499e-01  5.029149e-01  6.784268e-01
   outer loop
     vertex  4.257821e+01  6.314679e+01  3.888659e+01
     vertex  4.179323e+01  6.637458e+01  3.587418e+01
     vertex  3.930750e+01  6.372756e+01  3.587418e+01
   endloop
 endfacet
 facet normal -4.526003e-01  5.470998e-01  7.041554e-01
   outer loop
     vertex  4.257821e+01  6.314679e+01  3.888659e+01
     vertex  4.481675e+01  6.499867e+01  3.888659e+01
     vertex  4.179323e+01  6.637458e+01  3.587418e+01
   endloop
 endfacet
 facet normal -1.659417e-01  5.107161e-01  8.435831e-01
   outer loop
     vertex  4.758525e+01  6.252701e+01  4.115935e+01
     vertex  4.951234e+01  6.315316e+01  4.115935e+01
     vertex  4.744550e+01  6.623567e+01  3.888659e+01
   endloop
 endfacet
 facet normal -2.358897e-01  5.012911e-01  8.325042e-01
   outer loop
     vertex  4.758525e+01  6.252701e+01  4.115935e+01
     vertex  4.744550e+01  6.623567e+01  3.888659e+01
     vertex  4.481675e+01  6.499867e+01  3.888659e+01
   endloop
 endfacet
 facet normal  7.262344e-03  1.154317e-01  9.932889e-01
   outer loop
     vertex  5.076640e+01  5.935572e+01  4.257274e+01
     vertex  5.102705e+01  5.521281e+01  4.305229e+01
     vertex  5.180489e+01  5.929039e+01  4.257274e+01
   endloop
 endfacet
 facet normal -2.154692e-02  3.424784e-01  9.392786e-01
   outer loop
     vertex  5.076640e+01  5.935572e+01  4.257274e+01
     vertex  5.153462e+01  6.328039e+01  4.115935e+01
     vertex  4.951234e+01  6.315316e+01  4.115935e+01
   endloop
 endfacet
 facet normal  2.108242e-02  3.350955e-01  9.419483e-01
   outer loop
     vertex  5.076640e+01  5.935572e+01  4.257274e+01
     vertex  5.180489e+01  5.929039e+01  4.257274e+01
     vertex  5.153462e+01  6.328039e+01  4.115935e+01
   endloop
 endfacet
 facet normal -6.315272e-01 -7.633852e-01 -1.357073e-01
   outer loop
     vertex  4.127918e+01  3.985263e+01  2.412900e+01
     vertex  3.776551e+01  4.275939e+01  2.412900e+01
     vertex  4.105777e+01  4.076981e+01  2.000000e+01
   endloop
 endfacet
 facet normal -4.580156e-01 -8.726758e-01 -1.692887e-01
   outer loop
     vertex  4.127918e+01  3.985263e+01  2.412900e+01
     vertex  4.105777e+01  4.076981e+01  2.000000e+01
     vertex  4.480389e+01  3.880369e+01  2.000000e+01
   endloop
 endfacet
 facet normal -8.710907e-01 -4.788862e-01  1.089452e-01
   outer loop
     vertex  3.656466e+01  4.470527e+01  2.829577e+01
     vertex  3.440591e+01  4.863203e+01  2.829577e+01
     vertex  3.508510e+01  4.644865e+01  2.412900e+01
   endloop
 endfacet
 facet normal -8.083266e-01 -5.872836e-01  4.130495e-02
   outer loop
     vertex  3.656466e+01  4.470527e+01  2.829577e+01
     vertex  3.508510e+01  4.644865e+01  2.412900e+01
     vertex  3.776551e+01  4.275939e+01  2.412900e+01
   endloop
 endfacet
 facet normal -9.368758e-01 -1.183549e-01  3.290227e-01
   outer loop
     vertex  3.493010e+01  5.107982e+01  3.228080e+01
     vertex  3.440798e+01  5.521281e+01  3.228080e+01
     vertex  3.329152e+01  5.297229e+01  2.829577e+01
   endloop
 endfacet
 facet normal -9.326708e-01 -2.394692e-01  2.697771e-01
   outer loop
     vertex  3.493010e+01  5.107982e+01  3.228080e+01
     vertex  3.329152e+01  5.297229e+01  2.829577e+01
     vertex  3.440591e+01  4.863203e+01  2.829577e+01
   endloop
 endfacet
 facet normal -8.666959e-01  1.094892e-01  4.866728e-01
   outer loop
     vertex  3.665512e+01  5.702841e+01  3.587418e+01
     vertex  3.493010e+01  5.934580e+01  3.228080e+01
     vertex  3.440798e+01  5.521281e+01  3.228080e+01
   endloop
 endfacet
 facet normal -8.212254e-01  2.108549e-01  5.302160e-01
   outer loop
     vertex  3.665512e+01  5.702841e+01  3.587418e+01
     vertex  3.755816e+01  6.054552e+01  3.587418e+01
     vertex  3.493010e+01  5.934580e+01  3.228080e+01
   endloop
 endfacet
 facet normal -6.437945e-01  3.539290e-01  6.784268e-01
   outer loop
     vertex  4.087055e+01  6.079639e+01  3.888659e+01
     vertex  3.930750e+01  6.372756e+01  3.587418e+01
     vertex  3.755816e+01  6.054552e+01  3.587418e+01
   endloop
 endfacet
 facet normal -5.744392e-01  4.173545e-01  7.041554e-01
   outer loop
     vertex  4.087055e+01  6.079639e+01  3.888659e+01
     vertex  4.257821e+01  6.314679e+01  3.888659e+01
     vertex  3.930750e+01  6.372756e+01  3.587418e+01
   endloop
 endfacet
 facet normal -2.877383e-01  4.534030e-01  8.435831e-01
   outer loop
     vertex  4.587441e+01  6.144128e+01  4.115935e+01
     vertex  4.758525e+01  6.252701e+01  4.115935e+01
     vertex  4.481675e+01  6.499867e+01  3.888659e+01
   endloop
 endfacet
 facet normal -3.531448e-01  4.268787e-01  8.325042e-01
   outer loop
     vertex  4.587441e+01  6.144128e+01  4.115935e+01
     vertex  4.481675e+01  6.499867e+01  3.888659e+01
     vertex  4.257821e+01  6.314679e+01  3.888659e+01
   endloop
 endfacet
 facet normal -6.291479e-02  3.298109e-01  9.419483e-01
   outer loop
     vertex  4.974429e+01  5.916074e+01  4.257274e+01
     vertex  5.076640e+01  5.935572e+01  4.257274e+01
     vertex  4.951234e+01  6.315316e+01  4.115935e+01
   endloop
 endfacet
 facet normal -1.060409e-01  3.263603e-01  9.392786e-01
   outer loop
     vertex  4.974429e+01  5.916074e+01  4.257274e+01
     vertex  4.951234e+01  6.315316e+01  4.115935e+01
     vertex  4.758525e+01  6.252701e+01  4.115935e+01
   endloop
 endfacet
 facet normal -2.167250e-02  1.136112e-01  9.932889e-01
   outer loop
     vertex  4.974429e+01  5.916074e+01  4.257274e+01
     vertex  5.102705e+01  5.521281e+01  4.305229e+01
     vertex  5.076640e+01  5.935572e+01  4.257274e+01
   endloop
 endfacet
 facet normal -4.220294e-01 -8.968582e-01 -1.324259e-01
   outer loop
     vertex  4.540535e+01  3.791100e+01  2.412900e+01
     vertex  4.127918e+01  3.985263e+01  2.412900e+01
     vertex  4.480389e+01  3.880369e+01  2.000000e+01
   endloop
 endfacet
 facet normal -2.357309e-01 -9.563978e-01 -1.724359e-01
   outer loop
     vertex  4.540535e+01  3.791100e+01  2.412900e+01
     vertex  4.480389e+01  3.880369e+01  2.000000e+01
     vertex  4.891168e+01  3.779121e+01  2.000000e+01
   endloop
 endfacet
 facet normal -7.246296e-01 -6.804725e-01  1.089452e-01
   outer loop
     vertex  3.963214e+01  4.143873e+01  2.829577e+01
     vertex  3.656466e+01  4.470527e+01  2.829577e+01
     vertex  3.776551e+01  4.275939e+01  2.412900e+01
   endloop
 endfacet
 facet normal -6.368800e-01 -7.698557e-01  4.130495e-02
   outer loop
     vertex  3.963214e+01  4.143873e+01  2.829577e+01
     vertex  3.776551e+01  4.275939e+01  2.412900e+01
     vertex  4.127918e+01  3.985263e+01  2.412900e+01
   endloop
 endfacet
 facet normal -8.438157e-01 -4.638916e-01  2.697771e-01
   outer loop
     vertex  3.646365e+01  4.720651e+01  3.228080e+01
     vertex  3.440591e+01  4.863203e+01  2.829577e+01
     vertex  3.656466e+01  4.470527e+01  2.829577e+01
   endloop
 endfacet
 facet normal -8.780084e-01 -3.476281e-01  3.290227e-01
   outer loop
     vertex  3.646365e+01  4.720651e+01  3.228080e+01
     vertex  3.493010e+01  5.107982e+01  3.228080e+01
     vertex  3.440591e+01  4.863203e+01  2.829577e+01
   endloop
 endfacet
 facet normal -8.478626e-01  1.659076e-15  5.302160e-01
   outer loop
     vertex  3.665512e+01  5.339721e+01  3.587418e+01
     vertex  3.665512e+01  5.702841e+01  3.587418e+01
     vertex  3.440798e+01  5.521281e+01  3.228080e+01
   endloop
 endfacet
 facet normal -8.666959e-01 -1.094892e-01  4.866728e-01
   outer loop
     vertex  3.665512e+01  5.339721e+01  3.587418e+01
     vertex  3.440798e+01  5.521281e+01  3.228080e+01
     vertex  3.493010e+01  5.107982e+01  3.228080e+01
   endloop
 endfacet
 facet normal -6.601840e-01  2.613853e-01  7.041554e-01
   outer loop
     vertex  3.980105e+01  5.809516e+01  3.888659e+01
     vertex  4.087055e+01  6.079639e+01  3.888659e+01
     vertex  3.755816e+01  6.054552e+01  3.587418e+01
   endloop
 endfacet
 facet normal -7.115871e-01  1.827045e-01  6.784268e-01
   outer loop
     vertex  3.980105e+01  5.809516e+01  3.888659e+01
     vertex  3.755816e+01  6.054552e+01  3.587418e+01
     vertex  3.665512e+01  5.702841e+01  3.587418e+01
   endloop
 endfacet
 facet normal -4.482105e-01  3.256440e-01  8.325042e-01
   outer loop
     vertex  4.448733e+01  5.996419e+01  4.115935e+01
     vertex  4.257821e+01  6.314679e+01  3.888659e+01
     vertex  4.087055e+01  6.079639e+01  3.888659e+01
   endloop
 endfacet
 facet normal -3.914552e-01  3.676009e-01  8.435831e-01
   outer loop
     vertex  4.448733e+01  5.996419e+01  4.115935e+01
     vertex  4.587441e+01  6.144128e+01  4.115935e+01
     vertex  4.257821e+01  6.314679e+01  3.888659e+01
   endloop
 endfacet
 facet normal -1.838719e-01  2.897358e-01  9.392786e-01
   outer loop
     vertex  4.880277e+01  5.871770e+01  4.257274e+01
     vertex  4.758525e+01  6.252701e+01  4.115935e+01
     vertex  4.587441e+01  6.144128e+01  4.115935e+01
   endloop
 endfacet
 facet normal -1.429588e-01  3.038030e-01  9.419483e-01
   outer loop
     vertex  4.880277e+01  5.871770e+01  4.257274e+01
     vertex  4.974429e+01  5.916074e+01  4.257274e+01
     vertex  4.758525e+01  6.252701e+01  4.115935e+01
   endloop
 endfacet
 facet normal -4.924558e-02  1.046522e-01  9.932889e-01
   outer loop
     vertex  4.880277e+01  5.871770e+01  4.257274e+01
     vertex  5.102705e+01  5.521281e+01  4.305229e+01
     vertex  4.974429e+01  5.916074e+01  4.257274e+01
   endloop
 endfacet
 facet normal -3.303812e-15 -9.845353e-01 -1.751861e-01
   outer loop
     vertex  4.988475e+01  3.705651e+01  2.412900e+01
     vertex  4.891168e+01  3.779121e+01  2.000000e+01
     vertex  5.314241e+01  3.779121e+01  2.000000e+01
   endloop
 endfacet
 facet normal -1.858028e-01 -9.740125e-01 -1.295261e-01
   outer loop
     vertex  4.988475e+01  3.705651e+01  2.412900e+01
     vertex  4.540535e+01  3.791100e+01  2.412900e+01
     vertex  4.891168e+01  3.779121e+01  2.000000e+01
   endloop
 endfacet
 facet normal -5.326374e-01 -8.393023e-01  1.089452e-01
   outer loop
     vertex  4.341561e+01  3.903768e+01  2.829577e+01
     vertex  3.963214e+01  4.143873e+01  2.829577e+01
     vertex  4.127918e+01  3.985263e+01  2.412900e+01
   endloop
 endfacet
 facet normal -4.254159e-01 -9.040549e-01  4.130495e-02
   outer loop
     vertex  4.341561e+01  3.903768e+01  2.829577e+01
     vertex  4.127918e+01  3.985263e+01  2.412900e+01
     vertex  4.540535e+01  3.791100e+01  2.412900e+01
   endloop
 endfacet
 facet normal -7.019405e-01 -6.591660e-01  2.697771e-01
   outer loop
     vertex  3.891227e+01  4.383628e+01  3.228080e+01
     vertex  3.656466e+01  4.470527e+01  2.829577e+01
     vertex  3.963214e+01  4.143873e+01  2.829577e+01
   endloop
 endfacet
 facet normal -7.639726e-01 -5.550586e-01  3.290227e-01
   outer loop
     vertex  3.891227e+01  4.383628e+01  3.228080e+01
     vertex  3.646365e+01  4.720651e+01  3.228080e+01
     vertex  3.656466e+01  4.470527e+01  2.829577e+01
   endloop
 endfacet
 facet normal -8.122382e-01 -3.215878e-01  4.866728e-01
   outer loop
     vertex  3.755816e+01  4.988010e+01  3.587418e+01
     vertex  3.493010e+01  5.107982e+01  3.228080e+01
     vertex  3.646365e+01  4.720651e+01  3.228080e+01
   endloop
 endfacet
 facet normal -8.212254e-01 -2.108549e-01  5.302160e-01
   outer loop
     vertex  3.755816e+01  4.988010e+01  3.587418e+01
     vertex  3.665512e+01  5.339721e+01  3.587418e+01
     vertex  3.493010e+01  5.107982e+01  3.228080e+01
   endloop
 endfacet
 facet normal -7.346680e-01  1.431656e-15  6.784268e-01
   outer loop
     vertex  3.943692e+01  5.521281e+01  3.888659e+01
     vertex  3.665512e+01  5.702841e+01  3.587418e+01
     vertex  3.665512e+01  5.339721e+01  3.587418e+01
   endloop
 endfacet
 facet normal -7.044470e-01  8.899235e-02  7.041554e-01
   outer loop
     vertex  3.943692e+01  5.521281e+01  3.888659e+01
     vertex  3.980105e+01  5.809516e+01  3.888659e+01
     vertex  3.665512e+01  5.702841e+01  3.587418e+01
   endloop
 endfacet
 facet normal -4.705756e-01  2.587011e-01  8.435831e-01
   outer loop
     vertex  4.351117e+01  5.818856e+01  4.115935e+01
     vertex  4.448733e+01  5.996419e+01  4.115935e+01
     vertex  4.087055e+01  6.079639e+01  3.888659e+01
   endloop
 endfacet
 facet normal -5.151135e-01  2.039479e-01  8.325042e-01
   outer loop
     vertex  4.351117e+01  5.818856e+01  4.115935e+01
     vertex  4.087055e+01  6.079639e+01  3.888659e+01
     vertex  3.980105e+01  5.809516e+01  3.888659e+01
   endloop
 endfacet
 facet normal -7.372438e-02  8.911747e-02  9.932889e-01
   outer loop
     vertex  4.800102e+01  5.805444e+01  4.257274e+01
     vertex  5.102705e+01  5.521281e+01  4.305229e+01
     vertex  4.880277e+01  5.871770e+01  4.257274e+01
   endloop
 endfacet
 facet normal -2.140203e-01  2.587060e-01  9.419483e-01
   outer loop
     vertex  4.800102e+01  5.805444e+01  4.257274e+01
     vertex  4.880277e+01  5.871770e+01  4.257274e+01
     vertex  4.587441e+01  6.144128e+01  4.115935e+01
   endloop
 endfacet
 facet normal -2.501496e-01  2.349061e-01  9.392786e-01
   outer loop
     vertex  4.800102e+01  5.805444e+01  4.257274e+01
     vertex  4.587441e+01  6.144128e+01  4.115935e+01
     vertex  4.448733e+01  5.996419e+01  4.115935e+01
   endloop
 endfacet
 facet normal  2.355138e-01 -9.555169e-01 -1.775405e-01
   outer loop
     vertex  5.443593e+01  3.734284e+01  2.412900e+01
     vertex  5.314241e+01  3.779121e+01  2.000000e+01
     vertex  5.725020e+01  3.880369e+01  2.000000e+01
   endloop
 endfacet
 facet normal  6.228201e-02 -9.899442e-01 -1.270098e-01
   outer loop
     vertex  5.443593e+01  3.734284e+01  2.412900e+01
     vertex  4.988475e+01  3.705651e+01  2.412900e+01
     vertex  5.314241e+01  3.779121e+01  2.000000e+01
   endloop
 endfacet
 facet normal -1.872214e-01 -9.814490e-01  4.130495e-02
   outer loop
     vertex  4.767733e+01  3.765296e+01  2.829577e+01
     vertex  4.540535e+01  3.791100e+01  2.412900e+01
     vertex  4.988475e+01  3.705651e+01  2.412900e+01
   endloop
 endfacet
 facet normal -3.071777e-01 -9.453956e-01  1.089452e-01
   outer loop
     vertex  4.767733e+01  3.765296e+01  2.829577e+01
     vertex  4.341561e+01  3.903768e+01  2.829577e+01
     vertex  4.540535e+01  3.791100e+01  2.412900e+01
   endloop
 endfacet
 facet normal -5.159598e-01 -8.130226e-01  2.697771e-01
   outer loop
     vertex  4.212211e+01  4.118087e+01  3.228080e+01
     vertex  3.963214e+01  4.143873e+01  2.829577e+01
     vertex  4.341561e+01  3.903768e+01  2.829577e+01
   endloop
 endfacet
 facet normal -6.019335e-01 -7.276126e-01  3.290227e-01
   outer loop
     vertex  4.212211e+01  4.118087e+01  3.228080e+01
     vertex  3.891227e+01  4.383628e+01  3.228080e+01
     vertex  3.963214e+01  4.143873e+01  2.829577e+01
   endloop
 endfacet
 facet normal -7.067446e-01 -5.134800e-01  4.866728e-01
   outer loop
     vertex  3.930750e+01  4.669806e+01  3.587418e+01
     vertex  3.646365e+01  4.720651e+01  3.228080e+01
     vertex  3.891227e+01  4.383628e+01  3.228080e+01
   endloop
 endfacet
 facet normal -7.429877e-01 -4.084609e-01  5.302160e-01
   outer loop
     vertex  3.930750e+01  4.669806e+01  3.587418e+01
     vertex  3.755816e+01  4.988010e+01  3.587418e+01
     vertex  3.646365e+01  4.720651e+01  3.228080e+01
   endloop
 endfacet
 facet normal -7.044470e-01 -8.899235e-02  7.041554e-01
   outer loop
     vertex  3.980105e+01  5.233046e+01  3.888659e+01
     vertex  3.943692e+01  5.521281e+01  3.888659e+01
     vertex  3.665512e+01  5.339721e+01  3.587418e+01
   endloop
 endfacet
 facet normal -7.115871e-01 -1.827045e-01  6.784268e-01
   outer loop
     vertex  3.980105e+01  5.233046e+01  3.888659e+01
     vertex  3.665512e+01  5.339721e+01  3.587418e+01
     vertex  3.755816e+01  4.988010e+01  3.587418e+01
   endloop
 endfacet
 facet normal -5.496501e-01  6.943695e-02  8.325042e-01
   outer loop
     vertex  4.300726e+01  5.622594e+01  4.115935e+01
     vertex  3.980105e+01  5.809516e+01  3.888659e+01
     vertex  3.943692e+01  5.521281e+01  3.888659e+01
   endloop
 endfacet
 facet normal -5.201279e-01  1.335461e-01  8.435831e-01
   outer loop
     vertex  4.300726e+01  5.622594e+01  4.115935e+01
     vertex  4.351117e+01  5.818856e+01  4.115935e+01
     vertex  3.980105e+01  5.809516e+01  3.888659e+01
   endloop
 endfacet
 facet normal -9.357081e-02  6.798317e-02  9.932889e-01
   outer loop
     vertex  4.738941e+01  5.721262e+01  4.257274e+01
     vertex  5.102705e+01  5.521281e+01  4.305229e+01
     vertex  4.800102e+01  5.805444e+01  4.257274e+01
   endloop
 endfacet
 facet normal -3.007095e-01  1.653165e-01  9.392786e-01
   outer loop
     vertex  4.738941e+01  5.721262e+01  4.257274e+01
     vertex  4.448733e+01  5.996419e+01  4.115935e+01
     vertex  4.351117e+01  5.818856e+01  4.115935e+01
   endloop
 endfacet
 facet normal -2.716340e-01  1.973536e-01  9.419483e-01
   outer loop
     vertex  4.738941e+01  5.721262e+01  4.257274e+01
     vertex  4.800102e+01  5.805444e+01  4.257274e+01
     vertex  4.448733e+01  5.996419e+01  4.115935e+01
   endloop
 endfacet
 facet normal  4.571751e-01 -8.710743e-01 -1.795006e-01
   outer loop
     vertex  5.877291e+01  3.875202e+01  2.412900e+01
     vertex  5.725020e+01  3.880369e+01  2.000000e+01
     vertex  6.099633e+01  4.076981e+01  2.000000e+01
   endloop
 endfacet
 facet normal  3.065980e-01 -9.436117e-01 -1.248782e-01
   outer loop
     vertex  5.877291e+01  3.875202e+01  2.412900e+01
     vertex  5.443593e+01  3.734284e+01  2.412900e+01
     vertex  5.725020e+01  3.880369e+01  2.000000e+01
   endloop
 endfacet
 facet normal  6.273693e-02 -9.971750e-01  4.130495e-02
   outer loop
     vertex  5.214952e+01  3.737159e+01  2.829577e+01
     vertex  4.988475e+01  3.705651e+01  2.412900e+01
     vertex  5.443593e+01  3.734284e+01  2.412900e+01
   endloop
 endfacet
 facet normal -6.241678e-02 -9.920862e-01  1.089452e-01
   outer loop
     vertex  5.214952e+01  3.737159e+01  2.829577e+01
     vertex  4.767733e+01  3.765296e+01  2.829577e+01
     vertex  4.988475e+01  3.705651e+01  2.412900e+01
   endloop
 endfacet
 facet normal -2.975595e-01 -9.157940e-01  2.697771e-01
   outer loop
     vertex  4.589147e+01  3.940714e+01  3.228080e+01
     vertex  4.341561e+01  3.903768e+01  2.829577e+01
     vertex  4.767733e+01  3.765296e+01  2.829577e+01
   endloop
 endfacet
 facet normal -4.020728e-01 -8.544481e-01  3.290227e-01
   outer loop
     vertex  4.589147e+01  3.940714e+01  3.228080e+01
     vertex  4.212211e+01  4.118087e+01  3.228080e+01
     vertex  4.341561e+01  3.903768e+01  2.829577e+01
   endloop
 endfacet
 facet normal -5.568436e-01 -6.731083e-01  4.866728e-01
   outer loop
     vertex  4.179323e+01  4.405104e+01  3.587418e+01
     vertex  3.891227e+01  4.383628e+01  3.228080e+01
     vertex  4.212211e+01  4.118087e+01  3.228080e+01
   endloop
 endfacet
 facet normal -6.180652e-01 -5.804019e-01  5.302160e-01
   outer loop
     vertex  4.179323e+01  4.405104e+01  3.587418e+01
     vertex  3.930750e+01  4.669806e+01  3.587418e+01
     vertex  3.891227e+01  4.383628e+01  3.228080e+01
   endloop
 endfacet
 facet normal -6.437945e-01 -3.539290e-01  6.784268e-01
   outer loop
     vertex  4.087055e+01  4.962922e+01  3.888659e+01
     vertex  3.755816e+01  4.988010e+01  3.587418e+01
     vertex  3.930750e+01  4.669806e+01  3.587418e+01
   endloop
 endfacet
 facet normal -6.601840e-01 -2.613853e-01  7.041554e-01
   outer loop
     vertex  4.087055e+01  4.962922e+01  3.888659e+01
     vertex  3.980105e+01  5.233046e+01  3.888659e+01
     vertex  3.755816e+01  4.988010e+01  3.587418e+01
   endloop
 endfacet
 facet normal -5.496501e-01 -6.943695e-02  8.325042e-01
   outer loop
     vertex  4.300726e+01  5.419967e+01  4.115935e+01
     vertex  3.943692e+01  5.521281e+01  3.888659e+01
     vertex  3.980105e+01  5.233046e+01  3.888659e+01
   endloop
 endfacet
 facet normal -5.369987e-01  1.883068e-15  8.435831e-01
   outer loop
     vertex  4.300726e+01  5.419967e+01  4.115935e+01
     vertex  4.300726e+01  5.622594e+01  4.115935e+01
     vertex  3.943692e+01  5.521281e+01  3.888659e+01
   endloop
 endfacet
 facet normal -3.121800e-01  1.236008e-01  9.419483e-01
   outer loop
     vertex  4.700636e+01  5.624515e+01  4.257274e+01
     vertex  4.738941e+01  5.721262e+01  4.257274e+01
     vertex  4.351117e+01  5.818856e+01  4.115935e+01
   endloop
 endfacet
 facet normal -1.075378e-01  4.257724e-02  9.932889e-01
   outer loop
     vertex  4.700636e+01  5.624515e+01  4.257274e+01
     vertex  5.102705e+01  5.521281e+01  4.305229e+01
     vertex  4.738941e+01  5.721262e+01  4.257274e+01
   endloop
 endfacet
 facet normal -3.323747e-01  8.533932e-02  9.392786e-01
   outer loop
     vertex  4.700636e+01  5.624515e+01  4.257274e+01
     vertex  4.351117e+01  5.818856e+01  4.115935e+01
     vertex  4.300726e+01  5.622594e+01  4.115935e+01
   endloop
 endfacet
 facet normal  5.317493e-01 -8.379028e-01 -1.231327e-01
   outer loop
     vertex  6.262319e+01  4.119548e+01  2.412900e+01
     vertex  5.877291e+01  3.875202e+01  2.412900e+01
     vertex  6.099633e+01  4.076981e+01  2.000000e+01
   endloop
 endfacet
 facet normal  6.521617e-01 -7.361384e-01 -1.810674e-01
   outer loop
     vertex  6.262319e+01  4.119548e+01  2.412900e+01
     vertex  6.099633e+01  4.076981e+01  2.000000e+01
     vertex  6.416308e+01  4.357530e+01  2.000000e+01
   endloop
 endfacet
 facet normal  3.087533e-01 -9.502449e-01  4.130495e-02
   outer loop
     vertex  5.655119e+01  3.821125e+01  2.829577e+01
     vertex  5.443593e+01  3.734284e+01  2.412900e+01
     vertex  5.877291e+01  3.875202e+01  2.412900e+01
   endloop
 endfacet
 facet normal  1.862660e-01 -9.764404e-01  1.089452e-01
   outer loop
     vertex  5.655119e+01  3.821125e+01  2.829577e+01
     vertex  5.214952e+01  3.737159e+01  2.829577e+01
     vertex  5.443593e+01  3.734284e+01  2.412900e+01
   endloop
 endfacet
 facet normal -6.046242e-02 -9.610227e-01  2.697771e-01
   outer loop
     vertex  4.998353e+01  3.862654e+01  3.228080e+01
     vertex  4.767733e+01  3.765296e+01  2.829577e+01
     vertex  5.214952e+01  3.737159e+01  2.829577e+01
   endloop
 endfacet
 facet normal -1.769483e-01 -9.275955e-01  3.290227e-01
   outer loop
     vertex  4.998353e+01  3.862654e+01  3.228080e+01
     vertex  4.589147e+01  3.940714e+01  3.228080e+01
     vertex  4.767733e+01  3.765296e+01  2.829577e+01
   endloop
 endfacet
 facet normal -3.719541e-01 -7.904428e-01  4.866728e-01
   outer loop
     vertex  4.485914e+01  4.210534e+01  3.587418e+01
     vertex  4.212211e+01  4.118087e+01  3.228080e+01
     vertex  4.589147e+01  3.940714e+01  3.228080e+01
   endloop
 endfacet
 facet normal -4.543075e-01 -7.158741e-01  5.302160e-01
   outer loop
     vertex  4.485914e+01  4.210534e+01  3.587418e+01
     vertex  4.179323e+01  4.405104e+01  3.587418e+01
     vertex  4.212211e+01  4.118087e+01  3.228080e+01
   endloop
 endfacet
 facet normal -5.355499e-01 -5.029149e-01  6.784268e-01
   outer loop
     vertex  4.257821e+01  4.727882e+01  3.888659e+01
     vertex  3.930750e+01  4.669806e+01  3.587418e+01
     vertex  4.179323e+01  4.405104e+01  3.587418e+01
   endloop
 endfacet
 facet normal -5.744392e-01 -4.173545e-01  7.041554e-01
   outer loop
     vertex  4.257821e+01  4.727882e+01  3.888659e+01
     vertex  4.087055e+01  4.962922e+01  3.888659e+01
     vertex  3.930750e+01  4.669806e+01  3.587418e+01
   endloop
 endfacet
 facet normal -5.201279e-01 -1.335461e-01  8.435831e-01
   outer loop
     vertex  4.351117e+01  5.223706e+01  4.115935e+01
     vertex  4.300726e+01  5.419967e+01  4.115935e+01
     vertex  3.980105e+01  5.233046e+01  3.888659e+01
   endloop
 endfacet
 facet normal -5.151135e-01 -2.039479e-01  8.325042e-01
   outer loop
     vertex  4.351117e+01  5.223706e+01  4.115935e+01
     vertex  3.980105e+01  5.233046e+01  3.888659e+01
     vertex  4.087055e+01  4.962922e+01  3.888659e+01
   endloop
 endfacet
 facet normal  0.000000e+00  0.000000e+00  0.000000e+00
   outer loop
     vertex  4.687594e+01  5.521281e+01  4.257274e+01
     vertex  5.102705e+01  5.521281e+01  4.305229e+01
     vertex  5.102705e+01  5.521281e+01  4.305229e+01
   endloop
 endfacet
 facet normal -3.431556e-01  1.170648e-15  9.392786e-01
   outer loop
     vertex  4.687594e+01  5.521281e+01  4.257274e+01
     vertex  4.300726e+01  5.622594e+01  4.115935e+01
     vertex  4.300726e+01  5.419967e+01  4.115935e+01
   endloop
 endfacet
 facet normal -1.147479e-01  1.449603e-02  9.932889e-01
   outer loop
     vertex  4.687594e+01  5.521281e+01  4.257274e+01
     vertex  5.102705e+01  5.521281e+01  4.305229e+01
     vertex  4.700636e+01  5.624515e+01  4.257274e+01
   endloop
 endfacet
 facet normal -3.331105e-01  4.208165e-02  9.419483e-01
   outer loop
     vertex  4.687594e+01  5.521281e+01  4.257274e+01
     vertex  4.700636e+01  5.624515e+01  4.257274e+01
     vertex  4.300726e+01  5.622594e+01  4.115935e+01
   endloop
 endfacet
 facet normal  7.235435e-01 -6.794526e-01 -1.217741e-01
   outer loop
     vertex  6.574485e+01  4.451970e+01  2.412900e+01
     vertex  6.262319e+01  4.119548e+01  2.412900e+01
     vertex  6.416308e+01  4.357530e+01  2.000000e+01
   endloop
 endfacet
 facet normal  8.092020e-01 -5.585518e-01 -1.822416e-01
   outer loop
     vertex  6.574485e+01  4.451970e+01  2.412900e+01
     vertex  6.416308e+01  4.357530e+01  2.000000e+01
     vertex  6.656640e+01  4.705713e+01  2.000000e+01
   endloop
 endfacet
 facet normal  5.353695e-01 -8.436074e-01  4.130495e-02
   outer loop
     vertex  6.060575e+01  4.011919e+01  2.829577e+01
     vertex  5.877291e+01  3.875202e+01  2.412900e+01
     vertex  6.262319e+01  4.119548e+01  2.412900e+01
   endloop
 endfacet
 facet normal  4.232450e-01 -8.994413e-01  1.089452e-01
   outer loop
     vertex  6.060575e+01  4.011919e+01  2.829577e+01
     vertex  5.655119e+01  3.821125e+01  2.829577e+01
     vertex  5.877291e+01  3.875202e+01  2.412900e+01
   endloop
 endfacet
 facet normal  5.929447e-02 -9.424586e-01  3.290227e-01
   outer loop
     vertex  5.414115e+01  3.888811e+01  3.228080e+01
     vertex  4.998353e+01  3.862654e+01  3.228080e+01
     vertex  5.214952e+01  3.737159e+01  2.829577e+01
   endloop
 endfacet
 facet normal  1.804337e-01 -9.458668e-01  2.697771e-01
   outer loop
     vertex  5.414115e+01  3.888811e+01  3.228080e+01
     vertex  5.214952e+01  3.737159e+01  2.829577e+01
     vertex  5.655119e+01  3.821125e+01  2.829577e+01
   endloop
 endfacet
 facet normal -2.620039e-01 -8.063652e-01  5.302160e-01
   outer loop
     vertex  4.831261e+01  4.098324e+01  3.587418e+01
     vertex  4.485914e+01  4.210534e+01  3.587418e+01
     vertex  4.589147e+01  3.940714e+01  3.228080e+01
   endloop
 endfacet
 facet normal -1.636934e-01 -8.581108e-01  4.866728e-01
   outer loop
     vertex  4.831261e+01  4.098324e+01  3.587418e+01
     vertex  4.589147e+01  3.940714e+01  3.228080e+01
     vertex  4.998353e+01  3.862654e+01  3.228080e+01
   endloop
 endfacet
 facet normal -3.936548e-01 -6.203007e-01  6.784268e-01
   outer loop
     vertex  4.481675e+01  4.542694e+01  3.888659e+01
     vertex  4.179323e+01  4.405104e+01  3.587418e+01
     vertex  4.485914e+01  4.210534e+01  3.587418e+01
   endloop
 endfacet
 facet normal -4.526003e-01 -5.470998e-01  7.041554e-01
   outer loop
     vertex  4.481675e+01  4.542694e+01  3.888659e+01
     vertex  4.257821e+01  4.727882e+01  3.888659e+01
     vertex  4.179323e+01  4.405104e+01  3.587418e+01
   endloop
 endfacet
 facet normal -4.482105e-01 -3.256440e-01  8.325042e-01
   outer loop
     vertex  4.448733e+01  5.046143e+01  4.115935e+01
     vertex  4.087055e+01  4.962922e+01  3.888659e+01
     vertex  4.257821e+01  4.727882e+01  3.888659e+01
   endloop
 endfacet
 facet normal -4.705756e-01 -2.587011e-01  8.435831e-01
   outer loop
     vertex  4.448733e+01  5.046143e+01  4.115935e+01
     vertex  4.351117e+01  5.223706e+01  4.115935e+01
     vertex  4.087055e+01  4.962922e+01  3.888659e+01
   endloop
 endfacet
 facet normal -1.147479e-01 -1.449603e-02  9.932889e-01
   outer loop
     vertex  4.700636e+01  5.418047e+01  4.257274e+01
     vertex  5.102705e+01  5.521281e+01  4.305229e+01
     vertex  4.687594e+01  5.521281e+01  4.257274e+01
   endloop
 endfacet
 facet normal -3.331105e-01 -4.208165e-02  9.419483e-01
   outer loop
     vertex  4.700636e+01  5.418047e+01  4.257274e+01
     vertex  4.687594e+01  5.521281e+01  4.257274e+01
     vertex  4.300726e+01  5.419967e+01  4.115935e+01
   endloop
 endfacet
 facet normal -3.323747e-01 -8.533932e-02  9.392786e-01
   outer loop
     vertex  4.700636e+01  5.418047e+01  4.257274e+01
     vertex  4.300726e+01  5.419967e+01  4.115935e+01
     vertex  4.351117e+01  5.223706e+01  4.115935e+01
   endloop
 endfacet
 facet normal  9.192223e-01 -3.486151e-01 -1.830241e-01
   outer loop
     vertex  6.794173e+01  4.851581e+01  2.412900e+01
     vertex  6.656640e+01  4.705713e+01  2.000000e+01
     vertex  6.806664e+01  5.101293e+01  2.000000e+01
   endloop
 endfacet
 facet normal  8.698890e-01 -4.782255e-01 -1.208031e-01
   outer loop
     vertex  6.794173e+01  4.851581e+01  2.412900e+01
     vertex  6.574485e+01  4.451970e+01  2.412900e+01
     vertex  6.656640e+01  4.705713e+01  2.000000e+01
   endloop
 endfacet
 facet normal  6.336299e-01 -7.659270e-01  1.089452e-01
   outer loop
     vertex  6.405845e+01  4.297551e+01  2.829577e+01
     vertex  6.060575e+01  4.011919e+01  2.829577e+01
     vertex  6.262319e+01  4.119548e+01  2.412900e+01
   endloop
 endfacet
 facet normal  7.283465e-01 -6.839629e-01  4.130495e-02
   outer loop
     vertex  6.405845e+01  4.297551e+01  2.829577e+01
     vertex  6.262319e+01  4.119548e+01  2.412900e+01
     vertex  6.574485e+01  4.451970e+01  2.412900e+01
   endloop
 endfacet
 facet normal  4.099926e-01 -8.712786e-01  2.697771e-01
   outer loop
     vertex  5.810310e+01  4.017543e+01  3.228080e+01
     vertex  5.655119e+01  3.821125e+01  2.829577e+01
     vertex  6.060575e+01  4.011919e+01  2.829577e+01
   endloop
 endfacet
 facet normal  2.918116e-01 -8.981036e-01  3.290227e-01
   outer loop
     vertex  5.810310e+01  4.017543e+01  3.228080e+01
     vertex  5.414115e+01  3.888811e+01  3.228080e+01
     vertex  5.655119e+01  3.821125e+01  2.829577e+01
   endloop
 endfacet
 facet normal  5.485282e-02 -8.718605e-01  4.866728e-01
   outer loop
     vertex  5.193664e+01  4.075524e+01  3.587418e+01
     vertex  4.998353e+01  3.862654e+01  3.228080e+01
     vertex  5.414115e+01  3.888811e+01  3.228080e+01
   endloop
 endfacet
 facet normal -5.323773e-02 -8.461895e-01  5.302160e-01
   outer loop
     vertex  5.193664e+01  4.075524e+01  3.587418e+01
     vertex  4.831261e+01  4.098324e+01  3.587418e+01
     vertex  4.998353e+01  3.862654e+01  3.228080e+01
   endloop
 endfacet
 facet normal -2.270249e-01 -6.987108e-01  6.784268e-01
   outer loop
     vertex  4.744550e+01  4.418995e+01  3.888659e+01
     vertex  4.485914e+01  4.210534e+01  3.587418e+01
     vertex  4.831261e+01  4.098324e+01  3.587418e+01
   endloop
 endfacet
 facet normal -3.023228e-01 -6.424687e-01  7.041554e-01
   outer loop
     vertex  4.744550e+01  4.418995e+01  3.888659e+01
     vertex  4.481675e+01  4.542694e+01  3.888659e+01
     vertex  4.485914e+01  4.210534e+01  3.587418e+01
   endloop
 endfacet
 facet normal -3.531448e-01 -4.268787e-01  8.325042e-01
   outer loop
     vertex  4.587441e+01  4.898434e+01  4.115935e+01
     vertex  4.257821e+01  4.727882e+01  3.888659e+01
     vertex  4.481675e+01  4.542694e+01  3.888659e+01
   endloop
 endfacet
 facet normal -3.914552e-01 -3.676009e-01  8.435831e-01
   outer loop
     vertex  4.587441e+01  4.898434e+01  4.115935e+01
     vertex  4.448733e+01  5.046143e+01  4.115935e+01
     vertex  4.257821e+01  4.727882e+01  3.888659e+01
   endloop
 endfacet
 facet normal -1.075378e-01 -4.257724e-02  9.932889e-01
   outer loop
     vertex  4.738941e+01  5.321300e+01  4.257274e+01
     vertex  5.102705e+01  5.521281e+01  4.305229e+01
     vertex  4.700636e+01  5.418047e+01  4.257274e+01
   endloop
 endfacet
 facet normal -3.007095e-01 -1.653165e-01  9.392786e-01
   outer loop
     vertex  4.738941e+01  5.321300e+01  4.257274e+01
     vertex  4.351117e+01  5.223706e+01  4.115935e+01
     vertex  4.448733e+01  5.046143e+01  4.115935e+01
   endloop
 endfacet
 facet normal -3.121800e-01 -1.236008e-01  9.419483e-01
   outer loop
     vertex  4.738941e+01  5.321300e+01  4.257274e+01
     vertex  4.700636e+01  5.418047e+01  4.257274e+01
     vertex  4.351117e+01  5.223706e+01  4.115935e+01
   endloop
 endfacet
 facet normal  9.861996e-01 -6.204642e-02 -1.534944e-01
   outer loop
     vertex  6.907580e+01  5.293272e+01  2.412900e+01
     vertex  6.857660e+01  5.521281e+01  2.000000e+01
     vertex  6.921925e+01  5.521281e+01  2.412900e+01
   endloop
 endfacet
 facet normal  9.951855e-01 -6.261176e-02  7.540282e-02
   outer loop
     vertex  6.907580e+01  5.293272e+01  2.412900e+01
     vertex  6.921925e+01  5.521281e+01  2.412900e+01
     vertex  6.890354e+01  5.521281e+01  2.829577e+01
   endloop
 endfacet
 facet normal  9.615583e-01 -2.468862e-01 -1.202203e-01
   outer loop
     vertex  6.907580e+01  5.293272e+01  2.412900e+01
     vertex  6.794173e+01  4.851581e+01  2.412900e+01
     vertex  6.806664e+01  5.101293e+01  2.000000e+01
   endloop
 endfacet
 facet normal  9.758681e-01 -1.184918e-01 -1.834153e-01
   outer loop
     vertex  6.907580e+01  5.293272e+01  2.412900e+01
     vertex  6.806664e+01  5.101293e+01  2.000000e+01
     vertex  6.857660e+01  5.521281e+01  2.000000e+01
   endloop
 endfacet
 facet normal  8.755588e-01 -4.813425e-01  4.130495e-02
   outer loop
     vertex  6.669234e+01  4.660074e+01  2.829577e+01
     vertex  6.574485e+01  4.451970e+01  2.412900e+01
     vertex  6.794173e+01  4.851581e+01  2.412900e+01
   endloop
 endfacet
 facet normal  8.042015e-01 -5.842866e-01  1.089452e-01
   outer loop
     vertex  6.669234e+01  4.660074e+01  2.829577e+01
     vertex  6.405845e+01  4.297551e+01  2.829577e+01
     vertex  6.574485e+01  4.451970e+01  2.412900e+01
   endloop
 endfacet
 facet normal  5.059930e-01 -7.973174e-01  3.290227e-01
   outer loop
     vertex  6.162044e+01  4.240760e+01  3.228080e+01
     vertex  5.810310e+01  4.017543e+01  3.228080e+01
     vertex  6.060575e+01  4.011919e+01  2.829577e+01
   endloop
 endfacet
 facet normal  6.137901e-01 -7.419448e-01  2.697771e-01
   outer loop
     vertex  6.162044e+01  4.240760e+01  3.228080e+01
     vertex  6.060575e+01  4.011919e+01  2.829577e+01
     vertex  6.405845e+01  4.297551e+01  2.829577e+01
   endloop
 endfacet
 facet normal  2.699524e-01 -8.308281e-01  4.866728e-01
   outer loop
     vertex  5.550352e+01  4.143566e+01  3.587418e+01
     vertex  5.414115e+01  3.888811e+01  3.228080e+01
     vertex  5.810310e+01  4.017543e+01  3.228080e+01
   endloop
 endfacet
 facet normal  1.588736e-01 -8.328446e-01  5.302160e-01
   outer loop
     vertex  5.550352e+01  4.143566e+01  3.587418e+01
     vertex  5.193664e+01  4.075524e+01  3.587418e+01
     vertex  5.414115e+01  3.888811e+01  3.228080e+01
   endloop
 endfacet
 facet normal -4.613019e-02 -7.332183e-01  6.784268e-01
   outer loop
     vertex  5.029930e+01  4.364556e+01  3.888659e+01
     vertex  4.831261e+01  4.098324e+01  3.587418e+01
     vertex  5.193664e+01  4.075524e+01  3.587418e+01
   endloop
 endfacet
 facet normal -1.330493e-01 -6.974690e-01  7.041554e-01
   outer loop
     vertex  5.029930e+01  4.364556e+01  3.888659e+01
     vertex  4.744550e+01  4.418995e+01  3.888659e+01
     vertex  4.831261e+01  4.098324e+01  3.587418e+01
   endloop
 endfacet
 facet normal -2.358897e-01 -5.012911e-01  8.325042e-01
   outer loop
     vertex  4.758525e+01  4.789861e+01  4.115935e+01
     vertex  4.481675e+01  4.542694e+01  3.888659e+01
     vertex  4.744550e+01  4.418995e+01  3.888659e+01
   endloop
 endfacet
 facet normal -2.877383e-01 -4.534030e-01  8.435831e-01
   outer loop
     vertex  4.758525e+01  4.789861e+01  4.115935e+01
     vertex  4.587441e+01  4.898434e+01  4.115935e+01
     vertex  4.481675e+01  4.542694e+01  3.888659e+01
   endloop
 endfacet
 facet normal -9.357081e-02 -6.798317e-02  9.932889e-01
   outer loop
     vertex  4.800102e+01  5.237118e+01  4.257274e+01
     vertex  5.102705e+01  5.521281e+01  4.305229e+01
     vertex  4.738941e+01  5.321300e+01  4.257274e+01
   endloop
 endfacet
 facet normal -2.501496e-01 -2.349061e-01  9.392786e-01
   outer loop
     vertex  4.800102e+01  5.237118e+01  4.257274e+01
     vertex  4.448733e+01  5.046143e+01  4.115935e+01
     vertex  4.587441e+01  4.898434e+01  4.115935e+01
   endloop
 endfacet
 facet normal -2.716340e-01 -1.973536e-01  9.419483e-01
   outer loop
     vertex  4.800102e+01  5.237118e+01  4.257274e+01
     vertex  4.738941e+01  5.321300e+01  4.257274e+01
     vertex  4.448733e+01  5.046143e+01  4.115935e+01
   endloop
 endfacet
 facet normal  9.242422e-01 -3.659334e-01  1.089452e-01
   outer loop
     vertex  6.834192e+01  5.076711e+01  2.829577e+01
     vertex  6.669234e+01  4.660074e+01  2.829577e+01
     vertex  6.794173e+01  4.851581e+01  2.412900e+01
   endloop
 endfacet
 facet normal  9.862094e-01 -1.245872e-01  1.089452e-01
   outer loop
     vertex  6.834192e+01  5.076711e+01  2.829577e+01
     vertex  6.907580e+01  5.293272e+01  2.412900e+01
     vertex  6.890354e+01  5.521281e+01  2.829577e+01
   endloop
 endfacet
 facet normal  9.677566e-01 -2.484777e-01  4.130495e-02
   outer loop
     vertex  6.834192e+01  5.076711e+01  2.829577e+01
     vertex  6.794173e+01  4.851581e+01  2.412900e+01
     vertex  6.907580e+01  5.293272e+01  2.412900e+01
   endloop
 endfacet
 facet normal  7.790209e-01 -5.659918e-01  2.697771e-01
   outer loop
     vertex  6.447215e+01  4.544437e+01  3.228080e+01
     vertex  6.405845e+01  4.297551e+01  2.829577e+01
     vertex  6.669234e+01  4.660074e+01  2.829577e+01
   endloop
 endfacet
 facet normal  6.883811e-01 -6.464329e-01  3.290227e-01
   outer loop
     vertex  6.447215e+01  4.544437e+01  3.228080e+01
     vertex  6.162044e+01  4.240760e+01  3.228080e+01
     vertex  6.405845e+01  4.297551e+01  2.829577e+01
   endloop
 endfacet
 facet normal  4.680899e-01 -7.375917e-01  4.866728e-01
   outer loop
     vertex  5.878912e+01  4.298174e+01  3.587418e+01
     vertex  5.810310e+01  4.017543e+01  3.228080e+01
     vertex  6.162044e+01  4.240760e+01  3.228080e+01
   endloop
 endfacet
 facet normal  3.610023e-01 -7.671690e-01  5.302160e-01
   outer loop
     vertex  5.878912e+01  4.298174e+01  3.587418e+01
     vertex  5.550352e+01  4.143566e+01  3.587418e+01
     vertex  5.810310e+01  4.017543e+01  3.228080e+01
   endloop
 endfacet
 facet normal  1.376631e-01 -7.216550e-01  6.784268e-01
   outer loop
     vertex  5.319882e+01  4.382798e+01  3.888659e+01
     vertex  5.193664e+01  4.075524e+01  3.587418e+01
     vertex  5.550352e+01  4.143566e+01  3.587418e+01
   endloop
 endfacet
 facet normal  4.458415e-02 -7.086448e-01  7.041554e-01
   outer loop
     vertex  5.319882e+01  4.382798e+01  3.888659e+01
     vertex  5.029930e+01  4.364556e+01  3.888659e+01
     vertex  5.193664e+01  4.075524e+01  3.587418e+01
   endloop
 endfacet
 facet normal -1.659417e-01 -5.107161e-01  8.435831e-01
   outer loop
     vertex  4.951234e+01  4.727246e+01  4.115935e+01
     vertex  4.758525e+01  4.789861e+01  4.115935e+01
     vertex  4.744550e+01  4.418995e+01  3.888659e+01
   endloop
 endfacet
 facet normal -1.038127e-01 -5.442055e-01  8.325042e-01
   outer loop
     vertex  4.951234e+01  4.727246e+01  4.115935e+01
     vertex  4.744550e+01  4.418995e+01  3.888659e+01
     vertex  5.029930e+01  4.364556e+01  3.888659e+01
   endloop
 endfacet
 facet normal -7.372438e-02 -8.911747e-02  9.932889e-01
   outer loop
     vertex  4.880277e+01  5.170792e+01  4.257274e+01
     vertex  5.102705e+01  5.521281e+01  4.305229e+01
     vertex  4.800102e+01  5.237118e+01  4.257274e+01
   endloop
 endfacet
 facet normal -2.140203e-01 -2.587060e-01  9.419483e-01
   outer loop
     vertex  4.880277e+01  5.170792e+01  4.257274e+01
     vertex  4.800102e+01  5.237118e+01  4.257274e+01
     vertex  4.587441e+01  4.898434e+01  4.115935e+01
   endloop
 endfacet
 facet normal -1.838719e-01 -2.897358e-01  9.392786e-01
   outer loop
     vertex  4.880277e+01  5.170792e+01  4.257274e+01
     vertex  4.587441e+01  4.898434e+01  4.115935e+01
     vertex  4.758525e+01  4.789861e+01  4.115935e+01
   endloop
 endfacet
 facet normal  8.953030e-01 -3.544755e-01  2.697771e-01
   outer loop
     vertex  6.647906e+01  4.909492e+01  3.228080e+01
     vertex  6.669234e+01  4.660074e+01  2.829577e+01
     vertex  6.834192e+01  5.076711e+01  2.829577e+01
   endloop
 endfacet
 facet normal  8.275157e-01 -4.549306e-01  3.290227e-01
   outer loop
     vertex  6.647906e+01  4.909492e+01  3.228080e+01
     vertex  6.447215e+01  4.544437e+01  3.228080e+01
     vertex  6.669234e+01  4.660074e+01  2.829577e+01
   endloop
 endfacet
 facet normal  5.404480e-01 -6.532894e-01  5.302160e-01
   outer loop
     vertex  6.158700e+01  4.529635e+01  3.587418e+01
     vertex  5.878912e+01  4.298174e+01  3.587418e+01
     vertex  6.162044e+01  4.240760e+01  3.228080e+01
   endloop
 endfacet
 facet normal  6.368156e-01 -5.980096e-01  4.866728e-01
   outer loop
     vertex  6.158700e+01  4.529635e+01  3.587418e+01
     vertex  6.162044e+01  4.240760e+01  3.228080e+01
     vertex  6.447215e+01  4.544437e+01  3.228080e+01
   endloop
 endfacet
 facet normal  3.128064e-01 -6.647475e-01  6.784268e-01
   outer loop
     vertex  5.596188e+01  4.472575e+01  3.888659e+01
     vertex  5.550352e+01  4.143566e+01  3.587418e+01
     vertex  5.878912e+01  4.298174e+01  3.587418e+01
   endloop
 endfacet
 facet normal  2.194163e-01 -6.752938e-01  7.041554e-01
   outer loop
     vertex  5.596188e+01  4.472575e+01  3.888659e+01
     vertex  5.319882e+01  4.382798e+01  3.888659e+01
     vertex  5.550352e+01  4.143566e+01  3.587418e+01
   endloop
 endfacet
 facet normal -3.371843e-02 -5.359391e-01  8.435831e-01
   outer loop
     vertex  5.153462e+01  4.714523e+01  4.115935e+01
     vertex  4.951234e+01  4.727246e+01  4.115935e+01
     vertex  5.029930e+01  4.364556e+01  3.888659e+01
   endloop
 endfacet
 facet normal  3.478712e-02 -5.529254e-01  8.325042e-01
   outer loop
     vertex  5.153462e+01  4.714523e+01  4.115935e+01
     vertex  5.029930e+01  4.364556e+01  3.888659e+01
     vertex  5.319882e+01  4.382798e+01  3.888659e+01
   endloop
 endfacet
 facet normal -4.924558e-02 -1.046522e-01  9.932889e-01
   outer loop
     vertex  4.974429e+01  5.126487e+01  4.257274e+01
     vertex  5.102705e+01  5.521281e+01  4.305229e+01
     vertex  4.880277e+01  5.170792e+01  4.257274e+01
   endloop
 endfacet
 facet normal -1.429588e-01 -3.038030e-01  9.419483e-01
   outer loop
     vertex  4.974429e+01  5.126487e+01  4.257274e+01
     vertex  4.880277e+01  5.170792e+01  4.257274e+01
     vertex  4.758525e+01  4.789861e+01  4.115935e+01
   endloop
 endfacet
 facet normal -1.060409e-01 -3.263603e-01  9.392786e-01
   outer loop
     vertex  4.974429e+01  5.126487e+01  4.257274e+01
     vertex  4.758525e+01  4.789861e+01  4.115935e+01
     vertex  4.951234e+01  4.727246e+01  4.115935e+01
   endloop
 endfacet
 facet normal  9.519398e-01 -5.989097e-02  3.003727e-01
   outer loop
     vertex  6.751507e+01  5.312989e+01  3.228080e+01
     vertex  6.890354e+01  5.521281e+01  2.829577e+01
     vertex  6.764611e+01  5.521281e+01  3.228080e+01
   endloop
 endfacet
 facet normal  8.586678e-01 -5.402280e-02  5.096774e-01
   outer loop
     vertex  6.751507e+01  5.312989e+01  3.228080e+01
     vertex  6.764611e+01  5.521281e+01  3.228080e+01
     vertex  6.551320e+01  5.521281e+01  3.587418e+01
   endloop
 endfacet
 facet normal  9.146544e-01 -2.348433e-01  3.290227e-01
   outer loop
     vertex  6.751507e+01  5.312989e+01  3.228080e+01
     vertex  6.647906e+01  4.909492e+01  3.228080e+01
     vertex  6.834192e+01  5.076711e+01  2.829577e+01
   endloop
 endfacet
 facet normal  9.553299e-01 -1.206862e-01  2.697771e-01
   outer loop
     vertex  6.751507e+01  5.312989e+01  3.228080e+01
     vertex  6.834192e+01  5.076711e+01  2.829577e+01
     vertex  6.890354e+01  5.521281e+01  2.829577e+01
   endloop
 endfacet
 facet normal  7.655278e-01 -4.208525e-01  4.866728e-01
   outer loop
     vertex  6.372136e+01  4.823405e+01  3.587418e+01
     vertex  6.447215e+01  4.544437e+01  3.228080e+01
     vertex  6.647906e+01  4.909492e+01  3.228080e+01
   endloop
 endfacet
 facet normal  6.859352e-01 -4.983611e-01  5.302160e-01
   outer loop
     vertex  6.372136e+01  4.823405e+01  3.587418e+01
     vertex  6.158700e+01  4.529635e+01  3.587418e+01
     vertex  6.447215e+01  4.544437e+01  3.228080e+01
   endloop
 endfacet
 facet normal  4.682950e-01 -5.660714e-01  6.784268e-01
   outer loop
     vertex  5.841487e+01  4.628247e+01  3.888659e+01
     vertex  5.878912e+01  4.298174e+01  3.587418e+01
     vertex  6.158700e+01  4.529635e+01  3.587418e+01
   endloop
 endfacet
 facet normal  3.804616e-01 -5.995116e-01  7.041554e-01
   outer loop
     vertex  5.841487e+01  4.628247e+01  3.888659e+01
     vertex  5.596188e+01  4.472575e+01  3.888659e+01
     vertex  5.878912e+01  4.298174e+01  3.587418e+01
   endloop
 endfacet
 facet normal  1.712012e-01 -5.269031e-01  8.325042e-01
   outer loop
     vertex  5.352500e+01  4.752491e+01  4.115935e+01
     vertex  5.319882e+01  4.382798e+01  3.888659e+01
     vertex  5.596188e+01  4.472575e+01  3.888659e+01
   endloop
 endfacet
 facet normal  1.006235e-01 -5.274870e-01  8.435831e-01
   outer loop
     vertex  5.352500e+01  4.752491e+01  4.115935e+01
     vertex  5.153462e+01  4.714523e+01  4.115935e+01
     vertex  5.319882e+01  4.382798e+01  3.888659e+01
   endloop
 endfacet
 facet normal -2.167250e-02 -1.136112e-01  9.932889e-01
   outer loop
     vertex  5.076640e+01  5.106990e+01  4.257274e+01
     vertex  5.102705e+01  5.521281e+01  4.305229e+01
     vertex  4.974429e+01  5.126487e+01  4.257274e+01
   endloop
 endfacet
 facet normal -2.154692e-02 -3.424784e-01  9.392786e-01
   outer loop
     vertex  5.076640e+01  5.106990e+01  4.257274e+01
     vertex  4.951234e+01  4.727246e+01  4.115935e+01
     vertex  5.153462e+01  4.714523e+01  4.115935e+01
   endloop
 endfacet
 facet normal -6.291479e-02 -3.298109e-01  9.419483e-01
   outer loop
     vertex  5.076640e+01  5.106990e+01  4.257274e+01
     vertex  4.974429e+01  5.126487e+01  4.257274e+01
     vertex  4.951234e+01  4.727246e+01  4.115935e+01
   endloop
 endfacet
 facet normal  8.411769e-01 -1.062654e-01  5.302160e-01
   outer loop
     vertex  6.505809e+01  5.161025e+01  3.587418e+01
     vertex  6.751507e+01  5.312989e+01  3.228080e+01
     vertex  6.551320e+01  5.521281e+01  3.587418e+01
   endloop
 endfacet
 facet normal  8.461391e-01 -2.172516e-01  4.866728e-01
   outer loop
     vertex  6.505809e+01  5.161025e+01  3.587418e+01
     vertex  6.647906e+01  4.909492e+01  3.228080e+01
     vertex  6.751507e+01  5.312989e+01  3.228080e+01
   endloop
 endfacet
 facet normal  7.883227e-01 -3.121190e-01  5.302160e-01
   outer loop
     vertex  6.505809e+01  5.161025e+01  3.587418e+01
     vertex  6.372136e+01  4.823405e+01  3.587418e+01
     vertex  6.647906e+01  4.909492e+01  3.228080e+01
   endloop
 endfacet
 facet normal  5.943589e-01 -4.318270e-01  6.784268e-01
   outer loop
     vertex  6.040365e+01  4.840031e+01  3.888659e+01
     vertex  6.158700e+01  4.529635e+01  3.587418e+01
     vertex  6.372136e+01  4.823405e+01  3.587418e+01
   endloop
 endfacet
 facet normal  5.176012e-01 -4.860599e-01  7.041554e-01
   outer loop
     vertex  6.040365e+01  4.840031e+01  3.888659e+01
     vertex  5.841487e+01  4.628247e+01  3.888659e+01
     vertex  6.158700e+01  4.529635e+01  3.587418e+01
   endloop
 endfacet
 facet normal  2.968580e-01 -4.677734e-01  8.325042e-01
   outer loop
     vertex  5.535842e+01  4.838766e+01  4.115935e+01
     vertex  5.596188e+01  4.472575e+01  3.888659e+01
     vertex  5.841487e+01  4.628247e+01  3.888659e+01
   endloop
 endfacet
 facet normal  2.286429e-01 -4.858910e-01  8.435831e-01
   outer loop
     vertex  5.535842e+01  4.838766e+01  4.115935e+01
     vertex  5.352500e+01  4.752491e+01  4.115935e+01
     vertex  5.596188e+01  4.472575e+01  3.888659e+01
   endloop
 endfacet
 facet normal  7.262344e-03 -1.154317e-01  9.932889e-01
   outer loop
     vertex  5.180489e+01  5.113523e+01  4.257274e+01
     vertex  5.102705e+01  5.521281e+01  4.305229e+01
     vertex  5.076640e+01  5.106990e+01  4.257274e+01
   endloop
 endfacet
 facet normal  6.430094e-02 -3.370773e-01  9.392786e-01
   outer loop
     vertex  5.180489e+01  5.113523e+01  4.257274e+01
     vertex  5.153462e+01  4.714523e+01  4.115935e+01
     vertex  5.352500e+01  4.752491e+01  4.115935e+01
   endloop
 endfacet
 facet normal  2.108242e-02 -3.350955e-01  9.419483e-01
   outer loop
     vertex  5.180489e+01  5.113523e+01  4.257274e+01
     vertex  5.076640e+01  5.106990e+01  4.257274e+01
     vertex  5.153462e+01  4.714523e+01  4.115935e+01
   endloop
 endfacet
 facet normal  6.222180e-01 -3.420672e-01  7.041554e-01
   outer loop
     vertex  6.180327e+01  5.094620e+01  3.888659e+01
     vertex  6.040365e+01  4.840031e+01  3.888659e+01
     vertex  6.372136e+01  4.823405e+01  3.587418e+01
   endloop
 endfacet
 facet normal  6.830771e-01 -2.704493e-01  6.784268e-01
   outer loop
     vertex  6.180327e+01  5.094620e+01  3.888659e+01
     vertex  6.372136e+01  4.823405e+01  3.587418e+01
     vertex  6.505809e+01  5.161025e+01  3.587418e+01
   endloop
 endfacet
 facet normal  4.038622e-01 -3.792519e-01  8.325042e-01
   outer loop
     vertex  5.691969e+01  4.967925e+01  4.115935e+01
     vertex  5.841487e+01  4.628247e+01  3.888659e+01
     vertex  6.040365e+01  4.840031e+01  3.888659e+01
   endloop
 endfacet
 facet normal  3.422959e-01 -4.137646e-01  8.435831e-01
   outer loop
     vertex  5.691969e+01  4.967925e+01  4.115935e+01
     vertex  5.535842e+01  4.838766e+01  4.115935e+01
     vertex  5.841487e+01  4.628247e+01  3.888659e+01
   endloop
 endfacet
 facet normal  1.461085e-01 -3.104964e-01  9.392786e-01
   outer loop
     vertex  5.279450e+01  5.145678e+01  4.257274e+01
     vertex  5.352500e+01  4.752491e+01  4.115935e+01
     vertex  5.535842e+01  4.838766e+01  4.115935e+01
   endloop
 endfacet
 facet normal  1.037550e-01 -3.193249e-01  9.419483e-01
   outer loop
     vertex  5.279450e+01  5.145678e+01  4.257274e+01
     vertex  5.180489e+01  5.113523e+01  4.257274e+01
     vertex  5.352500e+01  4.752491e+01  4.115935e+01
   endloop
 endfacet
 facet normal  3.574087e-02 -1.099991e-01  9.932889e-01
   outer loop
     vertex  5.279450e+01  5.145678e+01  4.257274e+01
     vertex  5.102705e+01  5.521281e+01  4.305229e+01
     vertex  5.180489e+01  5.113523e+01  4.257274e+01
   endloop
 endfacet
 facet normal  7.288749e-01 -9.207832e-02  6.784268e-01
   outer loop
     vertex  6.252578e+01  5.376018e+01  3.888659e+01
     vertex  6.505809e+01  5.161025e+01  3.587418e+01
     vertex  6.551320e+01  5.521281e+01  3.587418e+01
   endloop
 endfacet
 facet normal  7.201550e-01 -4.530831e-02  6.923323e-01
   outer loop
     vertex  6.252578e+01  5.376018e+01  3.888659e+01
     vertex  6.551320e+01  5.521281e+01  3.587418e+01
     vertex  6.261717e+01  5.521281e+01  3.888659e+01
   endloop
 endfacet
 facet normal  5.435726e-01 -3.419869e-02  8.386652e-01
   outer loop
     vertex  6.252578e+01  5.376018e+01  3.888659e+01
     vertex  6.261717e+01  5.521281e+01  3.888659e+01
     vertex  5.911058e+01  5.521281e+01  4.115935e+01
   endloop
 endfacet
 facet normal  6.877385e-01 -1.765812e-01  7.041554e-01
   outer loop
     vertex  6.252578e+01  5.376018e+01  3.888659e+01
     vertex  6.180327e+01  5.094620e+01  3.888659e+01
     vertex  6.505809e+01  5.161025e+01  3.587418e+01
   endloop
 endfacet
 facet normal  4.344411e-01 -3.156399e-01  8.435831e-01
   outer loop
     vertex  5.811070e+01  5.131854e+01  4.115935e+01
     vertex  5.691969e+01  4.967925e+01  4.115935e+01
     vertex  6.040365e+01  4.840031e+01  3.888659e+01
   endloop
 endfacet
 facet normal  4.854903e-01 -2.669005e-01  8.325042e-01
   outer loop
     vertex  5.811070e+01  5.131854e+01  4.115935e+01
     vertex  6.040365e+01  4.840031e+01  3.888659e+01
     vertex  6.180327e+01  5.094620e+01  3.888659e+01
   endloop
 endfacet
 facet normal  6.197366e-02 -9.765487e-02  9.932889e-01
   outer loop
     vertex  5.367306e+01  5.201433e+01  4.257274e+01
     vertex  5.102705e+01  5.521281e+01  4.305229e+01
     vertex  5.279450e+01  5.145678e+01  4.257274e+01
   endloop
 endfacet
 facet normal  2.187356e-01 -2.644059e-01  9.392786e-01
   outer loop
     vertex  5.367306e+01  5.201433e+01  4.257274e+01
     vertex  5.535842e+01  4.838766e+01  4.115935e+01
     vertex  5.691969e+01  4.967925e+01  4.115935e+01
   endloop
 endfacet
 facet normal  1.799082e-01 -2.834899e-01  9.419483e-01
   outer loop
     vertex  5.367306e+01  5.201433e+01  4.257274e+01
     vertex  5.279450e+01  5.145678e+01  4.257274e+01
     vertex  5.535842e+01  4.838766e+01  4.115935e+01
   endloop
 endfacet
 facet normal  5.327643e-01 -6.730379e-02  8.435831e-01
   outer loop
     vertex  5.885662e+01  5.320252e+01  4.115935e+01
     vertex  6.252578e+01  5.376018e+01  3.888659e+01
     vertex  5.911058e+01  5.521281e+01  4.115935e+01
   endloop
 endfacet
 facet normal  5.366131e-01 -1.377788e-01  8.325042e-01
   outer loop
     vertex  5.885662e+01  5.320252e+01  4.115935e+01
     vertex  6.180327e+01  5.094620e+01  3.888659e+01
     vertex  6.252578e+01  5.376018e+01  3.888659e+01
   endloop
 endfacet
 facet normal  4.992888e-01 -1.976824e-01  8.435831e-01
   outer loop
     vertex  5.885662e+01  5.320252e+01  4.115935e+01
     vertex  5.811070e+01  5.131854e+01  4.115935e+01
     vertex  6.180327e+01  5.094620e+01  3.888659e+01
   endloop
 endfacet
 facet normal  8.431242e-02 -7.917464e-02  9.932889e-01
   outer loop
     vertex  5.438536e+01  5.277285e+01  4.257274e+01
     vertex  5.102705e+01  5.521281e+01  4.305229e+01
     vertex  5.367306e+01  5.201433e+01  4.257274e+01
   endloop
 endfacet
 facet normal  2.776187e-01 -2.017018e-01  9.392786e-01
   outer loop
     vertex  5.438536e+01  5.277285e+01  4.257274e+01
     vertex  5.691969e+01  4.967925e+01  4.115935e+01
     vertex  5.811070e+01  5.131854e+01  4.115935e+01
   endloop
 endfacet
 facet normal  2.447571e-01 -2.298422e-01  9.419483e-01
   outer loop
     vertex  5.438536e+01  5.277285e+01  4.257274e+01
     vertex  5.367306e+01  5.201433e+01  4.257274e+01
     vertex  5.691969e+01  4.967925e+01  4.115935e+01
   endloop
 endfacet
 facet normal  1.013535e-01 -5.571957e-02  9.932889e-01
   outer loop
     vertex  5.488665e+01  5.368469e+01  4.257274e+01
     vertex  5.102705e+01  5.521281e+01  4.305229e+01
     vertex  5.438536e+01  5.277285e+01  4.257274e+01
   endloop
 endfacet
 facet normal  3.190580e-01 -1.263240e-01  9.392786e-01
   outer loop
     vertex  5.488665e+01  5.368469e+01  4.257274e+01
     vertex  5.811070e+01  5.131854e+01  4.115935e+01
     vertex  5.885662e+01  5.320252e+01  4.115935e+01
   endloop
 endfacet
 facet normal  2.942270e-01 -1.617527e-01  9.419483e-01
   outer loop
     vertex  5.488665e+01  5.368469e+01  4.257274e+01
     vertex  5.438536e+01  5.277285e+01  4.257274e+01
     vertex  5.811070e+01  5.131854e+01  4.115935e+01
   endloop
 endfacet
 facet normal  3.381577e-01 -2.127508e-02  9.408489e-01
   outer loop
     vertex  5.514542e+01  5.469254e+01  4.257274e+01
     vertex  5.911058e+01  5.521281e+01  4.115935e+01
     vertex  5.517815e+01  5.521281e+01  4.257274e+01
   endloop
 endfacet
 facet normal  1.147569e-01 -7.219894e-03  9.933674e-01
   outer loop
     vertex  5.514542e+01  5.469254e+01  4.257274e+01
     vertex  5.517815e+01  5.521281e+01  4.257274e+01
     vertex  5.102705e+01  5.521281e+01  4.305229e+01
   endloop
 endfacet
 facet normal  1.120262e-01 -2.876344e-02  9.932889e-01
   outer loop
     vertex  5.514542e+01  5.469254e+01  4.257274e+01
     vertex  5.102705e+01  5.521281e+01  4.305229e+01
     vertex  5.488665e+01  5.368469e+01  4.257274e+01
   endloop
 endfacet
 facet normal  3.404497e-01 -4.300880e-02  9.392786e-01
   outer loop
     vertex  5.514542e+01  5.469254e+01  4.257274e+01
     vertex  5.885662e+01  5.320252e+01  4.115935e+01
     vertex  5.911058e+01  5.521281e+01  4.115935e+01
   endloop
 endfacet
 facet normal  3.252096e-01 -8.349964e-02  9.419483e-01
   outer loop
     vertex  5.514542e+01  5.469254e+01  4.257274e+01
     vertex  5.488665e+01  5.368469e+01  4.257274e+01
     vertex  5.885662e+01  5.320252e+01  4.115935e+01
   endloop
 endfacet
endsolid
