solid 
 facet normal -1.000000e+00  0.000000e+00  0.000000e+00
   outer loop
     vertex  0.000000e+00  0.000000e+00  2.000000e+01
     vertex  0.000000e+00  1.088470e+02  0.000000e+00
     vertex  0.000000e+00  0.000000e+00  0.000000e+00
   endloop
 endfacet
 facet normal -1.000000e+00  0.000000e+00  0.000000e+00
   outer loop
     vertex  0.000000e+00  0.000000e+00  2.000000e+01
     vertex  0.000000e+00  1.088470e+02  2.000000e+01
     vertex  0.000000e+00  1.088470e+02  0.000000e+00
   endloop
 endfacet
 facet normal  0.000000e+00 -1.000000e+00 -0.000000e+00
   outer loop
     vertex  1.132697e+02  0.000000e+00  2.000000e+01
     vertex  0.000000e+00  0.000000e+00  0.000000e+00
     vertex  1.132697e+02  0.000000e+00  0.000000e+00
   endloop
 endfacet
 facet normal -0.000000e+00 -1.000000e+00  0.000000e+00
   outer loop
     vertex  1.132697e+02  0.000000e+00  2.000000e+01
     vertex  0.000000e+00  0.000000e+00  2.000000e+01
     vertex  0.000000e+00  0.000000e+00  0.000000e+00
   endloop
 endfacet
 facet normal  0.000000e+00  0.000000e+00  1.000000e+00
   outer loop
     vertex  5.863544e+01  3.580560e+01  2.000000e+01
     vertex  5.508824e+01  3.894815e+01  2.000000e+01
     vertex  0.000000e+00  0.000000e+00  2.000000e+01
   endloop
 endfacet
 facet normal  0.000000e+00  0.000000e+00  1.000000e+00
   outer loop
     vertex  5.239617e+01  4.284829e+01  2.000000e+01
     vertex  0.000000e+00  0.000000e+00  2.000000e+01
     vertex  5.508824e+01  3.894815e+01  2.000000e+01
   endloop
 endfacet
 facet normal  0.000000e+00  0.000000e+00  1.000000e+00
   outer loop
     vertex  6.283163e+01  3.360327e+01  2.000000e+01
     vertex  5.863544e+01  3.580560e+01  2.000000e+01
     vertex  0.000000e+00  0.000000e+00  2.000000e+01
   endloop
 endfacet
 facet normal  0.000000e+00  0.000000e+00  1.000000e+00
   outer loop
     vertex  5.071569e+01  4.727935e+01  2.000000e+01
     vertex  0.000000e+00  0.000000e+00  2.000000e+01
     vertex  5.239617e+01  4.284829e+01  2.000000e+01
   endloop
 endfacet
 facet normal  0.000000e+00  0.000000e+00  1.000000e+00
   outer loop
     vertex  6.743294e+01  3.246915e+01  2.000000e+01
     vertex  6.283163e+01  3.360327e+01  2.000000e+01
     vertex  0.000000e+00  0.000000e+00  2.000000e+01
   endloop
 endfacet
 facet normal  0.000000e+00  0.000000e+00  1.000000e+00
   outer loop
     vertex  5.014446e+01  5.198381e+01  2.000000e+01
     vertex  0.000000e+00  0.000000e+00  2.000000e+01
     vertex  5.071569e+01  4.727935e+01  2.000000e+01
   endloop
 endfacet
 facet normal  0.000000e+00  0.000000e+00  1.000000e+00
   outer loop
     vertex  0.000000e+00  1.088470e+02  2.000000e+01
     vertex  5.014446e+01  5.198381e+01  2.000000e+01
     vertex  5.071569e+01  5.668827e+01  2.000000e+01
   endloop
 endfacet
 facet normal  0.000000e+00  0.000000e+00  1.000000e+00
   outer loop
     vertex  0.000000e+00  1.088470e+02  2.000000e+01
     vertex  0.000000e+00  0.000000e+00  2.000000e+01
     vertex  5.014446e+01  5.198381e+01  2.000000e+01
   endloop
 endfacet
 facet normal  0.000000e+00  0.000000e+00  1.000000e+00
   outer loop
     vertex  1.132697e+02  0.000000e+00  2.000000e+01
     vertex  7.217196e+01  3.246915e+01  2.000000e+01
     vertex  6.743294e+01  3.246915e+01  2.000000e+01
   endloop
 endfacet
 facet normal  0.000000e+00  0.000000e+00  1.000000e+00
   outer loop
     vertex  1.132697e+02  0.000000e+00  2.000000e+01
     vertex  7.677327e+01  3.360327e+01  2.000000e+01
     vertex  7.217196e+01  3.246915e+01  2.000000e+01
   endloop
 endfacet
 facet normal  0.000000e+00  0.000000e+00  1.000000e+00
   outer loop
     vertex  1.132697e+02  0.000000e+00  2.000000e+01
     vertex  6.743294e+01  3.246915e+01  2.000000e+01
     vertex  0.000000e+00  0.000000e+00  2.000000e+01
   endloop
 endfacet
 facet normal  0.000000e+00  0.000000e+00  1.000000e+00
   outer loop
     vertex  5.239617e+01  6.111933e+01  2.000000e+01
     vertex  0.000000e+00  1.088470e+02  2.000000e+01
     vertex  5.071569e+01  5.668827e+01  2.000000e+01
   endloop
 endfacet
 facet normal  0.000000e+00  0.000000e+00  1.000000e+00
   outer loop
     vertex  8.096946e+01  3.580560e+01  2.000000e+01
     vertex  7.677327e+01  3.360327e+01  2.000000e+01
     vertex  1.132697e+02  0.000000e+00  2.000000e+01
   endloop
 endfacet
 facet normal  0.000000e+00  0.000000e+00  1.000000e+00
   outer loop
     vertex  5.508824e+01  6.501947e+01  2.000000e+01
     vertex  0.000000e+00  1.088470e+02  2.000000e+01
     vertex  5.239617e+01  6.111933e+01  2.000000e+01
   endloop
 endfacet
 facet normal  0.000000e+00  0.000000e+00  1.000000e+00
   outer loop
     vertex  8.451666e+01  3.894815e+01  2.000000e+01
     vertex  8.096946e+01  3.580560e+01  2.000000e+01
     vertex  1.132697e+02  0.000000e+00  2.000000e+01
   endloop
 endfacet
 facet normal  0.000000e+00  0.000000e+00  1.000000e+00
   outer loop
     vertex  5.863544e+01  6.816202e+01  2.000000e+01
     vertex  0.000000e+00  1.088470e+02  2.000000e+01
     vertex  5.508824e+01  6.501947e+01  2.000000e+01
   endloop
 endfacet
 facet normal  0.000000e+00  0.000000e+00  1.000000e+00
   outer loop
     vertex  8.720873e+01  4.284829e+01  2.000000e+01
     vertex  8.451666e+01  3.894815e+01  2.000000e+01
     vertex  1.132697e+02  0.000000e+00  2.000000e+01
   endloop
 endfacet
 facet normal  0.000000e+00  0.000000e+00  1.000000e+00
   outer loop
     vertex  6.283163e+01  7.036435e+01  2.000000e+01
     vertex  0.000000e+00  1.088470e+02  2.000000e+01
     vertex  5.863544e+01  6.816202e+01  2.000000e+01
   endloop
 endfacet
 facet normal  0.000000e+00  0.000000e+00  1.000000e+00
   outer loop
     vertex  8.888921e+01  4.727935e+01  2.000000e+01
     vertex  8.720873e+01  4.284829e+01  2.000000e+01
     vertex  1.132697e+02  0.000000e+00  2.000000e+01
   endloop
 endfacet
 facet normal  0.000000e+00  0.000000e+00  1.000000e+00
   outer loop
     vertex  6.743294e+01  7.149847e+01  2.000000e+01
     vertex  0.000000e+00  1.088470e+02  2.000000e+01
     vertex  6.283163e+01  7.036435e+01  2.000000e+01
   endloop
 endfacet
 facet normal  4.741428e-15  2.445003e-15  1.000000e+00
   outer loop
     vertex  8.946044e+01  5.198381e+01  2.000000e+01
     vertex  8.888921e+01  4.727935e+01  2.000000e+01
     vertex  1.132697e+02  0.000000e+00  2.000000e+01
   endloop
 endfacet
 facet normal  5.129854e-15 -2.397840e-15  1.000000e+00
   outer loop
     vertex  1.132697e+02  1.088470e+02  2.000000e+01
     vertex  8.888921e+01  5.668827e+01  2.000000e+01
     vertex  8.946044e+01  5.198381e+01  2.000000e+01
   endloop
 endfacet
 facet normal  0.000000e+00  0.000000e+00  1.000000e+00
   outer loop
     vertex  1.132697e+02  1.088470e+02  2.000000e+01
     vertex  8.720873e+01  6.111933e+01  2.000000e+01
     vertex  8.888921e+01  5.668827e+01  2.000000e+01
   endloop
 endfacet
 facet normal  0.000000e+00  0.000000e+00  1.000000e+00
   outer loop
     vertex  1.132697e+02  1.088470e+02  2.000000e+01
     vertex  8.451666e+01  6.501947e+01  2.000000e+01
     vertex  8.720873e+01  6.111933e+01  2.000000e+01
   endloop
 endfacet
 facet normal  0.000000e+00  0.000000e+00  1.000000e+00
   outer loop
     vertex  1.132697e+02  1.088470e+02  2.000000e+01
     vertex  8.096946e+01  6.816202e+01  2.000000e+01
     vertex  8.451666e+01  6.501947e+01  2.000000e+01
   endloop
 endfacet
 facet normal  0.000000e+00  0.000000e+00  1.000000e+00
   outer loop
     vertex  1.132697e+02  1.088470e+02  2.000000e+01
     vertex  7.677327e+01  7.036435e+01  2.000000e+01
     vertex  8.096946e+01  6.816202e+01  2.000000e+01
   endloop
 endfacet
 facet normal  0.000000e+00  0.000000e+00  1.000000e+00
   outer loop
     vertex  1.132697e+02  1.088470e+02  2.000000e+01
     vertex  7.217196e+01  7.149847e+01  2.000000e+01
     vertex  7.677327e+01  7.036435e+01  2.000000e+01
   endloop
 endfacet
 facet normal  0.000000e+00  0.000000e+00  1.000000e+00
   outer loop
     vertex  1.132697e+02  1.088470e+02  2.000000e+01
     vertex  6.743294e+01  7.149847e+01  2.000000e+01
     vertex  7.217196e+01  7.149847e+01  2.000000e+01
   endloop
 endfacet
 facet normal  0.000000e+00  0.000000e+00  1.000000e+00
   outer loop
     vertex  1.132697e+02  1.088470e+02  2.000000e+01
     vertex  0.000000e+00  1.088470e+02  2.000000e+01
     vertex  6.743294e+01  7.149847e+01  2.000000e+01
   endloop
 endfacet
 facet normal -5.968633e-16  0.000000e+00  1.000000e+00
   outer loop
     vertex  1.132697e+02  1.088470e+02  2.000000e+01
     vertex  8.946044e+01  5.198381e+01  2.000000e+01
     vertex  1.132697e+02  0.000000e+00  2.000000e+01
   endloop
 endfacet
 facet normal  0.000000e+00  1.000000e+00  0.000000e+00
   outer loop
     vertex  1.132697e+02  1.088470e+02  2.000000e+01
     vertex  1.132697e+02  1.088470e+02  0.000000e+00
     vertex  0.000000e+00  1.088470e+02  0.000000e+00
   endloop
 endfacet
 facet normal  0.000000e+00  1.000000e+00  0.000000e+00
   outer loop
     vertex  1.132697e+02  1.088470e+02  2.000000e+01
     vertex  0.000000e+00  1.088470e+02  0.000000e+00
     vertex  0.000000e+00  1.088470e+02  2.000000e+01
   endloop
 endfacet
 facet normal -0.000000e+00  0.000000e+00 -1.000000e+00
   outer loop
     vertex  6.431870e+01  4.403922e+01  0.000000e+00
     vertex  0.000000e+00  0.000000e+00  0.000000e+00
     vertex  6.257678e+01  4.558243e+01  0.000000e+00
   endloop
 endfacet
 facet normal  0.000000e+00 -0.000000e+00 -1.000000e+00
   outer loop
     vertex  6.125480e+01  4.749766e+01  0.000000e+00
     vertex  6.257678e+01  4.558243e+01  0.000000e+00
     vertex  0.000000e+00  0.000000e+00  0.000000e+00
   endloop
 endfacet
 facet normal -0.000000e+00  0.000000e+00 -1.000000e+00
   outer loop
     vertex  6.637931e+01  4.295773e+01  0.000000e+00
     vertex  0.000000e+00  0.000000e+00  0.000000e+00
     vertex  6.431870e+01  4.403922e+01  0.000000e+00
   endloop
 endfacet
 facet normal  0.000000e+00 -0.000000e+00 -1.000000e+00
   outer loop
     vertex  6.042957e+01  4.967360e+01  0.000000e+00
     vertex  6.125480e+01  4.749766e+01  0.000000e+00
     vertex  0.000000e+00  0.000000e+00  0.000000e+00
   endloop
 endfacet
 facet normal -0.000000e+00  0.000000e+00 -1.000000e+00
   outer loop
     vertex  6.863886e+01  4.240080e+01  0.000000e+00
     vertex  0.000000e+00  0.000000e+00  0.000000e+00
     vertex  6.637931e+01  4.295773e+01  0.000000e+00
   endloop
 endfacet
 facet normal -0.000000e+00  0.000000e+00 -1.000000e+00
   outer loop
     vertex  6.014906e+01  5.198381e+01  0.000000e+00
     vertex  0.000000e+00  0.000000e+00  0.000000e+00
     vertex  0.000000e+00  1.088470e+02  0.000000e+00
   endloop
 endfacet
 facet normal  0.000000e+00 -0.000000e+00 -1.000000e+00
   outer loop
     vertex  6.014906e+01  5.198381e+01  0.000000e+00
     vertex  6.042957e+01  4.967360e+01  0.000000e+00
     vertex  0.000000e+00  0.000000e+00  0.000000e+00
   endloop
 endfacet
 facet normal  0.000000e+00  0.000000e+00 -1.000000e+00
   outer loop
     vertex  1.132697e+02  0.000000e+00  0.000000e+00
     vertex  0.000000e+00  0.000000e+00  0.000000e+00
     vertex  6.863886e+01  4.240080e+01  0.000000e+00
   endloop
 endfacet
 facet normal -0.000000e+00 -0.000000e+00 -1.000000e+00
   outer loop
     vertex  7.096604e+01  4.240080e+01  0.000000e+00
     vertex  1.132697e+02  0.000000e+00  0.000000e+00
     vertex  6.863886e+01  4.240080e+01  0.000000e+00
   endloop
 endfacet
 facet normal -0.000000e+00  0.000000e+00 -1.000000e+00
   outer loop
     vertex  6.042957e+01  5.429402e+01  0.000000e+00
     vertex  6.014906e+01  5.198381e+01  0.000000e+00
     vertex  0.000000e+00  1.088470e+02  0.000000e+00
   endloop
 endfacet
 facet normal  0.000000e+00 -0.000000e+00 -1.000000e+00
   outer loop
     vertex  7.322559e+01  4.295773e+01  0.000000e+00
     vertex  1.132697e+02  0.000000e+00  0.000000e+00
     vertex  7.096604e+01  4.240080e+01  0.000000e+00
   endloop
 endfacet
 facet normal -0.000000e+00  0.000000e+00 -1.000000e+00
   outer loop
     vertex  6.125480e+01  5.646996e+01  0.000000e+00
     vertex  6.042957e+01  5.429402e+01  0.000000e+00
     vertex  0.000000e+00  1.088470e+02  0.000000e+00
   endloop
 endfacet
 facet normal  0.000000e+00 -0.000000e+00 -1.000000e+00
   outer loop
     vertex  7.528620e+01  4.403922e+01  0.000000e+00
     vertex  1.132697e+02  0.000000e+00  0.000000e+00
     vertex  7.322559e+01  4.295773e+01  0.000000e+00
   endloop
 endfacet
 facet normal -0.000000e+00  0.000000e+00 -1.000000e+00
   outer loop
     vertex  6.257678e+01  5.838519e+01  0.000000e+00
     vertex  6.125480e+01  5.646996e+01  0.000000e+00
     vertex  0.000000e+00  1.088470e+02  0.000000e+00
   endloop
 endfacet
 facet normal  0.000000e+00 -0.000000e+00 -1.000000e+00
   outer loop
     vertex  7.702812e+01  4.558243e+01  0.000000e+00
     vertex  1.132697e+02  0.000000e+00  0.000000e+00
     vertex  7.528620e+01  4.403922e+01  0.000000e+00
   endloop
 endfacet
 facet normal -0.000000e+00  0.000000e+00 -1.000000e+00
   outer loop
     vertex  6.431870e+01  5.992840e+01  0.000000e+00
     vertex  6.257678e+01  5.838519e+01  0.000000e+00
     vertex  0.000000e+00  1.088470e+02  0.000000e+00
   endloop
 endfacet
 facet normal  0.000000e+00 -0.000000e+00 -1.000000e+00
   outer loop
     vertex  7.835010e+01  4.749766e+01  0.000000e+00
     vertex  1.132697e+02  0.000000e+00  0.000000e+00
     vertex  7.702812e+01  4.558243e+01  0.000000e+00
   endloop
 endfacet
 facet normal -0.000000e+00  0.000000e+00 -1.000000e+00
   outer loop
     vertex  6.637931e+01  6.100989e+01  0.000000e+00
     vertex  6.431870e+01  5.992840e+01  0.000000e+00
     vertex  0.000000e+00  1.088470e+02  0.000000e+00
   endloop
 endfacet
 facet normal  0.000000e+00 -0.000000e+00 -1.000000e+00
   outer loop
     vertex  7.917533e+01  4.967360e+01  0.000000e+00
     vertex  1.132697e+02  0.000000e+00  0.000000e+00
     vertex  7.835010e+01  4.749766e+01  0.000000e+00
   endloop
 endfacet
 facet normal -0.000000e+00  0.000000e+00 -1.000000e+00
   outer loop
     vertex  6.863886e+01  6.156682e+01  0.000000e+00
     vertex  6.637931e+01  6.100989e+01  0.000000e+00
     vertex  0.000000e+00  1.088470e+02  0.000000e+00
   endloop
 endfacet
 facet normal -1.903755e-15 -1.306675e-15 -1.000000e+00
   outer loop
     vertex  7.945584e+01  5.198381e+01 -3.552714e-15
     vertex  1.132697e+02  0.000000e+00  0.000000e+00
     vertex  7.917533e+01  4.967360e+01  0.000000e+00
   endloop
 endfacet
 facet normal -2.060336e-15  1.287663e-15 -1.000000e+00
   outer loop
     vertex  1.132697e+02  1.088470e+02  0.000000e+00
     vertex  7.945584e+01  5.198381e+01 -3.552714e-15
     vertex  7.917533e+01  5.429402e+01  0.000000e+00
   endloop
 endfacet
 facet normal  0.000000e+00  0.000000e+00 -1.000000e+00
   outer loop
     vertex  1.132697e+02  1.088470e+02  0.000000e+00
     vertex  7.917533e+01  5.429402e+01  0.000000e+00
     vertex  7.835010e+01  5.646996e+01  0.000000e+00
   endloop
 endfacet
 facet normal  0.000000e+00  0.000000e+00 -1.000000e+00
   outer loop
     vertex  1.132697e+02  1.088470e+02  0.000000e+00
     vertex  7.835010e+01  5.646996e+01  0.000000e+00
     vertex  7.702812e+01  5.838519e+01  0.000000e+00
   endloop
 endfacet
 facet normal  0.000000e+00  0.000000e+00 -1.000000e+00
   outer loop
     vertex  1.132697e+02  1.088470e+02  0.000000e+00
     vertex  7.702812e+01  5.838519e+01  0.000000e+00
     vertex  7.528620e+01  5.992840e+01  0.000000e+00
   endloop
 endfacet
 facet normal  0.000000e+00  0.000000e+00 -1.000000e+00
   outer loop
     vertex  1.132697e+02  1.088470e+02  0.000000e+00
     vertex  7.528620e+01  5.992840e+01  0.000000e+00
     vertex  7.322559e+01  6.100989e+01  0.000000e+00
   endloop
 endfacet
 facet normal  0.000000e+00  0.000000e+00 -1.000000e+00
   outer loop
     vertex  1.132697e+02  1.088470e+02  0.000000e+00
     vertex  7.322559e+01  6.100989e+01  0.000000e+00
     vertex  7.096604e+01  6.156682e+01  0.000000e+00
   endloop
 endfacet
 facet normal  0.000000e+00  0.000000e+00 -1.000000e+00
   outer loop
     vertex  1.132697e+02  1.088470e+02  0.000000e+00
     vertex  7.096604e+01  6.156682e+01  0.000000e+00
     vertex  6.863886e+01  6.156682e+01  0.000000e+00
   endloop
 endfacet
 facet normal -0.000000e+00  0.000000e+00 -1.000000e+00
   outer loop
     vertex  1.132697e+02  1.088470e+02  0.000000e+00
     vertex  6.863886e+01  6.156682e+01  0.000000e+00
     vertex  0.000000e+00  1.088470e+02  0.000000e+00
   endloop
 endfacet
 facet normal  1.050669e-16  0.000000e+00 -1.000000e+00
   outer loop
     vertex  1.132697e+02  1.088470e+02  0.000000e+00
     vertex  1.132697e+02  0.000000e+00  0.000000e+00
     vertex  7.945584e+01  5.198381e+01 -3.552714e-15
   endloop
 endfacet
 facet normal  1.000000e+00  0.000000e+00  0.000000e+00
   outer loop
     vertex  1.132697e+02  0.000000e+00  2.000000e+01
     vertex  1.132697e+02  0.000000e+00  0.000000e+00
     vertex  1.132697e+02  1.088470e+02  0.000000e+00
   endloop
 endfacet
 facet normal  1.000000e+00 -0.000000e+00  0.000000e+00
   outer loop
     vertex  1.132697e+02  0.000000e+00  2.000000e+01
     vertex  1.132697e+02  1.088470e+02  0.000000e+00
     vertex  1.132697e+02  1.088470e+02  2.000000e+01
   endloop
 endfacet
 facet normal  9.661124e-01  5.843904e-02  2.514192e-01
   outer loop
     vertex  8.813300e+01  5.420954e+01  2.458352e+01
     vertex  8.826763e+01  5.198381e+01  2.458352e+01
     vertex  8.946044e+01  5.198381e+01  2.000000e+01
   endloop
 endfacet
 facet normal  8.792440e-01  5.318447e-02  4.733934e-01
   outer loop
     vertex  8.813300e+01  5.420954e+01  2.458352e+01
     vertex  8.602237e+01  5.198381e+01  2.875369e+01
     vertex  8.826763e+01  5.198381e+01  2.458352e+01
   endloop
 endfacet
 facet normal  9.676673e-01  1.174961e-01  2.231918e-01
   outer loop
     vertex  8.813300e+01  5.420954e+01  2.458352e+01
     vertex  8.946044e+01  5.198381e+01  2.000000e+01
     vertex  8.888921e+01  5.668827e+01  2.000000e+01
   endloop
 endfacet
 facet normal  9.326178e-01  2.298696e-01  2.781799e-01
   outer loop
     vertex  8.706769e+01  5.853165e+01  2.458352e+01
     vertex  8.813300e+01  5.420954e+01  2.458352e+01
     vertex  8.888921e+01  5.668827e+01  2.000000e+01
   endloop
 endfacet
 facet normal  9.114300e-01  3.456598e-01  2.231918e-01
   outer loop
     vertex  8.706769e+01  5.853165e+01  2.458352e+01
     vertex  8.888921e+01  5.668827e+01  2.000000e+01
     vertex  8.720873e+01  6.111933e+01  2.000000e+01
   endloop
 endfacet
 facet normal  8.022237e-01  5.537351e-01  2.231918e-01
   outer loop
     vertex  8.499899e+01  6.247323e+01  2.458352e+01
     vertex  8.720873e+01  6.111933e+01  2.000000e+01
     vertex  8.451666e+01  6.501947e+01  2.000000e+01
   endloop
 endfacet
 facet normal  8.505062e-01  4.463801e-01  2.781799e-01
   outer loop
     vertex  8.499899e+01  6.247323e+01  2.458352e+01
     vertex  8.706769e+01  5.853165e+01  2.458352e+01
     vertex  8.720873e+01  6.111933e+01  2.000000e+01
   endloop
 endfacet
 facet normal  8.636410e-01  1.048650e-01  4.930796e-01
   outer loop
     vertex  8.555105e+01  5.586549e+01  2.875369e+01
     vertex  8.602237e+01  5.198381e+01  2.875369e+01
     vertex  8.813300e+01  5.420954e+01  2.458352e+01
   endloop
 endfacet
 facet normal  8.663039e-01  2.135247e-01  4.515802e-01
   outer loop
     vertex  8.555105e+01  5.586549e+01  2.875369e+01
     vertex  8.813300e+01  5.420954e+01  2.458352e+01
     vertex  8.706769e+01  5.853165e+01  2.458352e+01
   endloop
 endfacet
 facet normal  6.463951e-01  7.296292e-01  2.231918e-01
   outer loop
     vertex  8.204713e+01  6.580520e+01  2.458352e+01
     vertex  8.451666e+01  6.501947e+01  2.000000e+01
     vertex  8.096946e+01  6.816202e+01  2.000000e+01
   endloop
 endfacet
 facet normal  7.189663e-01  6.369485e-01  2.781799e-01
   outer loop
     vertex  8.204713e+01  6.580520e+01  2.458352e+01
     vertex  8.499899e+01  6.247323e+01  2.458352e+01
     vertex  8.451666e+01  6.501947e+01  2.000000e+01
   endloop
 endfacet
 facet normal  7.900309e-01  4.146402e-01  4.515802e-01
   outer loop
     vertex  8.416448e+01  5.952158e+01  2.875369e+01
     vertex  8.706769e+01  5.853165e+01  2.458352e+01
     vertex  8.499899e+01  6.247323e+01  2.458352e+01
   endloop
 endfacet
 facet normal  8.134493e-01  3.085006e-01  4.930796e-01
   outer loop
     vertex  8.416448e+01  5.952158e+01  2.875369e+01
     vertex  8.555105e+01  5.586549e+01  2.875369e+01
     vertex  8.706769e+01  5.853165e+01  2.458352e+01
   endloop
 endfacet
 facet normal  7.422798e-01  4.489966e-02  6.685841e-01
   outer loop
     vertex  8.275748e+01  5.355684e+01  3.227282e+01
     vertex  8.285263e+01  5.198381e+01  3.227282e+01
     vertex  8.602237e+01  5.198381e+01  2.875369e+01
   endloop
 endfacet
 facet normal  5.628915e-01  3.404866e-02  8.258292e-01
   outer loop
     vertex  8.275748e+01  5.355684e+01  3.227282e+01
     vertex  7.893908e+01  5.198381e+01  3.494032e+01
     vertex  8.285263e+01  5.198381e+01  3.227282e+01
   endloop
 endfacet
 facet normal  7.500140e-01  9.106819e-02  6.551226e-01
   outer loop
     vertex  8.275748e+01  5.355684e+01  3.227282e+01
     vertex  8.602237e+01  5.198381e+01  2.875369e+01
     vertex  8.555105e+01  5.586549e+01  2.875369e+01
   endloop
 endfacet
 facet normal  5.456427e-01  7.904999e-01  2.781799e-01
   outer loop
     vertex  7.838365e+01  6.833391e+01  2.458352e+01
     vertex  8.204713e+01  6.580520e+01  2.458352e+01
     vertex  8.096946e+01  6.816202e+01  2.000000e+01
   endloop
 endfacet
 facet normal  4.530003e-01  8.631200e-01  2.231918e-01
   outer loop
     vertex  7.838365e+01  6.833391e+01  2.458352e+01
     vertex  8.096946e+01  6.816202e+01  2.000000e+01
     vertex  7.677327e+01  7.036435e+01  2.000000e+01
   endloop
 endfacet
 facet normal  6.678441e-01  5.916583e-01  4.515802e-01
   outer loop
     vertex  8.194324e+01  6.273961e+01  2.875369e+01
     vertex  8.499899e+01  6.247323e+01  2.458352e+01
     vertex  8.204713e+01  6.580520e+01  2.458352e+01
   endloop
 endfacet
 facet normal  7.159829e-01  4.942073e-01  4.930796e-01
   outer loop
     vertex  8.194324e+01  6.273961e+01  2.875369e+01
     vertex  8.416448e+01  5.952158e+01  2.875369e+01
     vertex  8.499899e+01  6.247323e+01  2.458352e+01
   endloop
 endfacet
 facet normal  7.064259e-01  2.679120e-01  6.551226e-01
   outer loop
     vertex  8.200458e+01  5.661147e+01  3.227282e+01
     vertex  8.555105e+01  5.586549e+01  2.875369e+01
     vertex  8.416448e+01  5.952158e+01  2.875369e+01
   endloop
 endfacet
 facet normal  7.117895e-01  1.754403e-01  6.801297e-01
   outer loop
     vertex  8.200458e+01  5.661147e+01  3.227282e+01
     vertex  8.275748e+01  5.355684e+01  3.227282e+01
     vertex  8.555105e+01  5.586549e+01  2.875369e+01
   endloop
 endfacet
 facet normal  2.332788e-01  9.464494e-01  2.231918e-01
   outer loop
     vertex  7.422146e+01  6.991242e+01  2.458352e+01
     vertex  7.677327e+01  7.036435e+01  2.000000e+01
     vertex  7.217196e+01  7.149847e+01  2.000000e+01
   endloop
 endfacet
 facet normal  3.406083e-01  8.981102e-01  2.781799e-01
   outer loop
     vertex  7.422146e+01  6.991242e+01  2.458352e+01
     vertex  7.838365e+01  6.833391e+01  2.458352e+01
     vertex  7.677327e+01  7.036435e+01  2.000000e+01
   endloop
 endfacet
 facet normal  5.769062e-01  6.511925e-01  4.930796e-01
   outer loop
     vertex  7.901642e+01  6.533254e+01  2.875369e+01
     vertex  8.194324e+01  6.273961e+01  2.875369e+01
     vertex  8.204713e+01  6.580520e+01  2.458352e+01
   endloop
 endfacet
 facet normal  5.068447e-01  7.342913e-01  4.515802e-01
   outer loop
     vertex  7.901642e+01  6.533254e+01  2.875369e+01
     vertex  8.204713e+01  6.580520e+01  2.458352e+01
     vertex  7.838365e+01  6.833391e+01  2.458352e+01
   endloop
 endfacet
 facet normal  6.491205e-01  3.406847e-01  6.801297e-01
   outer loop
     vertex  8.054254e+01  5.939716e+01  3.227282e+01
     vertex  8.200458e+01  5.661147e+01  3.227282e+01
     vertex  8.416448e+01  5.952158e+01  2.875369e+01
   endloop
 endfacet
 facet normal  6.217829e-01  4.291858e-01  6.551226e-01
   outer loop
     vertex  8.054254e+01  5.939716e+01  3.227282e+01
     vertex  8.416448e+01  5.952158e+01  2.875369e+01
     vertex  8.194324e+01  6.273961e+01  2.875369e+01
   endloop
 endfacet
 facet normal  5.560465e-01  1.370531e-01  8.197736e-01
   outer loop
     vertex  7.867359e+01  5.417035e+01  3.494032e+01
     vertex  8.275748e+01  5.355684e+01  3.227282e+01
     vertex  8.200458e+01  5.661147e+01  3.227282e+01
   endloop
 endfacet
 facet normal  5.526711e-01  6.710642e-02  8.306933e-01
   outer loop
     vertex  7.867359e+01  5.417035e+01  3.494032e+01
     vertex  7.893908e+01  5.198381e+01  3.494032e+01
     vertex  8.275748e+01  5.355684e+01  3.227282e+01
   endloop
 endfacet
 facet normal  0.000000e+00  9.747745e-01  2.231918e-01
   outer loop
     vertex  6.980245e+01  7.044899e+01  2.458352e+01
     vertex  7.217196e+01  7.149847e+01  2.000000e+01
     vertex  6.743294e+01  7.149847e+01  2.000000e+01
   endloop
 endfacet
 facet normal  1.157790e-01  9.535257e-01  2.781799e-01
   outer loop
     vertex  6.980245e+01  7.044899e+01  2.458352e+01
     vertex  7.422146e+01  6.991242e+01  2.458352e+01
     vertex  7.217196e+01  7.149847e+01  2.000000e+01
   endloop
 endfacet
 facet normal  4.043018e-01  7.703327e-01  4.930796e-01
   outer loop
     vertex  7.555411e+01  6.714970e+01  2.875369e+01
     vertex  7.901642e+01  6.533254e+01  2.875369e+01
     vertex  7.838365e+01  6.833391e+01  2.458352e+01
   endloop
 endfacet
 facet normal  3.163893e-01  8.342500e-01  4.515802e-01
   outer loop
     vertex  7.555411e+01  6.714970e+01  2.875369e+01
     vertex  7.838365e+01  6.833391e+01  2.458352e+01
     vertex  7.422146e+01  6.991242e+01  2.458352e+01
   endloop
 endfacet
 facet normal  5.010042e-01  5.655168e-01  6.551226e-01
   outer loop
     vertex  7.845632e+01  6.175201e+01  3.227282e+01
     vertex  8.194324e+01  6.273961e+01  2.875369e+01
     vertex  7.901642e+01  6.533254e+01  2.875369e+01
   endloop
 endfacet
 facet normal  5.487271e-01  4.861298e-01  6.801297e-01
   outer loop
     vertex  7.845632e+01  6.175201e+01  3.227282e+01
     vertex  8.054254e+01  5.939716e+01  3.227282e+01
     vertex  8.194324e+01  6.273961e+01  2.875369e+01
   endloop
 endfacet
 facet normal  5.205518e-01  1.974193e-01  8.306933e-01
   outer loop
     vertex  7.789254e+01  5.622981e+01  3.494032e+01
     vertex  7.867359e+01  5.417035e+01  3.494032e+01
     vertex  8.200458e+01  5.661147e+01  3.227282e+01
   endloop
 endfacet
 facet normal  5.070898e-01  2.661413e-01  8.197736e-01
   outer loop
     vertex  7.789254e+01  5.622981e+01  3.494032e+01
     vertex  8.200458e+01  5.661147e+01  3.227282e+01
     vertex  8.054254e+01  5.939716e+01  3.227282e+01
   endloop
 endfacet
 facet normal -2.332788e-01  9.464494e-01  2.231918e-01
   outer loop
     vertex  6.538344e+01  6.991242e+01  2.458352e+01
     vertex  6.743294e+01  7.149847e+01  2.000000e+01
     vertex  6.283163e+01  7.036435e+01  2.000000e+01
   endloop
 endfacet
 facet normal -1.157790e-01  9.535257e-01  2.781799e-01
   outer loop
     vertex  6.538344e+01  6.991242e+01  2.458352e+01
     vertex  6.980245e+01  7.044899e+01  2.458352e+01
     vertex  6.743294e+01  7.149847e+01  2.000000e+01
   endloop
 endfacet
 facet normal  3.512262e-01  2.124527e-02  9.360496e-01
   outer loop
     vertex  7.447049e+01  5.255061e+01  3.660417e+01
     vertex  7.450477e+01  5.198381e+01  3.660417e+01
     vertex  7.893908e+01  5.198381e+01  3.494032e+01
   endloop
 endfacet
 facet normal  1.193666e-01  7.220349e-03  9.928240e-01
   outer loop
     vertex  7.447049e+01  5.255061e+01  3.660417e+01
     vertex  6.980245e+01  5.198381e+01  3.716953e+01
     vertex  7.450477e+01  5.198381e+01  3.660417e+01
   endloop
 endfacet
 facet normal  3.533935e-01  4.290974e-02  9.344901e-01
   outer loop
     vertex  7.447049e+01  5.255061e+01  3.660417e+01
     vertex  7.893908e+01  5.198381e+01  3.494032e+01
     vertex  7.867359e+01  5.417035e+01  3.494032e+01
   endloop
 endfacet
 facet normal  2.082008e-01  8.447040e-01  4.930796e-01
   outer loop
     vertex  7.175755e+01  6.808547e+01  2.875369e+01
     vertex  7.555411e+01  6.714970e+01  2.875369e+01
     vertex  7.422146e+01  6.991242e+01  2.458352e+01
   endloop
 endfacet
 facet normal  1.075465e-01  8.857252e-01  4.515802e-01
   outer loop
     vertex  7.175755e+01  6.808547e+01  2.875369e+01
     vertex  7.422146e+01  6.991242e+01  2.458352e+01
     vertex  6.980245e+01  7.044899e+01  2.458352e+01
   endloop
 endfacet
 facet normal  3.511089e-01  6.689821e-01  6.551226e-01
   outer loop
     vertex  7.586717e+01  6.353917e+01  3.227282e+01
     vertex  7.901642e+01  6.533254e+01  2.875369e+01
     vertex  7.555411e+01  6.714970e+01  2.875369e+01
   endloop
 endfacet
 facet normal  4.164436e-01  6.033227e-01  6.801297e-01
   outer loop
     vertex  7.586717e+01  6.353917e+01  3.227282e+01
     vertex  7.845632e+01  6.175201e+01  3.227282e+01
     vertex  7.901642e+01  6.533254e+01  2.875369e+01
   endloop
 endfacet
 facet normal  4.286629e-01  3.797622e-01  8.197736e-01
   outer loop
     vertex  7.664132e+01  5.804252e+01  3.494032e+01
     vertex  8.054254e+01  5.939716e+01  3.227282e+01
     vertex  7.845632e+01  6.175201e+01  3.227282e+01
   endloop
 endfacet
 facet normal  4.581800e-01  3.162588e-01  8.306933e-01
   outer loop
     vertex  7.664132e+01  5.804252e+01  3.494032e+01
     vertex  7.789254e+01  5.622981e+01  3.494032e+01
     vertex  8.054254e+01  5.939716e+01  3.227282e+01
   endloop
 endfacet
 facet normal -4.530003e-01  8.631200e-01  2.231918e-01
   outer loop
     vertex  6.122125e+01  6.833391e+01  2.458352e+01
     vertex  6.283163e+01  7.036435e+01  2.000000e+01
     vertex  5.863544e+01  6.816202e+01  2.000000e+01
   endloop
 endfacet
 facet normal -3.406083e-01  8.981102e-01  2.781799e-01
   outer loop
     vertex  6.122125e+01  6.833391e+01  2.458352e+01
     vertex  6.538344e+01  6.991242e+01  2.458352e+01
     vertex  6.283163e+01  7.036435e+01  2.000000e+01
   endloop
 endfacet
 facet normal  1.167400e-01  2.877383e-02  9.927456e-01
   outer loop
     vertex  7.419920e+01  5.365128e+01  3.660417e+01
     vertex  6.980245e+01  5.198381e+01  3.716953e+01
     vertex  7.447049e+01  5.255061e+01  3.660417e+01
   endloop
 endfacet
 facet normal  3.387998e-01  8.350666e-02  9.371453e-01
   outer loop
     vertex  7.419920e+01  5.365128e+01  3.660417e+01
     vertex  7.447049e+01  5.255061e+01  3.660417e+01
     vertex  7.867359e+01  5.417035e+01  3.494032e+01
   endloop
 endfacet
 facet normal  3.328555e-01  1.262355e-01  9.344901e-01
   outer loop
     vertex  7.419920e+01  5.365128e+01  3.660417e+01
     vertex  7.867359e+01  5.417035e+01  3.494032e+01
     vertex  7.789254e+01  5.622981e+01  3.494032e+01
   endloop
 endfacet
 facet normal -0.000000e+00  8.699842e-01  4.930796e-01
   outer loop
     vertex  6.784735e+01  6.808547e+01  2.875369e+01
     vertex  7.175755e+01  6.808547e+01  2.875369e+01
     vertex  6.980245e+01  7.044899e+01  2.458352e+01
   endloop
 endfacet
 facet normal -1.075465e-01  8.857252e-01  4.515802e-01
   outer loop
     vertex  6.784735e+01  6.808547e+01  2.875369e+01
     vertex  6.980245e+01  7.044899e+01  2.458352e+01
     vertex  6.538344e+01  6.991242e+01  2.458352e+01
   endloop
 endfacet
 facet normal  1.808084e-01  7.335685e-01  6.551226e-01
   outer loop
     vertex  7.292556e+01  6.465478e+01  3.227282e+01
     vertex  7.555411e+01  6.714970e+01  2.875369e+01
     vertex  7.175755e+01  6.808547e+01  2.875369e+01
   endloop
 endfacet
 facet normal  2.599579e-01  6.854527e-01  6.801297e-01
   outer loop
     vertex  7.292556e+01  6.465478e+01  3.227282e+01
     vertex  7.586717e+01  6.353917e+01  3.227282e+01
     vertex  7.555411e+01  6.714970e+01  2.875369e+01
   endloop
 endfacet
 facet normal  3.691804e-01  4.167186e-01  8.306933e-01
   outer loop
     vertex  7.499265e+01  5.950311e+01  3.494032e+01
     vertex  7.664132e+01  5.804252e+01  3.494032e+01
     vertex  7.845632e+01  6.175201e+01  3.227282e+01
   endloop
 endfacet
 facet normal  3.253237e-01  4.713128e-01  8.197736e-01
   outer loop
     vertex  7.499265e+01  5.950311e+01  3.494032e+01
     vertex  7.845632e+01  6.175201e+01  3.227282e+01
     vertex  7.586717e+01  6.353917e+01  3.227282e+01
   endloop
 endfacet
 facet normal -6.463951e-01  7.296292e-01  2.231918e-01
   outer loop
     vertex  5.755777e+01  6.580520e+01  2.458352e+01
     vertex  5.863544e+01  6.816202e+01  2.000000e+01
     vertex  5.508824e+01  6.501947e+01  2.000000e+01
   endloop
 endfacet
 facet normal -5.456427e-01  7.904999e-01  2.781799e-01
   outer loop
     vertex  5.755777e+01  6.580520e+01  2.458352e+01
     vertex  6.122125e+01  6.833391e+01  2.458352e+01
     vertex  5.863544e+01  6.816202e+01  2.000000e+01
   endloop
 endfacet
 facet normal  1.064618e-01  5.587544e-02  9.927456e-01
   outer loop
     vertex  7.367239e+01  5.465503e+01  3.660417e+01
     vertex  6.980245e+01  5.198381e+01  3.716953e+01
     vertex  7.419920e+01  5.365128e+01  3.660417e+01
   endloop
 endfacet
 facet normal  2.929732e-01  2.022248e-01  9.344901e-01
   outer loop
     vertex  7.367239e+01  5.465503e+01  3.660417e+01
     vertex  7.789254e+01  5.622981e+01  3.494032e+01
     vertex  7.664132e+01  5.804252e+01  3.494032e+01
   endloop
 endfacet
 facet normal  3.089705e-01  1.621602e-01  9.371453e-01
   outer loop
     vertex  7.367239e+01  5.465503e+01  3.660417e+01
     vertex  7.419920e+01  5.365128e+01  3.660417e+01
     vertex  7.789254e+01  5.622981e+01  3.494032e+01
   endloop
 endfacet
 facet normal -3.163893e-01  8.342500e-01  4.515802e-01
   outer loop
     vertex  6.405079e+01  6.714970e+01  2.875369e+01
     vertex  6.538344e+01  6.991242e+01  2.458352e+01
     vertex  6.122125e+01  6.833391e+01  2.458352e+01
   endloop
 endfacet
 facet normal -2.082008e-01  8.447040e-01  4.930796e-01
   outer loop
     vertex  6.405079e+01  6.714970e+01  2.875369e+01
     vertex  6.784735e+01  6.808547e+01  2.875369e+01
     vertex  6.538344e+01  6.991242e+01  2.458352e+01
   endloop
 endfacet
 facet normal  0.000000e+00  7.555226e-01  6.551226e-01
   outer loop
     vertex  6.980245e+01  6.503399e+01  3.227282e+01
     vertex  7.175755e+01  6.808547e+01  2.875369e+01
     vertex  6.784735e+01  6.808547e+01  2.875369e+01
   endloop
 endfacet
 facet normal  8.836445e-02  7.277467e-01  6.801297e-01
   outer loop
     vertex  6.980245e+01  6.503399e+01  3.227282e+01
     vertex  7.292556e+01  6.465478e+01  3.227282e+01
     vertex  7.175755e+01  6.808547e+01  2.875369e+01
   endloop
 endfacet
 facet normal  2.030779e-01  5.354723e-01  8.197736e-01
   outer loop
     vertex  7.304234e+01  6.052671e+01  3.494032e+01
     vertex  7.586717e+01  6.353917e+01  3.227282e+01
     vertex  7.292556e+01  6.465478e+01  3.227282e+01
   endloop
 endfacet
 facet normal  2.587254e-01  4.929602e-01  8.306933e-01
   outer loop
     vertex  7.304234e+01  6.052671e+01  3.494032e+01
     vertex  7.499265e+01  5.950311e+01  3.494032e+01
     vertex  7.586717e+01  6.353917e+01  3.227282e+01
   endloop
 endfacet
 facet normal -8.022237e-01  5.537351e-01  2.231918e-01
   outer loop
     vertex  5.460591e+01  6.247323e+01  2.458352e+01
     vertex  5.508824e+01  6.501947e+01  2.000000e+01
     vertex  5.239617e+01  6.111933e+01  2.000000e+01
   endloop
 endfacet
 facet normal -7.189663e-01  6.369485e-01  2.781799e-01
   outer loop
     vertex  5.460591e+01  6.247323e+01  2.458352e+01
     vertex  5.755777e+01  6.580520e+01  2.458352e+01
     vertex  5.508824e+01  6.501947e+01  2.000000e+01
   endloop
 endfacet
 facet normal  2.360644e-01  2.664616e-01  9.344901e-01
   outer loop
     vertex  7.292067e+01  5.550355e+01  3.660417e+01
     vertex  7.664132e+01  5.804252e+01  3.494032e+01
     vertex  7.499265e+01  5.950311e+01  3.494032e+01
   endloop
 endfacet
 facet normal  8.999630e-02  7.972976e-02  9.927456e-01
   outer loop
     vertex  7.292067e+01  5.550355e+01  3.660417e+01
     vertex  6.980245e+01  5.198381e+01  3.716953e+01
     vertex  7.367239e+01  5.465503e+01  3.660417e+01
   endloop
 endfacet
 facet normal  2.611849e-01  2.313896e-01  9.371453e-01
   outer loop
     vertex  7.292067e+01  5.550355e+01  3.660417e+01
     vertex  7.367239e+01  5.465503e+01  3.660417e+01
     vertex  7.664132e+01  5.804252e+01  3.494032e+01
   endloop
 endfacet
 facet normal -4.043018e-01  7.703327e-01  4.930796e-01
   outer loop
     vertex  6.058848e+01  6.533254e+01  2.875369e+01
     vertex  6.405079e+01  6.714970e+01  2.875369e+01
     vertex  6.122125e+01  6.833391e+01  2.458352e+01
   endloop
 endfacet
 facet normal -5.068447e-01  7.342913e-01  4.515802e-01
   outer loop
     vertex  6.058848e+01  6.533254e+01  2.875369e+01
     vertex  6.122125e+01  6.833391e+01  2.458352e+01
     vertex  5.755777e+01  6.580520e+01  2.458352e+01
   endloop
 endfacet
 facet normal -8.836445e-02  7.277467e-01  6.801297e-01
   outer loop
     vertex  6.667934e+01  6.465478e+01  3.227282e+01
     vertex  6.980245e+01  6.503399e+01  3.227282e+01
     vertex  6.784735e+01  6.808547e+01  2.875369e+01
   endloop
 endfacet
 facet normal -1.808084e-01  7.335685e-01  6.551226e-01
   outer loop
     vertex  6.667934e+01  6.465478e+01  3.227282e+01
     vertex  6.784735e+01  6.808547e+01  2.875369e+01
     vertex  6.405079e+01  6.714970e+01  2.875369e+01
   endloop
 endfacet
 facet normal  6.902988e-02  5.685122e-01  8.197736e-01
   outer loop
     vertex  7.090375e+01  6.105383e+01  3.494032e+01
     vertex  7.292556e+01  6.465478e+01  3.227282e+01
     vertex  6.980245e+01  6.503399e+01  3.227282e+01
   endloop
 endfacet
 facet normal  1.332343e-01  5.405527e-01  8.306933e-01
   outer loop
     vertex  7.090375e+01  6.105383e+01  3.494032e+01
     vertex  7.304234e+01  6.052671e+01  3.494032e+01
     vertex  7.292556e+01  6.465478e+01  3.227282e+01
   endloop
 endfacet
 facet normal -9.114300e-01  3.456598e-01  2.231918e-01
   outer loop
     vertex  5.253721e+01  5.853165e+01  2.458352e+01
     vertex  5.239617e+01  6.111933e+01  2.000000e+01
     vertex  5.071569e+01  5.668827e+01  2.000000e+01
   endloop
 endfacet
 facet normal -8.505062e-01  4.463801e-01  2.781799e-01
   outer loop
     vertex  5.253721e+01  5.853165e+01  2.458352e+01
     vertex  5.460591e+01  6.247323e+01  2.458352e+01
     vertex  5.239617e+01  6.111933e+01  2.000000e+01
   endloop
 endfacet
 facet normal  6.830059e-02  9.895049e-02  9.927456e-01
   outer loop
     vertex  7.198773e+01  5.614751e+01  3.660417e+01
     vertex  6.980245e+01  5.198381e+01  3.716953e+01
     vertex  7.292067e+01  5.550355e+01  3.660417e+01
   endloop
 endfacet
 facet normal  1.654364e-01  3.152126e-01  9.344901e-01
   outer loop
     vertex  7.198773e+01  5.614751e+01  3.660417e+01
     vertex  7.499265e+01  5.950311e+01  3.494032e+01
     vertex  7.304234e+01  6.052671e+01  3.494032e+01
   endloop
 endfacet
 facet normal  1.982202e-01  2.871715e-01  9.371453e-01
   outer loop
     vertex  7.198773e+01  5.614751e+01  3.660417e+01
     vertex  7.292067e+01  5.550355e+01  3.660417e+01
     vertex  7.499265e+01  5.950311e+01  3.494032e+01
   endloop
 endfacet
 facet normal -5.769062e-01  6.511925e-01  4.930796e-01
   outer loop
     vertex  5.766166e+01  6.273961e+01  2.875369e+01
     vertex  6.058848e+01  6.533254e+01  2.875369e+01
     vertex  5.755777e+01  6.580520e+01  2.458352e+01
   endloop
 endfacet
 facet normal -6.678441e-01  5.916583e-01  4.515802e-01
   outer loop
     vertex  5.766166e+01  6.273961e+01  2.875369e+01
     vertex  5.755777e+01  6.580520e+01  2.458352e+01
     vertex  5.460591e+01  6.247323e+01  2.458352e+01
   endloop
 endfacet
 facet normal -3.511089e-01  6.689821e-01  6.551226e-01
   outer loop
     vertex  6.373773e+01  6.353917e+01  3.227282e+01
     vertex  6.405079e+01  6.714970e+01  2.875369e+01
     vertex  6.058848e+01  6.533254e+01  2.875369e+01
   endloop
 endfacet
 facet normal -2.599579e-01  6.854527e-01  6.801297e-01
   outer loop
     vertex  6.373773e+01  6.353917e+01  3.227282e+01
     vertex  6.667934e+01  6.465478e+01  3.227282e+01
     vertex  6.405079e+01  6.714970e+01  2.875369e+01
   endloop
 endfacet
 facet normal -6.902988e-02  5.685122e-01  8.197736e-01
   outer loop
     vertex  6.870115e+01  6.105383e+01  3.494032e+01
     vertex  6.980245e+01  6.503399e+01  3.227282e+01
     vertex  6.667934e+01  6.465478e+01  3.227282e+01
   endloop
 endfacet
 facet normal -0.000000e+00  5.567303e-01  8.306933e-01
   outer loop
     vertex  6.870115e+01  6.105383e+01  3.494032e+01
     vertex  7.090375e+01  6.105383e+01  3.494032e+01
     vertex  6.980245e+01  6.503399e+01  3.227282e+01
   endloop
 endfacet
 facet normal -9.676673e-01  1.174961e-01  2.231918e-01
   outer loop
     vertex  5.147190e+01  5.420954e+01  2.458352e+01
     vertex  5.071569e+01  5.668827e+01  2.000000e+01
     vertex  5.014446e+01  5.198381e+01  2.000000e+01
   endloop
 endfacet
 facet normal -9.326178e-01  2.298696e-01  2.781799e-01
   outer loop
     vertex  5.147190e+01  5.420954e+01  2.458352e+01
     vertex  5.253721e+01  5.853165e+01  2.458352e+01
     vertex  5.071569e+01  5.668827e+01  2.000000e+01
   endloop
 endfacet
 facet normal  4.263550e-02  1.124206e-01  9.927456e-01
   outer loop
     vertex  7.092779e+01  5.654949e+01  3.660417e+01
     vertex  6.980245e+01  5.198381e+01  3.716953e+01
     vertex  7.198773e+01  5.614751e+01  3.660417e+01
   endloop
 endfacet
 facet normal  8.519375e-02  3.456446e-01  9.344901e-01
   outer loop
     vertex  7.092779e+01  5.654949e+01  3.660417e+01
     vertex  7.304234e+01  6.052671e+01  3.494032e+01
     vertex  7.090375e+01  6.105383e+01  3.494032e+01
   endloop
 endfacet
 facet normal  1.237356e-01  3.262640e-01  9.371453e-01
   outer loop
     vertex  7.092779e+01  5.654949e+01  3.660417e+01
     vertex  7.198773e+01  5.614751e+01  3.660417e+01
     vertex  7.304234e+01  6.052671e+01  3.494032e+01
   endloop
 endfacet
 facet normal -7.900309e-01  4.146402e-01  4.515802e-01
   outer loop
     vertex  5.544042e+01  5.952158e+01  2.875369e+01
     vertex  5.460591e+01  6.247323e+01  2.458352e+01
     vertex  5.253721e+01  5.853165e+01  2.458352e+01
   endloop
 endfacet
 facet normal -7.159829e-01  4.942073e-01  4.930796e-01
   outer loop
     vertex  5.544042e+01  5.952158e+01  2.875369e+01
     vertex  5.766166e+01  6.273961e+01  2.875369e+01
     vertex  5.460591e+01  6.247323e+01  2.458352e+01
   endloop
 endfacet
 facet normal -5.010042e-01  5.655168e-01  6.551226e-01
   outer loop
     vertex  6.114858e+01  6.175201e+01  3.227282e+01
     vertex  6.058848e+01  6.533254e+01  2.875369e+01
     vertex  5.766166e+01  6.273961e+01  2.875369e+01
   endloop
 endfacet
 facet normal -4.164436e-01  6.033227e-01  6.801297e-01
   outer loop
     vertex  6.114858e+01  6.175201e+01  3.227282e+01
     vertex  6.373773e+01  6.353917e+01  3.227282e+01
     vertex  6.058848e+01  6.533254e+01  2.875369e+01
   endloop
 endfacet
 facet normal -1.332343e-01  5.405527e-01  8.306933e-01
   outer loop
     vertex  6.656256e+01  6.052671e+01  3.494032e+01
     vertex  6.870115e+01  6.105383e+01  3.494032e+01
     vertex  6.667934e+01  6.465478e+01  3.227282e+01
   endloop
 endfacet
 facet normal -2.030779e-01  5.354723e-01  8.197736e-01
   outer loop
     vertex  6.656256e+01  6.052671e+01  3.494032e+01
     vertex  6.667934e+01  6.465478e+01  3.227282e+01
     vertex  6.373773e+01  6.353917e+01  3.227282e+01
   endloop
 endfacet
 facet normal -9.676673e-01 -1.174961e-01  2.231918e-01
   outer loop
     vertex  5.147190e+01  4.975808e+01  2.458352e+01
     vertex  5.014446e+01  5.198381e+01  2.000000e+01
     vertex  5.071569e+01  4.727935e+01  2.000000e+01
   endloop
 endfacet
 facet normal -9.605290e-01  1.533197e-15  2.781799e-01
   outer loop
     vertex  5.147190e+01  4.975808e+01  2.458352e+01
     vertex  5.147190e+01  5.420954e+01  2.458352e+01
     vertex  5.014446e+01  5.198381e+01  2.000000e+01
   endloop
 endfacet
 facet normal  4.205999e-02  3.463952e-01  9.371453e-01
   outer loop
     vertex  6.980245e+01  5.668613e+01  3.660417e+01
     vertex  7.092779e+01  5.654949e+01  3.660417e+01
     vertex  7.090375e+01  6.105383e+01  3.494032e+01
   endloop
 endfacet
 facet normal  0.000000e+00  3.559890e-01  9.344901e-01
   outer loop
     vertex  6.980245e+01  5.668613e+01  3.660417e+01
     vertex  7.090375e+01  6.105383e+01  3.494032e+01
     vertex  6.870115e+01  6.105383e+01  3.494032e+01
   endloop
 endfacet
 facet normal  1.449258e-02  1.193572e-01  9.927456e-01
   outer loop
     vertex  6.980245e+01  5.668613e+01  3.660417e+01
     vertex  6.980245e+01  5.198381e+01  3.716953e+01
     vertex  7.092779e+01  5.654949e+01  3.660417e+01
   endloop
 endfacet
 facet normal -8.663039e-01  2.135247e-01  4.515802e-01
   outer loop
     vertex  5.405385e+01  5.586549e+01  2.875369e+01
     vertex  5.253721e+01  5.853165e+01  2.458352e+01
     vertex  5.147190e+01  5.420954e+01  2.458352e+01
   endloop
 endfacet
 facet normal -8.134493e-01  3.085006e-01  4.930796e-01
   outer loop
     vertex  5.405385e+01  5.586549e+01  2.875369e+01
     vertex  5.544042e+01  5.952158e+01  2.875369e+01
     vertex  5.253721e+01  5.853165e+01  2.458352e+01
   endloop
 endfacet
 facet normal -6.217829e-01  4.291858e-01  6.551226e-01
   outer loop
     vertex  5.906236e+01  5.939716e+01  3.227282e+01
     vertex  5.766166e+01  6.273961e+01  2.875369e+01
     vertex  5.544042e+01  5.952158e+01  2.875369e+01
   endloop
 endfacet
 facet normal -5.487271e-01  4.861298e-01  6.801297e-01
   outer loop
     vertex  5.906236e+01  5.939716e+01  3.227282e+01
     vertex  6.114858e+01  6.175201e+01  3.227282e+01
     vertex  5.766166e+01  6.273961e+01  2.875369e+01
   endloop
 endfacet
 facet normal -3.253237e-01  4.713128e-01  8.197736e-01
   outer loop
     vertex  6.461225e+01  5.950311e+01  3.494032e+01
     vertex  6.373773e+01  6.353917e+01  3.227282e+01
     vertex  6.114858e+01  6.175201e+01  3.227282e+01
   endloop
 endfacet
 facet normal -2.587254e-01  4.929602e-01  8.306933e-01
   outer loop
     vertex  6.461225e+01  5.950311e+01  3.494032e+01
     vertex  6.656256e+01  6.052671e+01  3.494032e+01
     vertex  6.373773e+01  6.353917e+01  3.227282e+01
   endloop
 endfacet
 facet normal -9.326178e-01 -2.298696e-01  2.781799e-01
   outer loop
     vertex  5.253721e+01  4.543597e+01  2.458352e+01
     vertex  5.147190e+01  4.975808e+01  2.458352e+01
     vertex  5.071569e+01  4.727935e+01  2.000000e+01
   endloop
 endfacet
 facet normal -9.114300e-01 -3.456598e-01  2.231918e-01
   outer loop
     vertex  5.253721e+01  4.543597e+01  2.458352e+01
     vertex  5.071569e+01  4.727935e+01  2.000000e+01
     vertex  5.239617e+01  4.284829e+01  2.000000e+01
   endloop
 endfacet
 facet normal -8.519375e-02  3.456446e-01  9.344901e-01
   outer loop
     vertex  6.867711e+01  5.654949e+01  3.660417e+01
     vertex  6.870115e+01  6.105383e+01  3.494032e+01
     vertex  6.656256e+01  6.052671e+01  3.494032e+01
   endloop
 endfacet
 facet normal -1.449258e-02  1.193572e-01  9.927456e-01
   outer loop
     vertex  6.867711e+01  5.654949e+01  3.660417e+01
     vertex  6.980245e+01  5.198381e+01  3.716953e+01
     vertex  6.980245e+01  5.668613e+01  3.660417e+01
   endloop
 endfacet
 facet normal -4.205999e-02  3.463952e-01  9.371453e-01
   outer loop
     vertex  6.867711e+01  5.654949e+01  3.660417e+01
     vertex  6.980245e+01  5.668613e+01  3.660417e+01
     vertex  6.870115e+01  6.105383e+01  3.494032e+01
   endloop
 endfacet
 facet normal -8.922305e-01  1.451443e-15  4.515802e-01
   outer loop
     vertex  5.358253e+01  5.198381e+01  2.875369e+01
     vertex  5.147190e+01  5.420954e+01  2.458352e+01
     vertex  5.147190e+01  4.975808e+01  2.458352e+01
   endloop
 endfacet
 facet normal -8.636410e-01  1.048650e-01  4.930796e-01
   outer loop
     vertex  5.358253e+01  5.198381e+01  2.875369e+01
     vertex  5.405385e+01  5.586549e+01  2.875369e+01
     vertex  5.147190e+01  5.420954e+01  2.458352e+01
   endloop
 endfacet
 facet normal -6.491205e-01  3.406847e-01  6.801297e-01
   outer loop
     vertex  5.760032e+01  5.661147e+01  3.227282e+01
     vertex  5.906236e+01  5.939716e+01  3.227282e+01
     vertex  5.544042e+01  5.952158e+01  2.875369e+01
   endloop
 endfacet
 facet normal -7.064259e-01  2.679120e-01  6.551226e-01
   outer loop
     vertex  5.760032e+01  5.661147e+01  3.227282e+01
     vertex  5.544042e+01  5.952158e+01  2.875369e+01
     vertex  5.405385e+01  5.586549e+01  2.875369e+01
   endloop
 endfacet
 facet normal -3.691804e-01  4.167186e-01  8.306933e-01
   outer loop
     vertex  6.296358e+01  5.804252e+01  3.494032e+01
     vertex  6.461225e+01  5.950311e+01  3.494032e+01
     vertex  6.114858e+01  6.175201e+01  3.227282e+01
   endloop
 endfacet
 facet normal -4.286629e-01  3.797622e-01  8.197736e-01
   outer loop
     vertex  6.296358e+01  5.804252e+01  3.494032e+01
     vertex  6.114858e+01  6.175201e+01  3.227282e+01
     vertex  5.906236e+01  5.939716e+01  3.227282e+01
   endloop
 endfacet
 facet normal -8.505062e-01 -4.463801e-01  2.781799e-01
   outer loop
     vertex  5.460591e+01  4.149439e+01  2.458352e+01
     vertex  5.253721e+01  4.543597e+01  2.458352e+01
     vertex  5.239617e+01  4.284829e+01  2.000000e+01
   endloop
 endfacet
 facet normal -8.022237e-01 -5.537351e-01  2.231918e-01
   outer loop
     vertex  5.460591e+01  4.149439e+01  2.458352e+01
     vertex  5.239617e+01  4.284829e+01  2.000000e+01
     vertex  5.508824e+01  3.894815e+01  2.000000e+01
   endloop
 endfacet
 facet normal -4.263550e-02  1.124206e-01  9.927456e-01
   outer loop
     vertex  6.761717e+01  5.614751e+01  3.660417e+01
     vertex  6.980245e+01  5.198381e+01  3.716953e+01
     vertex  6.867711e+01  5.654949e+01  3.660417e+01
   endloop
 endfacet
 facet normal -1.654364e-01  3.152126e-01  9.344901e-01
   outer loop
     vertex  6.761717e+01  5.614751e+01  3.660417e+01
     vertex  6.656256e+01  6.052671e+01  3.494032e+01
     vertex  6.461225e+01  5.950311e+01  3.494032e+01
   endloop
 endfacet
 facet normal -1.237356e-01  3.262640e-01  9.371453e-01
   outer loop
     vertex  6.761717e+01  5.614751e+01  3.660417e+01
     vertex  6.867711e+01  5.654949e+01  3.660417e+01
     vertex  6.656256e+01  6.052671e+01  3.494032e+01
   endloop
 endfacet
 facet normal -8.663039e-01 -2.135247e-01  4.515802e-01
   outer loop
     vertex  5.405385e+01  4.810213e+01  2.875369e+01
     vertex  5.147190e+01  4.975808e+01  2.458352e+01
     vertex  5.253721e+01  4.543597e+01  2.458352e+01
   endloop
 endfacet
 facet normal -8.636410e-01 -1.048650e-01  4.930796e-01
   outer loop
     vertex  5.405385e+01  4.810213e+01  2.875369e+01
     vertex  5.358253e+01  5.198381e+01  2.875369e+01
     vertex  5.147190e+01  4.975808e+01  2.458352e+01
   endloop
 endfacet
 facet normal -7.500140e-01  9.106819e-02  6.551226e-01
   outer loop
     vertex  5.684742e+01  5.355684e+01  3.227282e+01
     vertex  5.405385e+01  5.586549e+01  2.875369e+01
     vertex  5.358253e+01  5.198381e+01  2.875369e+01
   endloop
 endfacet
 facet normal -7.117895e-01  1.754403e-01  6.801297e-01
   outer loop
     vertex  5.684742e+01  5.355684e+01  3.227282e+01
     vertex  5.760032e+01  5.661147e+01  3.227282e+01
     vertex  5.405385e+01  5.586549e+01  2.875369e+01
   endloop
 endfacet
 facet normal -5.070898e-01  2.661413e-01  8.197736e-01
   outer loop
     vertex  6.171236e+01  5.622981e+01  3.494032e+01
     vertex  5.906236e+01  5.939716e+01  3.227282e+01
     vertex  5.760032e+01  5.661147e+01  3.227282e+01
   endloop
 endfacet
 facet normal -4.581800e-01  3.162588e-01  8.306933e-01
   outer loop
     vertex  6.171236e+01  5.622981e+01  3.494032e+01
     vertex  6.296358e+01  5.804252e+01  3.494032e+01
     vertex  5.906236e+01  5.939716e+01  3.227282e+01
   endloop
 endfacet
 facet normal -7.189663e-01 -6.369485e-01  2.781799e-01
   outer loop
     vertex  5.755777e+01  3.816242e+01  2.458352e+01
     vertex  5.460591e+01  4.149439e+01  2.458352e+01
     vertex  5.508824e+01  3.894815e+01  2.000000e+01
   endloop
 endfacet
 facet normal -6.463951e-01 -7.296292e-01  2.231918e-01
   outer loop
     vertex  5.755777e+01  3.816242e+01  2.458352e+01
     vertex  5.508824e+01  3.894815e+01  2.000000e+01
     vertex  5.863544e+01  3.580560e+01  2.000000e+01
   endloop
 endfacet
 facet normal -6.830059e-02  9.895049e-02  9.927456e-01
   outer loop
     vertex  6.668423e+01  5.550355e+01  3.660417e+01
     vertex  6.980245e+01  5.198381e+01  3.716953e+01
     vertex  6.761717e+01  5.614751e+01  3.660417e+01
   endloop
 endfacet
 facet normal -1.982202e-01  2.871715e-01  9.371453e-01
   outer loop
     vertex  6.668423e+01  5.550355e+01  3.660417e+01
     vertex  6.761717e+01  5.614751e+01  3.660417e+01
     vertex  6.461225e+01  5.950311e+01  3.494032e+01
   endloop
 endfacet
 facet normal -2.360644e-01  2.664616e-01  9.344901e-01
   outer loop
     vertex  6.668423e+01  5.550355e+01  3.660417e+01
     vertex  6.461225e+01  5.950311e+01  3.494032e+01
     vertex  6.296358e+01  5.804252e+01  3.494032e+01
   endloop
 endfacet
 facet normal -7.900309e-01 -4.146402e-01  4.515802e-01
   outer loop
     vertex  5.544042e+01  4.444604e+01  2.875369e+01
     vertex  5.253721e+01  4.543597e+01  2.458352e+01
     vertex  5.460591e+01  4.149439e+01  2.458352e+01
   endloop
 endfacet
 facet normal -8.134493e-01 -3.085006e-01  4.930796e-01
   outer loop
     vertex  5.544042e+01  4.444604e+01  2.875369e+01
     vertex  5.405385e+01  4.810213e+01  2.875369e+01
     vertex  5.253721e+01  4.543597e+01  2.458352e+01
   endloop
 endfacet
 facet normal -7.500140e-01 -9.106819e-02  6.551226e-01
   outer loop
     vertex  5.684742e+01  5.041078e+01  3.227282e+01
     vertex  5.358253e+01  5.198381e+01  2.875369e+01
     vertex  5.405385e+01  4.810213e+01  2.875369e+01
   endloop
 endfacet
 facet normal -7.330918e-01  0.000000e+00  6.801297e-01
   outer loop
     vertex  5.684742e+01  5.041078e+01  3.227282e+01
     vertex  5.684742e+01  5.355684e+01  3.227282e+01
     vertex  5.358253e+01  5.198381e+01  2.875369e+01
   endloop
 endfacet
 facet normal -5.205518e-01  1.974193e-01  8.306933e-01
   outer loop
     vertex  6.093131e+01  5.417035e+01  3.494032e+01
     vertex  6.171236e+01  5.622981e+01  3.494032e+01
     vertex  5.760032e+01  5.661147e+01  3.227282e+01
   endloop
 endfacet
 facet normal -5.560465e-01  1.370531e-01  8.197736e-01
   outer loop
     vertex  6.093131e+01  5.417035e+01  3.494032e+01
     vertex  5.760032e+01  5.661147e+01  3.227282e+01
     vertex  5.684742e+01  5.355684e+01  3.227282e+01
   endloop
 endfacet
 facet normal -5.456427e-01 -7.904999e-01  2.781799e-01
   outer loop
     vertex  6.122125e+01  3.563371e+01  2.458352e+01
     vertex  5.755777e+01  3.816242e+01  2.458352e+01
     vertex  5.863544e+01  3.580560e+01  2.000000e+01
   endloop
 endfacet
 facet normal -4.530003e-01 -8.631200e-01  2.231918e-01
   outer loop
     vertex  6.122125e+01  3.563371e+01  2.458352e+01
     vertex  5.863544e+01  3.580560e+01  2.000000e+01
     vertex  6.283163e+01  3.360327e+01  2.000000e+01
   endloop
 endfacet
 facet normal -8.999630e-02  7.972976e-02  9.927456e-01
   outer loop
     vertex  6.593251e+01  5.465503e+01  3.660417e+01
     vertex  6.980245e+01  5.198381e+01  3.716953e+01
     vertex  6.668423e+01  5.550355e+01  3.660417e+01
   endloop
 endfacet
 facet normal -2.929732e-01  2.022248e-01  9.344901e-01
   outer loop
     vertex  6.593251e+01  5.465503e+01  3.660417e+01
     vertex  6.296358e+01  5.804252e+01  3.494032e+01
     vertex  6.171236e+01  5.622981e+01  3.494032e+01
   endloop
 endfacet
 facet normal -2.611849e-01  2.313896e-01  9.371453e-01
   outer loop
     vertex  6.593251e+01  5.465503e+01  3.660417e+01
     vertex  6.668423e+01  5.550355e+01  3.660417e+01
     vertex  6.296358e+01  5.804252e+01  3.494032e+01
   endloop
 endfacet
 facet normal -6.678441e-01 -5.916583e-01  4.515802e-01
   outer loop
     vertex  5.766166e+01  4.122801e+01  2.875369e+01
     vertex  5.460591e+01  4.149439e+01  2.458352e+01
     vertex  5.755777e+01  3.816242e+01  2.458352e+01
   endloop
 endfacet
 facet normal -7.159829e-01 -4.942073e-01  4.930796e-01
   outer loop
     vertex  5.766166e+01  4.122801e+01  2.875369e+01
     vertex  5.544042e+01  4.444604e+01  2.875369e+01
     vertex  5.460591e+01  4.149439e+01  2.458352e+01
   endloop
 endfacet
 facet normal -7.064259e-01 -2.679120e-01  6.551226e-01
   outer loop
     vertex  5.760032e+01  4.735615e+01  3.227282e+01
     vertex  5.405385e+01  4.810213e+01  2.875369e+01
     vertex  5.544042e+01  4.444604e+01  2.875369e+01
   endloop
 endfacet
 facet normal -7.117895e-01 -1.754403e-01  6.801297e-01
   outer loop
     vertex  5.760032e+01  4.735615e+01  3.227282e+01
     vertex  5.684742e+01  5.041078e+01  3.227282e+01
     vertex  5.405385e+01  4.810213e+01  2.875369e+01
   endloop
 endfacet
 facet normal -5.526711e-01  6.710642e-02  8.306933e-01
   outer loop
     vertex  6.066582e+01  5.198381e+01  3.494032e+01
     vertex  6.093131e+01  5.417035e+01  3.494032e+01
     vertex  5.684742e+01  5.355684e+01  3.227282e+01
   endloop
 endfacet
 facet normal -5.726877e-01  0.000000e+00  8.197736e-01
   outer loop
     vertex  6.066582e+01  5.198381e+01  3.494032e+01
     vertex  5.684742e+01  5.355684e+01  3.227282e+01
     vertex  5.684742e+01  5.041078e+01  3.227282e+01
   endloop
 endfacet
 facet normal -2.332788e-01 -9.464494e-01  2.231918e-01
   outer loop
     vertex  6.538344e+01  3.405519e+01  2.458352e+01
     vertex  6.283163e+01  3.360327e+01  2.000000e+01
     vertex  6.743294e+01  3.246915e+01  2.000000e+01
   endloop
 endfacet
 facet normal -3.406083e-01 -8.981102e-01  2.781799e-01
   outer loop
     vertex  6.538344e+01  3.405519e+01  2.458352e+01
     vertex  6.122125e+01  3.563371e+01  2.458352e+01
     vertex  6.283163e+01  3.360327e+01  2.000000e+01
   endloop
 endfacet
 facet normal -3.328555e-01  1.262355e-01  9.344901e-01
   outer loop
     vertex  6.540570e+01  5.365128e+01  3.660417e+01
     vertex  6.171236e+01  5.622981e+01  3.494032e+01
     vertex  6.093131e+01  5.417035e+01  3.494032e+01
   endloop
 endfacet
 facet normal -3.089705e-01  1.621602e-01  9.371453e-01
   outer loop
     vertex  6.540570e+01  5.365128e+01  3.660417e+01
     vertex  6.593251e+01  5.465503e+01  3.660417e+01
     vertex  6.171236e+01  5.622981e+01  3.494032e+01
   endloop
 endfacet
 facet normal -1.064618e-01  5.587544e-02  9.927456e-01
   outer loop
     vertex  6.540570e+01  5.365128e+01  3.660417e+01
     vertex  6.980245e+01  5.198381e+01  3.716953e+01
     vertex  6.593251e+01  5.465503e+01  3.660417e+01
   endloop
 endfacet
 facet normal -5.769062e-01 -6.511925e-01  4.930796e-01
   outer loop
     vertex  6.058848e+01  3.863508e+01  2.875369e+01
     vertex  5.766166e+01  4.122801e+01  2.875369e+01
     vertex  5.755777e+01  3.816242e+01  2.458352e+01
   endloop
 endfacet
 facet normal -5.068447e-01 -7.342913e-01  4.515802e-01
   outer loop
     vertex  6.058848e+01  3.863508e+01  2.875369e+01
     vertex  5.755777e+01  3.816242e+01  2.458352e+01
     vertex  6.122125e+01  3.563371e+01  2.458352e+01
   endloop
 endfacet
 facet normal -6.217829e-01 -4.291858e-01  6.551226e-01
   outer loop
     vertex  5.906236e+01  4.457046e+01  3.227282e+01
     vertex  5.544042e+01  4.444604e+01  2.875369e+01
     vertex  5.766166e+01  4.122801e+01  2.875369e+01
   endloop
 endfacet
 facet normal -6.491205e-01 -3.406847e-01  6.801297e-01
   outer loop
     vertex  5.906236e+01  4.457046e+01  3.227282e+01
     vertex  5.760032e+01  4.735615e+01  3.227282e+01
     vertex  5.544042e+01  4.444604e+01  2.875369e+01
   endloop
 endfacet
 facet normal -5.526711e-01 -6.710642e-02  8.306933e-01
   outer loop
     vertex  6.093131e+01  4.979727e+01  3.494032e+01
     vertex  6.066582e+01  5.198381e+01  3.494032e+01
     vertex  5.684742e+01  5.041078e+01  3.227282e+01
   endloop
 endfacet
 facet normal -5.560465e-01 -1.370531e-01  8.197736e-01
   outer loop
     vertex  6.093131e+01  4.979727e+01  3.494032e+01
     vertex  5.684742e+01  5.041078e+01  3.227282e+01
     vertex  5.760032e+01  4.735615e+01  3.227282e+01
   endloop
 endfacet
 facet normal -2.909642e-15 -9.747745e-01  2.231918e-01
   outer loop
     vertex  6.980245e+01  3.351863e+01  2.458352e+01
     vertex  6.743294e+01  3.246915e+01  2.000000e+01
     vertex  7.217196e+01  3.246915e+01  2.000000e+01
   endloop
 endfacet
 facet normal -1.157790e-01 -9.535257e-01  2.781799e-01
   outer loop
     vertex  6.980245e+01  3.351863e+01  2.458352e+01
     vertex  6.538344e+01  3.405519e+01  2.458352e+01
     vertex  6.743294e+01  3.246915e+01  2.000000e+01
   endloop
 endfacet
 facet normal -1.167400e-01  2.877383e-02  9.927456e-01
   outer loop
     vertex  6.513441e+01  5.255061e+01  3.660417e+01
     vertex  6.980245e+01  5.198381e+01  3.716953e+01
     vertex  6.540570e+01  5.365128e+01  3.660417e+01
   endloop
 endfacet
 facet normal -3.533935e-01  4.290974e-02  9.344901e-01
   outer loop
     vertex  6.513441e+01  5.255061e+01  3.660417e+01
     vertex  6.093131e+01  5.417035e+01  3.494032e+01
     vertex  6.066582e+01  5.198381e+01  3.494032e+01
   endloop
 endfacet
 facet normal -3.387998e-01  8.350666e-02  9.371453e-01
   outer loop
     vertex  6.513441e+01  5.255061e+01  3.660417e+01
     vertex  6.540570e+01  5.365128e+01  3.660417e+01
     vertex  6.093131e+01  5.417035e+01  3.494032e+01
   endloop
 endfacet
 facet normal -4.043018e-01 -7.703327e-01  4.930796e-01
   outer loop
     vertex  6.405079e+01  3.681792e+01  2.875369e+01
     vertex  6.058848e+01  3.863508e+01  2.875369e+01
     vertex  6.122125e+01  3.563371e+01  2.458352e+01
   endloop
 endfacet
 facet normal -3.163893e-01 -8.342500e-01  4.515802e-01
   outer loop
     vertex  6.405079e+01  3.681792e+01  2.875369e+01
     vertex  6.122125e+01  3.563371e+01  2.458352e+01
     vertex  6.538344e+01  3.405519e+01  2.458352e+01
   endloop
 endfacet
 facet normal -5.487271e-01 -4.861298e-01  6.801297e-01
   outer loop
     vertex  6.114858e+01  4.221561e+01  3.227282e+01
     vertex  5.906236e+01  4.457046e+01  3.227282e+01
     vertex  5.766166e+01  4.122801e+01  2.875369e+01
   endloop
 endfacet
 facet normal -5.010042e-01 -5.655168e-01  6.551226e-01
   outer loop
     vertex  6.114858e+01  4.221561e+01  3.227282e+01
     vertex  5.766166e+01  4.122801e+01  2.875369e+01
     vertex  6.058848e+01  3.863508e+01  2.875369e+01
   endloop
 endfacet
 facet normal -5.070898e-01 -2.661413e-01  8.197736e-01
   outer loop
     vertex  6.171236e+01  4.773781e+01  3.494032e+01
     vertex  5.760032e+01  4.735615e+01  3.227282e+01
     vertex  5.906236e+01  4.457046e+01  3.227282e+01
   endloop
 endfacet
 facet normal -5.205518e-01 -1.974193e-01  8.306933e-01
   outer loop
     vertex  6.171236e+01  4.773781e+01  3.494032e+01
     vertex  6.093131e+01  4.979727e+01  3.494032e+01
     vertex  5.760032e+01  4.735615e+01  3.227282e+01
   endloop
 endfacet
 facet normal  2.332788e-01 -9.464494e-01  2.231918e-01
   outer loop
     vertex  7.422146e+01  3.405519e+01  2.458352e+01
     vertex  7.217196e+01  3.246915e+01  2.000000e+01
     vertex  7.677327e+01  3.360327e+01  2.000000e+01
   endloop
 endfacet
 facet normal  1.157790e-01 -9.535257e-01  2.781799e-01
   outer loop
     vertex  7.422146e+01  3.405519e+01  2.458352e+01
     vertex  6.980245e+01  3.351863e+01  2.458352e+01
     vertex  7.217196e+01  3.246915e+01  2.000000e+01
   endloop
 endfacet
 facet normal  0.000000e+00  0.000000e+00  0.000000e+00
   outer loop
     vertex  6.513441e+01  5.141701e+01  3.660417e+01
     vertex  6.980245e+01  5.198381e+01  3.716953e+01
     vertex  6.980245e+01  5.198381e+01  3.716953e+01
   endloop
 endfacet
 facet normal -3.489394e-01  0.000000e+00  9.371453e-01
   outer loop
     vertex  6.513441e+01  5.141701e+01  3.660417e+01
     vertex  6.513441e+01  5.255061e+01  3.660417e+01
     vertex  6.066582e+01  5.198381e+01  3.494032e+01
   endloop
 endfacet
 facet normal -3.533935e-01 -4.290974e-02  9.344901e-01
   outer loop
     vertex  6.513441e+01  5.141701e+01  3.660417e+01
     vertex  6.066582e+01  5.198381e+01  3.494032e+01
     vertex  6.093131e+01  4.979727e+01  3.494032e+01
   endloop
 endfacet
 facet normal -1.202338e-01  0.000000e+00  9.927456e-01
   outer loop
     vertex  6.513441e+01  5.141701e+01  3.660417e+01
     vertex  6.980245e+01  5.198381e+01  3.716953e+01
     vertex  6.513441e+01  5.255061e+01  3.660417e+01
   endloop
 endfacet
 facet normal -1.075465e-01 -8.857252e-01  4.515802e-01
   outer loop
     vertex  6.784735e+01  3.588215e+01  2.875369e+01
     vertex  6.538344e+01  3.405519e+01  2.458352e+01
     vertex  6.980245e+01  3.351863e+01  2.458352e+01
   endloop
 endfacet
 facet normal -2.082008e-01 -8.447040e-01  4.930796e-01
   outer loop
     vertex  6.784735e+01  3.588215e+01  2.875369e+01
     vertex  6.405079e+01  3.681792e+01  2.875369e+01
     vertex  6.538344e+01  3.405519e+01  2.458352e+01
   endloop
 endfacet
 facet normal -3.511089e-01 -6.689821e-01  6.551226e-01
   outer loop
     vertex  6.373773e+01  4.042845e+01  3.227282e+01
     vertex  6.058848e+01  3.863508e+01  2.875369e+01
     vertex  6.405079e+01  3.681792e+01  2.875369e+01
   endloop
 endfacet
 facet normal -4.164436e-01 -6.033227e-01  6.801297e-01
   outer loop
     vertex  6.373773e+01  4.042845e+01  3.227282e+01
     vertex  6.114858e+01  4.221561e+01  3.227282e+01
     vertex  6.058848e+01  3.863508e+01  2.875369e+01
   endloop
 endfacet
 facet normal -4.581800e-01 -3.162588e-01  8.306933e-01
   outer loop
     vertex  6.296358e+01  4.592510e+01  3.494032e+01
     vertex  6.171236e+01  4.773781e+01  3.494032e+01
     vertex  5.906236e+01  4.457046e+01  3.227282e+01
   endloop
 endfacet
 facet normal -4.286629e-01 -3.797622e-01  8.197736e-01
   outer loop
     vertex  6.296358e+01  4.592510e+01  3.494032e+01
     vertex  5.906236e+01  4.457046e+01  3.227282e+01
     vertex  6.114858e+01  4.221561e+01  3.227282e+01
   endloop
 endfacet
 facet normal  3.406083e-01 -8.981102e-01  2.781799e-01
   outer loop
     vertex  7.838365e+01  3.563371e+01  2.458352e+01
     vertex  7.422146e+01  3.405519e+01  2.458352e+01
     vertex  7.677327e+01  3.360327e+01  2.000000e+01
   endloop
 endfacet
 facet normal  4.530003e-01 -8.631200e-01  2.231918e-01
   outer loop
     vertex  7.838365e+01  3.563371e+01  2.458352e+01
     vertex  7.677327e+01  3.360327e+01  2.000000e+01
     vertex  8.096946e+01  3.580560e+01  2.000000e+01
   endloop
 endfacet
 facet normal -3.387998e-01 -8.350666e-02  9.371453e-01
   outer loop
     vertex  6.540570e+01  5.031634e+01  3.660417e+01
     vertex  6.513441e+01  5.141701e+01  3.660417e+01
     vertex  6.093131e+01  4.979727e+01  3.494032e+01
   endloop
 endfacet
 facet normal -3.328555e-01 -1.262355e-01  9.344901e-01
   outer loop
     vertex  6.540570e+01  5.031634e+01  3.660417e+01
     vertex  6.093131e+01  4.979727e+01  3.494032e+01
     vertex  6.171236e+01  4.773781e+01  3.494032e+01
   endloop
 endfacet
 facet normal -1.167400e-01 -2.877383e-02  9.927456e-01
   outer loop
     vertex  6.540570e+01  5.031634e+01  3.660417e+01
     vertex  6.980245e+01  5.198381e+01  3.716953e+01
     vertex  6.513441e+01  5.141701e+01  3.660417e+01
   endloop
 endfacet
 facet normal -1.580897e-15 -8.699842e-01  4.930796e-01
   outer loop
     vertex  7.175755e+01  3.588215e+01  2.875369e+01
     vertex  6.784735e+01  3.588215e+01  2.875369e+01
     vertex  6.980245e+01  3.351863e+01  2.458352e+01
   endloop
 endfacet
 facet normal  1.075465e-01 -8.857252e-01  4.515802e-01
   outer loop
     vertex  7.175755e+01  3.588215e+01  2.875369e+01
     vertex  6.980245e+01  3.351863e+01  2.458352e+01
     vertex  7.422146e+01  3.405519e+01  2.458352e+01
   endloop
 endfacet
 facet normal -1.808084e-01 -7.335685e-01  6.551226e-01
   outer loop
     vertex  6.667934e+01  3.931284e+01  3.227282e+01
     vertex  6.405079e+01  3.681792e+01  2.875369e+01
     vertex  6.784735e+01  3.588215e+01  2.875369e+01
   endloop
 endfacet
 facet normal -2.599579e-01 -6.854527e-01  6.801297e-01
   outer loop
     vertex  6.667934e+01  3.931284e+01  3.227282e+01
     vertex  6.373773e+01  4.042845e+01  3.227282e+01
     vertex  6.405079e+01  3.681792e+01  2.875369e+01
   endloop
 endfacet
 facet normal -3.253237e-01 -4.713128e-01  8.197736e-01
   outer loop
     vertex  6.461225e+01  4.446451e+01  3.494032e+01
     vertex  6.114858e+01  4.221561e+01  3.227282e+01
     vertex  6.373773e+01  4.042845e+01  3.227282e+01
   endloop
 endfacet
 facet normal -3.691804e-01 -4.167186e-01  8.306933e-01
   outer loop
     vertex  6.461225e+01  4.446451e+01  3.494032e+01
     vertex  6.296358e+01  4.592510e+01  3.494032e+01
     vertex  6.114858e+01  4.221561e+01  3.227282e+01
   endloop
 endfacet
 facet normal  6.463951e-01 -7.296292e-01  2.231918e-01
   outer loop
     vertex  8.204713e+01  3.816242e+01  2.458352e+01
     vertex  8.096946e+01  3.580560e+01  2.000000e+01
     vertex  8.451666e+01  3.894815e+01  2.000000e+01
   endloop
 endfacet
 facet normal  5.456427e-01 -7.904999e-01  2.781799e-01
   outer loop
     vertex  8.204713e+01  3.816242e+01  2.458352e+01
     vertex  7.838365e+01  3.563371e+01  2.458352e+01
     vertex  8.096946e+01  3.580560e+01  2.000000e+01
   endloop
 endfacet
 facet normal -2.929732e-01 -2.022248e-01  9.344901e-01
   outer loop
     vertex  6.593251e+01  4.931259e+01  3.660417e+01
     vertex  6.171236e+01  4.773781e+01  3.494032e+01
     vertex  6.296358e+01  4.592510e+01  3.494032e+01
   endloop
 endfacet
 facet normal -3.089705e-01 -1.621602e-01  9.371453e-01
   outer loop
     vertex  6.593251e+01  4.931259e+01  3.660417e+01
     vertex  6.540570e+01  5.031634e+01  3.660417e+01
     vertex  6.171236e+01  4.773781e+01  3.494032e+01
   endloop
 endfacet
 facet normal -1.064618e-01 -5.587544e-02  9.927456e-01
   outer loop
     vertex  6.593251e+01  4.931259e+01  3.660417e+01
     vertex  6.980245e+01  5.198381e+01  3.716953e+01
     vertex  6.540570e+01  5.031634e+01  3.660417e+01
   endloop
 endfacet
 facet normal  2.082008e-01 -8.447040e-01  4.930796e-01
   outer loop
     vertex  7.555411e+01  3.681792e+01  2.875369e+01
     vertex  7.175755e+01  3.588215e+01  2.875369e+01
     vertex  7.422146e+01  3.405519e+01  2.458352e+01
   endloop
 endfacet
 facet normal  3.163893e-01 -8.342500e-01  4.515802e-01
   outer loop
     vertex  7.555411e+01  3.681792e+01  2.875369e+01
     vertex  7.422146e+01  3.405519e+01  2.458352e+01
     vertex  7.838365e+01  3.563371e+01  2.458352e+01
   endloop
 endfacet
 facet normal -8.836445e-02 -7.277467e-01  6.801297e-01
   outer loop
     vertex  6.980245e+01  3.893363e+01  3.227282e+01
     vertex  6.667934e+01  3.931284e+01  3.227282e+01
     vertex  6.784735e+01  3.588215e+01  2.875369e+01
   endloop
 endfacet
 facet normal -1.365441e-15 -7.555226e-01  6.551226e-01
   outer loop
     vertex  6.980245e+01  3.893363e+01  3.227282e+01
     vertex  6.784735e+01  3.588215e+01  2.875369e+01
     vertex  7.175755e+01  3.588215e+01  2.875369e+01
   endloop
 endfacet
 facet normal -2.030779e-01 -5.354723e-01  8.197736e-01
   outer loop
     vertex  6.656256e+01  4.344091e+01  3.494032e+01
     vertex  6.373773e+01  4.042845e+01  3.227282e+01
     vertex  6.667934e+01  3.931284e+01  3.227282e+01
   endloop
 endfacet
 facet normal -2.587254e-01 -4.929602e-01  8.306933e-01
   outer loop
     vertex  6.656256e+01  4.344091e+01  3.494032e+01
     vertex  6.461225e+01  4.446451e+01  3.494032e+01
     vertex  6.373773e+01  4.042845e+01  3.227282e+01
   endloop
 endfacet
 facet normal  7.189663e-01 -6.369485e-01  2.781799e-01
   outer loop
     vertex  8.499899e+01  4.149439e+01  2.458352e+01
     vertex  8.204713e+01  3.816242e+01  2.458352e+01
     vertex  8.451666e+01  3.894815e+01  2.000000e+01
   endloop
 endfacet
 facet normal  8.022237e-01 -5.537351e-01  2.231918e-01
   outer loop
     vertex  8.499899e+01  4.149439e+01  2.458352e+01
     vertex  8.451666e+01  3.894815e+01  2.000000e+01
     vertex  8.720873e+01  4.284829e+01  2.000000e+01
   endloop
 endfacet
 facet normal -8.999630e-02 -7.972976e-02  9.927456e-01
   outer loop
     vertex  6.668423e+01  4.846407e+01  3.660417e+01
     vertex  6.980245e+01  5.198381e+01  3.716953e+01
     vertex  6.593251e+01  4.931259e+01  3.660417e+01
   endloop
 endfacet
 facet normal -2.360644e-01 -2.664616e-01  9.344901e-01
   outer loop
     vertex  6.668423e+01  4.846407e+01  3.660417e+01
     vertex  6.296358e+01  4.592510e+01  3.494032e+01
     vertex  6.461225e+01  4.446451e+01  3.494032e+01
   endloop
 endfacet
 facet normal -2.611849e-01 -2.313896e-01  9.371453e-01
   outer loop
     vertex  6.668423e+01  4.846407e+01  3.660417e+01
     vertex  6.593251e+01  4.931259e+01  3.660417e+01
     vertex  6.296358e+01  4.592510e+01  3.494032e+01
   endloop
 endfacet
 facet normal  5.068447e-01 -7.342913e-01  4.515802e-01
   outer loop
     vertex  7.901642e+01  3.863508e+01  2.875369e+01
     vertex  7.838365e+01  3.563371e+01  2.458352e+01
     vertex  8.204713e+01  3.816242e+01  2.458352e+01
   endloop
 endfacet
 facet normal  4.043018e-01 -7.703327e-01  4.930796e-01
   outer loop
     vertex  7.901642e+01  3.863508e+01  2.875369e+01
     vertex  7.555411e+01  3.681792e+01  2.875369e+01
     vertex  7.838365e+01  3.563371e+01  2.458352e+01
   endloop
 endfacet
 facet normal  1.808084e-01 -7.335685e-01  6.551226e-01
   outer loop
     vertex  7.292556e+01  3.931284e+01  3.227282e+01
     vertex  7.175755e+01  3.588215e+01  2.875369e+01
     vertex  7.555411e+01  3.681792e+01  2.875369e+01
   endloop
 endfacet
 facet normal  8.836445e-02 -7.277467e-01  6.801297e-01
   outer loop
     vertex  7.292556e+01  3.931284e+01  3.227282e+01
     vertex  6.980245e+01  3.893363e+01  3.227282e+01
     vertex  7.175755e+01  3.588215e+01  2.875369e+01
   endloop
 endfacet
 facet normal -1.332343e-01 -5.405527e-01  8.306933e-01
   outer loop
     vertex  6.870115e+01  4.291379e+01  3.494032e+01
     vertex  6.656256e+01  4.344091e+01  3.494032e+01
     vertex  6.667934e+01  3.931284e+01  3.227282e+01
   endloop
 endfacet
 facet normal -6.902988e-02 -5.685122e-01  8.197736e-01
   outer loop
     vertex  6.870115e+01  4.291379e+01  3.494032e+01
     vertex  6.667934e+01  3.931284e+01  3.227282e+01
     vertex  6.980245e+01  3.893363e+01  3.227282e+01
   endloop
 endfacet
 facet normal  9.114300e-01 -3.456598e-01  2.231918e-01
   outer loop
     vertex  8.706769e+01  4.543597e+01  2.458352e+01
     vertex  8.720873e+01  4.284829e+01  2.000000e+01
     vertex  8.888921e+01  4.727935e+01  2.000000e+01
   endloop
 endfacet
 facet normal  8.505062e-01 -4.463801e-01  2.781799e-01
   outer loop
     vertex  8.706769e+01  4.543597e+01  2.458352e+01
     vertex  8.499899e+01  4.149439e+01  2.458352e+01
     vertex  8.720873e+01  4.284829e+01  2.000000e+01
   endloop
 endfacet
 facet normal -6.830059e-02 -9.895049e-02  9.927456e-01
   outer loop
     vertex  6.761717e+01  4.782011e+01  3.660417e+01
     vertex  6.980245e+01  5.198381e+01  3.716953e+01
     vertex  6.668423e+01  4.846407e+01  3.660417e+01
   endloop
 endfacet
 facet normal -1.654364e-01 -3.152126e-01  9.344901e-01
   outer loop
     vertex  6.761717e+01  4.782011e+01  3.660417e+01
     vertex  6.461225e+01  4.446451e+01  3.494032e+01
     vertex  6.656256e+01  4.344091e+01  3.494032e+01
   endloop
 endfacet
 facet normal -1.982202e-01 -2.871715e-01  9.371453e-01
   outer loop
     vertex  6.761717e+01  4.782011e+01  3.660417e+01
     vertex  6.668423e+01  4.846407e+01  3.660417e+01
     vertex  6.461225e+01  4.446451e+01  3.494032e+01
   endloop
 endfacet
 facet normal  6.678441e-01 -5.916583e-01  4.515802e-01
   outer loop
     vertex  8.194324e+01  4.122801e+01  2.875369e+01
     vertex  8.204713e+01  3.816242e+01  2.458352e+01
     vertex  8.499899e+01  4.149439e+01  2.458352e+01
   endloop
 endfacet
 facet normal  5.769062e-01 -6.511925e-01  4.930796e-01
   outer loop
     vertex  8.194324e+01  4.122801e+01  2.875369e+01
     vertex  7.901642e+01  3.863508e+01  2.875369e+01
     vertex  8.204713e+01  3.816242e+01  2.458352e+01
   endloop
 endfacet
 facet normal  3.511089e-01 -6.689821e-01  6.551226e-01
   outer loop
     vertex  7.586717e+01  4.042845e+01  3.227282e+01
     vertex  7.555411e+01  3.681792e+01  2.875369e+01
     vertex  7.901642e+01  3.863508e+01  2.875369e+01
   endloop
 endfacet
 facet normal  2.599579e-01 -6.854527e-01  6.801297e-01
   outer loop
     vertex  7.586717e+01  4.042845e+01  3.227282e+01
     vertex  7.292556e+01  3.931284e+01  3.227282e+01
     vertex  7.555411e+01  3.681792e+01  2.875369e+01
   endloop
 endfacet
 facet normal  6.902988e-02 -5.685122e-01  8.197736e-01
   outer loop
     vertex  7.090375e+01  4.291379e+01  3.494032e+01
     vertex  6.980245e+01  3.893363e+01  3.227282e+01
     vertex  7.292556e+01  3.931284e+01  3.227282e+01
   endloop
 endfacet
 facet normal -1.795972e-15 -5.567303e-01  8.306933e-01
   outer loop
     vertex  7.090375e+01  4.291379e+01  3.494032e+01
     vertex  6.870115e+01  4.291379e+01  3.494032e+01
     vertex  6.980245e+01  3.893363e+01  3.227282e+01
   endloop
 endfacet
 facet normal  9.661124e-01 -5.843904e-02  2.514192e-01
   outer loop
     vertex  8.813300e+01  4.975808e+01  2.458352e+01
     vertex  8.946044e+01  5.198381e+01  2.000000e+01
     vertex  8.826763e+01  5.198381e+01  2.458352e+01
   endloop
 endfacet
 facet normal  8.792440e-01 -5.318447e-02  4.733934e-01
   outer loop
     vertex  8.813300e+01  4.975808e+01  2.458352e+01
     vertex  8.826763e+01  5.198381e+01  2.458352e+01
     vertex  8.602237e+01  5.198381e+01  2.875369e+01
   endloop
 endfacet
 facet normal  9.676673e-01 -1.174961e-01  2.231918e-01
   outer loop
     vertex  8.813300e+01  4.975808e+01  2.458352e+01
     vertex  8.888921e+01  4.727935e+01  2.000000e+01
     vertex  8.946044e+01  5.198381e+01  2.000000e+01
   endloop
 endfacet
 facet normal  9.326178e-01 -2.298696e-01  2.781799e-01
   outer loop
     vertex  8.813300e+01  4.975808e+01  2.458352e+01
     vertex  8.706769e+01  4.543597e+01  2.458352e+01
     vertex  8.888921e+01  4.727935e+01  2.000000e+01
   endloop
 endfacet
 facet normal -8.519375e-02 -3.456446e-01  9.344901e-01
   outer loop
     vertex  6.867711e+01  4.741813e+01  3.660417e+01
     vertex  6.656256e+01  4.344091e+01  3.494032e+01
     vertex  6.870115e+01  4.291379e+01  3.494032e+01
   endloop
 endfacet
 facet normal -4.263550e-02 -1.124206e-01  9.927456e-01
   outer loop
     vertex  6.867711e+01  4.741813e+01  3.660417e+01
     vertex  6.980245e+01  5.198381e+01  3.716953e+01
     vertex  6.761717e+01  4.782011e+01  3.660417e+01
   endloop
 endfacet
 facet normal -1.237356e-01 -3.262640e-01  9.371453e-01
   outer loop
     vertex  6.867711e+01  4.741813e+01  3.660417e+01
     vertex  6.761717e+01  4.782011e+01  3.660417e+01
     vertex  6.656256e+01  4.344091e+01  3.494032e+01
   endloop
 endfacet
 facet normal  7.900309e-01 -4.146402e-01  4.515802e-01
   outer loop
     vertex  8.416448e+01  4.444604e+01  2.875369e+01
     vertex  8.499899e+01  4.149439e+01  2.458352e+01
     vertex  8.706769e+01  4.543597e+01  2.458352e+01
   endloop
 endfacet
 facet normal  7.159829e-01 -4.942073e-01  4.930796e-01
   outer loop
     vertex  8.416448e+01  4.444604e+01  2.875369e+01
     vertex  8.194324e+01  4.122801e+01  2.875369e+01
     vertex  8.499899e+01  4.149439e+01  2.458352e+01
   endloop
 endfacet
 facet normal  4.164436e-01 -6.033227e-01  6.801297e-01
   outer loop
     vertex  7.845632e+01  4.221561e+01  3.227282e+01
     vertex  7.586717e+01  4.042845e+01  3.227282e+01
     vertex  7.901642e+01  3.863508e+01  2.875369e+01
   endloop
 endfacet
 facet normal  5.010042e-01 -5.655168e-01  6.551226e-01
   outer loop
     vertex  7.845632e+01  4.221561e+01  3.227282e+01
     vertex  7.901642e+01  3.863508e+01  2.875369e+01
     vertex  8.194324e+01  4.122801e+01  2.875369e+01
   endloop
 endfacet
 facet normal  1.332343e-01 -5.405527e-01  8.306933e-01
   outer loop
     vertex  7.304234e+01  4.344091e+01  3.494032e+01
     vertex  7.090375e+01  4.291379e+01  3.494032e+01
     vertex  7.292556e+01  3.931284e+01  3.227282e+01
   endloop
 endfacet
 facet normal  2.030779e-01 -5.354723e-01  8.197736e-01
   outer loop
     vertex  7.304234e+01  4.344091e+01  3.494032e+01
     vertex  7.292556e+01  3.931284e+01  3.227282e+01
     vertex  7.586717e+01  4.042845e+01  3.227282e+01
   endloop
 endfacet
 facet normal -4.205999e-02 -3.463952e-01  9.371453e-01
   outer loop
     vertex  6.980245e+01  4.728149e+01  3.660417e+01
     vertex  6.867711e+01  4.741813e+01  3.660417e+01
     vertex  6.870115e+01  4.291379e+01  3.494032e+01
   endloop
 endfacet
 facet normal -1.121582e-15 -3.559890e-01  9.344901e-01
   outer loop
     vertex  6.980245e+01  4.728149e+01  3.660417e+01
     vertex  6.870115e+01  4.291379e+01  3.494032e+01
     vertex  7.090375e+01  4.291379e+01  3.494032e+01
   endloop
 endfacet
 facet normal -1.449258e-02 -1.193572e-01  9.927456e-01
   outer loop
     vertex  6.980245e+01  4.728149e+01  3.660417e+01
     vertex  6.980245e+01  5.198381e+01  3.716953e+01
     vertex  6.867711e+01  4.741813e+01  3.660417e+01
   endloop
 endfacet
 facet normal  8.134493e-01 -3.085006e-01  4.930796e-01
   outer loop
     vertex  8.555105e+01  4.810213e+01  2.875369e+01
     vertex  8.416448e+01  4.444604e+01  2.875369e+01
     vertex  8.706769e+01  4.543597e+01  2.458352e+01
   endloop
 endfacet
 facet normal  8.636410e-01 -1.048650e-01  4.930796e-01
   outer loop
     vertex  8.555105e+01  4.810213e+01  2.875369e+01
     vertex  8.813300e+01  4.975808e+01  2.458352e+01
     vertex  8.602237e+01  5.198381e+01  2.875369e+01
   endloop
 endfacet
 facet normal  8.663039e-01 -2.135247e-01  4.515802e-01
   outer loop
     vertex  8.555105e+01  4.810213e+01  2.875369e+01
     vertex  8.706769e+01  4.543597e+01  2.458352e+01
     vertex  8.813300e+01  4.975808e+01  2.458352e+01
   endloop
 endfacet
 facet normal  6.217829e-01 -4.291858e-01  6.551226e-01
   outer loop
     vertex  8.054254e+01  4.457046e+01  3.227282e+01
     vertex  8.194324e+01  4.122801e+01  2.875369e+01
     vertex  8.416448e+01  4.444604e+01  2.875369e+01
   endloop
 endfacet
 facet normal  5.487271e-01 -4.861298e-01  6.801297e-01
   outer loop
     vertex  8.054254e+01  4.457046e+01  3.227282e+01
     vertex  7.845632e+01  4.221561e+01  3.227282e+01
     vertex  8.194324e+01  4.122801e+01  2.875369e+01
   endloop
 endfacet
 facet normal  3.253237e-01 -4.713128e-01  8.197736e-01
   outer loop
     vertex  7.499265e+01  4.446451e+01  3.494032e+01
     vertex  7.586717e+01  4.042845e+01  3.227282e+01
     vertex  7.845632e+01  4.221561e+01  3.227282e+01
   endloop
 endfacet
 facet normal  2.587254e-01 -4.929602e-01  8.306933e-01
   outer loop
     vertex  7.499265e+01  4.446451e+01  3.494032e+01
     vertex  7.304234e+01  4.344091e+01  3.494032e+01
     vertex  7.586717e+01  4.042845e+01  3.227282e+01
   endloop
 endfacet
 facet normal  1.449258e-02 -1.193572e-01  9.927456e-01
   outer loop
     vertex  7.092779e+01  4.741813e+01  3.660417e+01
     vertex  6.980245e+01  5.198381e+01  3.716953e+01
     vertex  6.980245e+01  4.728149e+01  3.660417e+01
   endloop
 endfacet
 facet normal  4.205999e-02 -3.463952e-01  9.371453e-01
   outer loop
     vertex  7.092779e+01  4.741813e+01  3.660417e+01
     vertex  6.980245e+01  4.728149e+01  3.660417e+01
     vertex  7.090375e+01  4.291379e+01  3.494032e+01
   endloop
 endfacet
 facet normal  8.519375e-02 -3.456446e-01  9.344901e-01
   outer loop
     vertex  7.092779e+01  4.741813e+01  3.660417e+01
     vertex  7.090375e+01  4.291379e+01  3.494032e+01
     vertex  7.304234e+01  4.344091e+01  3.494032e+01
   endloop
 endfacet
 facet normal  7.064259e-01 -2.679120e-01  6.551226e-01
   outer loop
     vertex  8.200458e+01  4.735615e+01  3.227282e+01
     vertex  8.416448e+01  4.444604e+01  2.875369e+01
     vertex  8.555105e+01  4.810213e+01  2.875369e+01
   endloop
 endfacet
 facet normal  6.491205e-01 -3.406847e-01  6.801297e-01
   outer loop
     vertex  8.200458e+01  4.735615e+01  3.227282e+01
     vertex  8.054254e+01  4.457046e+01  3.227282e+01
     vertex  8.416448e+01  4.444604e+01  2.875369e+01
   endloop
 endfacet
 facet normal  3.691804e-01 -4.167186e-01  8.306933e-01
   outer loop
     vertex  7.664132e+01  4.592510e+01  3.494032e+01
     vertex  7.499265e+01  4.446451e+01  3.494032e+01
     vertex  7.845632e+01  4.221561e+01  3.227282e+01
   endloop
 endfacet
 facet normal  4.286629e-01 -3.797622e-01  8.197736e-01
   outer loop
     vertex  7.664132e+01  4.592510e+01  3.494032e+01
     vertex  7.845632e+01  4.221561e+01  3.227282e+01
     vertex  8.054254e+01  4.457046e+01  3.227282e+01
   endloop
 endfacet
 facet normal  4.263550e-02 -1.124206e-01  9.927456e-01
   outer loop
     vertex  7.198773e+01  4.782011e+01  3.660417e+01
     vertex  6.980245e+01  5.198381e+01  3.716953e+01
     vertex  7.092779e+01  4.741813e+01  3.660417e+01
   endloop
 endfacet
 facet normal  1.654364e-01 -3.152126e-01  9.344901e-01
   outer loop
     vertex  7.198773e+01  4.782011e+01  3.660417e+01
     vertex  7.304234e+01  4.344091e+01  3.494032e+01
     vertex  7.499265e+01  4.446451e+01  3.494032e+01
   endloop
 endfacet
 facet normal  1.237356e-01 -3.262640e-01  9.371453e-01
   outer loop
     vertex  7.198773e+01  4.782011e+01  3.660417e+01
     vertex  7.092779e+01  4.741813e+01  3.660417e+01
     vertex  7.304234e+01  4.344091e+01  3.494032e+01
   endloop
 endfacet
 facet normal  7.422798e-01 -4.489966e-02  6.685841e-01
   outer loop
     vertex  8.275748e+01  5.041078e+01  3.227282e+01
     vertex  8.602237e+01  5.198381e+01  2.875369e+01
     vertex  8.285263e+01  5.198381e+01  3.227282e+01
   endloop
 endfacet
 facet normal  5.628915e-01 -3.404866e-02  8.258292e-01
   outer loop
     vertex  8.275748e+01  5.041078e+01  3.227282e+01
     vertex  8.285263e+01  5.198381e+01  3.227282e+01
     vertex  7.893908e+01  5.198381e+01  3.494032e+01
   endloop
 endfacet
 facet normal  7.500140e-01 -9.106819e-02  6.551226e-01
   outer loop
     vertex  8.275748e+01  5.041078e+01  3.227282e+01
     vertex  8.555105e+01  4.810213e+01  2.875369e+01
     vertex  8.602237e+01  5.198381e+01  2.875369e+01
   endloop
 endfacet
 facet normal  7.117895e-01 -1.754403e-01  6.801297e-01
   outer loop
     vertex  8.275748e+01  5.041078e+01  3.227282e+01
     vertex  8.200458e+01  4.735615e+01  3.227282e+01
     vertex  8.555105e+01  4.810213e+01  2.875369e+01
   endloop
 endfacet
 facet normal  5.070898e-01 -2.661413e-01  8.197736e-01
   outer loop
     vertex  7.789254e+01  4.773781e+01  3.494032e+01
     vertex  8.054254e+01  4.457046e+01  3.227282e+01
     vertex  8.200458e+01  4.735615e+01  3.227282e+01
   endloop
 endfacet
 facet normal  4.581800e-01 -3.162588e-01  8.306933e-01
   outer loop
     vertex  7.789254e+01  4.773781e+01  3.494032e+01
     vertex  7.664132e+01  4.592510e+01  3.494032e+01
     vertex  8.054254e+01  4.457046e+01  3.227282e+01
   endloop
 endfacet
 facet normal  2.360644e-01 -2.664616e-01  9.344901e-01
   outer loop
     vertex  7.292067e+01  4.846407e+01  3.660417e+01
     vertex  7.499265e+01  4.446451e+01  3.494032e+01
     vertex  7.664132e+01  4.592510e+01  3.494032e+01
   endloop
 endfacet
 facet normal  6.830059e-02 -9.895049e-02  9.927456e-01
   outer loop
     vertex  7.292067e+01  4.846407e+01  3.660417e+01
     vertex  6.980245e+01  5.198381e+01  3.716953e+01
     vertex  7.198773e+01  4.782011e+01  3.660417e+01
   endloop
 endfacet
 facet normal  1.982202e-01 -2.871715e-01  9.371453e-01
   outer loop
     vertex  7.292067e+01  4.846407e+01  3.660417e+01
     vertex  7.198773e+01  4.782011e+01  3.660417e+01
     vertex  7.499265e+01  4.446451e+01  3.494032e+01
   endloop
 endfacet
 facet normal  5.205518e-01 -1.974193e-01  8.306933e-01
   outer loop
     vertex  7.867359e+01  4.979727e+01  3.494032e+01
     vertex  7.789254e+01  4.773781e+01  3.494032e+01
     vertex  8.200458e+01  4.735615e+01  3.227282e+01
   endloop
 endfacet
 facet normal  5.526711e-01 -6.710642e-02  8.306933e-01
   outer loop
     vertex  7.867359e+01  4.979727e+01  3.494032e+01
     vertex  8.275748e+01  5.041078e+01  3.227282e+01
     vertex  7.893908e+01  5.198381e+01  3.494032e+01
   endloop
 endfacet
 facet normal  5.560465e-01 -1.370531e-01  8.197736e-01
   outer loop
     vertex  7.867359e+01  4.979727e+01  3.494032e+01
     vertex  8.200458e+01  4.735615e+01  3.227282e+01
     vertex  8.275748e+01  5.041078e+01  3.227282e+01
   endloop
 endfacet
 facet normal  8.999630e-02 -7.972976e-02  9.927456e-01
   outer loop
     vertex  7.367239e+01  4.931259e+01  3.660417e+01
     vertex  6.980245e+01  5.198381e+01  3.716953e+01
     vertex  7.292067e+01  4.846407e+01  3.660417e+01
   endloop
 endfacet
 facet normal  2.929732e-01 -2.022248e-01  9.344901e-01
   outer loop
     vertex  7.367239e+01  4.931259e+01  3.660417e+01
     vertex  7.664132e+01  4.592510e+01  3.494032e+01
     vertex  7.789254e+01  4.773781e+01  3.494032e+01
   endloop
 endfacet
 facet normal  2.611849e-01 -2.313896e-01  9.371453e-01
   outer loop
     vertex  7.367239e+01  4.931259e+01  3.660417e+01
     vertex  7.292067e+01  4.846407e+01  3.660417e+01
     vertex  7.664132e+01  4.592510e+01  3.494032e+01
   endloop
 endfacet
 facet normal  1.064618e-01 -5.587544e-02  9.927456e-01
   outer loop
     vertex  7.419920e+01  5.031634e+01  3.660417e+01
     vertex  6.980245e+01  5.198381e+01  3.716953e+01
     vertex  7.367239e+01  4.931259e+01  3.660417e+01
   endloop
 endfacet
 facet normal  3.328555e-01 -1.262355e-01  9.344901e-01
   outer loop
     vertex  7.419920e+01  5.031634e+01  3.660417e+01
     vertex  7.789254e+01  4.773781e+01  3.494032e+01
     vertex  7.867359e+01  4.979727e+01  3.494032e+01
   endloop
 endfacet
 facet normal  3.089705e-01 -1.621602e-01  9.371453e-01
   outer loop
     vertex  7.419920e+01  5.031634e+01  3.660417e+01
     vertex  7.367239e+01  4.931259e+01  3.660417e+01
     vertex  7.789254e+01  4.773781e+01  3.494032e+01
   endloop
 endfacet
 facet normal  3.512262e-01 -2.124527e-02  9.360496e-01
   outer loop
     vertex  7.447049e+01  5.141701e+01  3.660417e+01
     vertex  7.893908e+01  5.198381e+01  3.494032e+01
     vertex  7.450477e+01  5.198381e+01  3.660417e+01
   endloop
 endfacet
 facet normal  1.193666e-01 -7.220349e-03  9.928240e-01
   outer loop
     vertex  7.447049e+01  5.141701e+01  3.660417e+01
     vertex  7.450477e+01  5.198381e+01  3.660417e+01
     vertex  6.980245e+01  5.198381e+01  3.716953e+01
   endloop
 endfacet
 facet normal  3.533935e-01 -4.290974e-02  9.344901e-01
   outer loop
     vertex  7.447049e+01  5.141701e+01  3.660417e+01
     vertex  7.867359e+01  4.979727e+01  3.494032e+01
     vertex  7.893908e+01  5.198381e+01  3.494032e+01
   endloop
 endfacet
 facet normal  1.167400e-01 -2.877383e-02  9.927456e-01
   outer loop
     vertex  7.447049e+01  5.141701e+01  3.660417e+01
     vertex  6.980245e+01  5.198381e+01  3.716953e+01
     vertex  7.419920e+01  5.031634e+01  3.660417e+01
   endloop
 endfacet
 facet normal  3.387998e-01 -8.350666e-02  9.371453e-01
   outer loop
     vertex  7.447049e+01  5.141701e+01  3.660417e+01
     vertex  7.419920e+01  5.031634e+01  3.660417e+01
     vertex  7.867359e+01  4.979727e+01  3.494032e+01
   endloop
 endfacet
 facet normal  4.104412e-01  4.983658e-02 -9.105242e-01
   outer loop
     vertex  7.917533e+01  5.429402e+01  0.000000e+00
     vertex  7.945584e+01  5.198381e+01 -3.552714e-15
     vertex  7.639579e+01  5.198381e+01 -1.379392e+00
   endloop
 endfacet
 facet normal  8.459724e-02  5.117190e-03 -9.964021e-01
   outer loop
     vertex  7.312261e+01  5.238695e+01 -2.223146e+00
     vertex  7.314700e+01  5.198381e+01 -2.223146e+00
     vertex  6.980245e+01  5.198381e+01 -2.507106e+00
   endloop
 endfacet
 facet normal  2.513441e-01  1.520352e-02 -9.677784e-01
   outer loop
     vertex  7.312261e+01  5.238695e+01 -2.223146e+00
     vertex  7.639579e+01  5.198381e+01 -1.379392e+00
     vertex  7.314700e+01  5.198381e+01 -2.223146e+00
   endloop
 endfacet
 facet normal  8.273900e-02  2.039333e-02 -9.963626e-01
   outer loop
     vertex  7.292965e+01  5.316980e+01 -2.223146e+00
     vertex  7.312261e+01  5.238695e+01 -2.223146e+00
     vertex  6.980245e+01  5.198381e+01 -2.507106e+00
   endloop
 endfacet
 facet normal  7.545431e-02  3.960148e-02 -9.963626e-01
   outer loop
     vertex  7.255496e+01  5.388373e+01 -2.223146e+00
     vertex  7.292965e+01  5.316980e+01 -2.223146e+00
     vertex  6.980245e+01  5.198381e+01 -2.507106e+00
   endloop
 endfacet
 facet normal  6.378449e-02  5.650813e-02 -9.963626e-01
   outer loop
     vertex  7.202029e+01  5.448724e+01 -2.223146e+00
     vertex  7.255496e+01  5.388373e+01 -2.223146e+00
     vertex  6.980245e+01  5.198381e+01 -2.507106e+00
   endloop
 endfacet
 facet normal  4.104412e-01  4.983658e-02 -9.105242e-01
   outer loop
     vertex  7.620420e+01  5.356170e+01 -1.379392e+00
     vertex  7.917533e+01  5.429402e+01  0.000000e+00
     vertex  7.639579e+01  5.198381e+01 -1.379392e+00
   endloop
 endfacet
 facet normal  2.530465e-01  3.072541e-02 -9.669661e-01
   outer loop
     vertex  7.620420e+01  5.356170e+01 -1.379392e+00
     vertex  7.639579e+01  5.198381e+01 -1.379392e+00
     vertex  7.312261e+01  5.238695e+01 -2.223146e+00
   endloop
 endfacet
 facet normal  2.423641e-01  5.973739e-02 -9.683445e-01
   outer loop
     vertex  7.620420e+01  5.356170e+01 -1.379392e+00
     vertex  7.312261e+01  5.238695e+01 -2.223146e+00
     vertex  7.292965e+01  5.316980e+01 -2.223146e+00
   endloop
 endfacet
 facet normal  4.840775e-02  7.013073e-02 -9.963626e-01
   outer loop
     vertex  7.135674e+01  5.494526e+01 -2.223146e+00
     vertex  7.202029e+01  5.448724e+01 -2.223146e+00
     vertex  6.980245e+01  5.198381e+01 -2.507106e+00
   endloop
 endfacet
 facet normal  3.865878e-01  1.466134e-01 -9.105242e-01
   outer loop
     vertex  7.564057e+01  5.504789e+01 -1.379392e+00
     vertex  7.835010e+01  5.646996e+01  0.000000e+00
     vertex  7.917533e+01  5.429402e+01  0.000000e+00
   endloop
 endfacet
 facet normal  2.210254e-01  1.160031e-01 -9.683445e-01
   outer loop
     vertex  7.564057e+01  5.504789e+01 -1.379392e+00
     vertex  7.292965e+01  5.316980e+01 -2.223146e+00
     vertex  7.255496e+01  5.388373e+01 -2.223146e+00
   endloop
 endfacet
 facet normal  3.865878e-01  1.466134e-01 -9.105242e-01
   outer loop
     vertex  7.564057e+01  5.504789e+01 -1.379392e+00
     vertex  7.917533e+01  5.429402e+01  0.000000e+00
     vertex  7.620420e+01  5.356170e+01 -1.379392e+00
   endloop
 endfacet
 facet normal  2.383404e-01  9.039057e-02 -9.669661e-01
   outer loop
     vertex  7.564057e+01  5.504789e+01 -1.379392e+00
     vertex  7.620420e+01  5.356170e+01 -1.379392e+00
     vertex  7.292965e+01  5.316980e+01 -2.223146e+00
   endloop
 endfacet
 facet normal  3.021773e-02  7.967759e-02 -9.963626e-01
   outer loop
     vertex  7.060285e+01  5.523117e+01 -2.223146e+00
     vertex  7.135674e+01  5.494526e+01 -2.223146e+00
     vertex  6.980245e+01  5.198381e+01 -2.507106e+00
   endloop
 endfacet
 facet normal  3.402674e-01  2.348696e-01 -9.105242e-01
   outer loop
     vertex  7.473764e+01  5.635601e+01 -1.379392e+00
     vertex  7.702812e+01  5.838519e+01  0.000000e+00
     vertex  7.835010e+01  5.646996e+01  0.000000e+00
   endloop
 endfacet
 facet normal  2.097827e-01  1.448026e-01 -9.669661e-01
   outer loop
     vertex  7.473764e+01  5.635601e+01 -1.379392e+00
     vertex  7.564057e+01  5.504789e+01 -1.379392e+00
     vertex  7.255496e+01  5.388373e+01 -2.223146e+00
   endloop
 endfacet
 facet normal  1.868414e-01  1.655270e-01 -9.683445e-01
   outer loop
     vertex  7.473764e+01  5.635601e+01 -1.379392e+00
     vertex  7.255496e+01  5.388373e+01 -2.223146e+00
     vertex  7.202029e+01  5.448724e+01 -2.223146e+00
   endloop
 endfacet
 facet normal  3.402674e-01  2.348696e-01 -9.105242e-01
   outer loop
     vertex  7.473764e+01  5.635601e+01 -1.379392e+00
     vertex  7.835010e+01  5.646996e+01  0.000000e+00
     vertex  7.564057e+01  5.504789e+01 -1.379392e+00
   endloop
 endfacet
 facet normal  1.027156e-02  8.459388e-02 -9.963626e-01
   outer loop
     vertex  6.980245e+01  5.532835e+01 -2.223146e+00
     vertex  7.060285e+01  5.523117e+01 -2.223146e+00
     vertex  6.980245e+01  5.198381e+01 -2.507106e+00
   endloop
 endfacet
 facet normal  2.741719e-01  3.094761e-01 -9.105242e-01
   outer loop
     vertex  7.354790e+01  5.741003e+01 -1.379392e+00
     vertex  7.528620e+01  5.992840e+01  0.000000e+00
     vertex  7.702812e+01  5.838519e+01  0.000000e+00
   endloop
 endfacet
 facet normal  1.921425e-01  3.660969e-01 -9.105242e-01
   outer loop
     vertex  7.354790e+01  5.741003e+01 -1.379392e+00
     vertex  7.322559e+01  6.100989e+01  0.000000e+00
     vertex  7.528620e+01  5.992840e+01  0.000000e+00
   endloop
 endfacet
 facet normal  1.417989e-01  2.054312e-01 -9.683445e-01
   outer loop
     vertex  7.354790e+01  5.741003e+01 -1.379392e+00
     vertex  7.202029e+01  5.448724e+01 -2.223146e+00
     vertex  7.135674e+01  5.494526e+01 -2.223146e+00
   endloop
 endfacet
 facet normal  2.741719e-01  3.094761e-01 -9.105242e-01
   outer loop
     vertex  7.354790e+01  5.741003e+01 -1.379392e+00
     vertex  7.702812e+01  5.838519e+01  0.000000e+00
     vertex  7.473764e+01  5.635601e+01 -1.379392e+00
   endloop
 endfacet
 facet normal  1.690333e-01  1.907992e-01 -9.669661e-01
   outer loop
     vertex  7.354790e+01  5.741003e+01 -1.379392e+00
     vertex  7.473764e+01  5.635601e+01 -1.379392e+00
     vertex  7.202029e+01  5.448724e+01 -2.223146e+00
   endloop
 endfacet
 facet normal -1.027156e-02  8.459388e-02 -9.963626e-01
   outer loop
     vertex  6.900205e+01  5.523117e+01 -2.223146e+00
     vertex  6.980245e+01  5.532835e+01 -2.223146e+00
     vertex  6.980245e+01  5.198381e+01 -2.507106e+00
   endloop
 endfacet
 facet normal  1.184603e-01  2.257072e-01 -9.669661e-01
   outer loop
     vertex  7.214048e+01  5.814869e+01 -1.379392e+00
     vertex  7.354790e+01  5.741003e+01 -1.379392e+00
     vertex  7.135674e+01  5.494526e+01 -2.223146e+00
   endloop
 endfacet
 facet normal  1.921425e-01  3.660969e-01 -9.105242e-01
   outer loop
     vertex  7.214048e+01  5.814869e+01 -1.379392e+00
     vertex  7.322559e+01  6.100989e+01  0.000000e+00
     vertex  7.354790e+01  5.741003e+01 -1.379392e+00
   endloop
 endfacet
 facet normal  8.851560e-02  2.333965e-01 -9.683445e-01
   outer loop
     vertex  7.214048e+01  5.814869e+01 -1.379392e+00
     vertex  7.135674e+01  5.494526e+01 -2.223146e+00
     vertex  7.060285e+01  5.523117e+01 -2.223146e+00
   endloop
 endfacet
 facet normal -3.021773e-02  7.967759e-02 -9.963626e-01
   outer loop
     vertex  6.824816e+01  5.494526e+01 -2.223146e+00
     vertex  6.900205e+01  5.523117e+01 -2.223146e+00
     vertex  6.980245e+01  5.198381e+01 -2.507106e+00
   endloop
 endfacet
 facet normal  9.894644e-02  4.014415e-01 -9.105242e-01
   outer loop
     vertex  7.059719e+01  5.852908e+01 -1.379392e+00
     vertex  7.096604e+01  6.156682e+01  0.000000e+00
     vertex  7.322559e+01  6.100989e+01  0.000000e+00
   endloop
 endfacet
 facet normal  6.100277e-02  2.474980e-01 -9.669661e-01
   outer loop
     vertex  7.059719e+01  5.852908e+01 -1.379392e+00
     vertex  7.214048e+01  5.814869e+01 -1.379392e+00
     vertex  7.060285e+01  5.523117e+01 -2.223146e+00
   endloop
 endfacet
 facet normal  9.894644e-02  4.014415e-01 -9.105242e-01
   outer loop
     vertex  7.059719e+01  5.852908e+01 -1.379392e+00
     vertex  7.322559e+01  6.100989e+01  0.000000e+00
     vertex  7.214048e+01  5.814869e+01 -1.379392e+00
   endloop
 endfacet
 facet normal  3.008807e-02  2.477975e-01 -9.683445e-01
   outer loop
     vertex  7.059719e+01  5.852908e+01 -1.379392e+00
     vertex  7.060285e+01  5.523117e+01 -2.223146e+00
     vertex  6.980245e+01  5.532835e+01 -2.223146e+00
   endloop
 endfacet
 facet normal -4.840775e-02  7.013073e-02 -9.963626e-01
   outer loop
     vertex  6.758461e+01  5.448724e+01 -2.223146e+00
     vertex  6.824816e+01  5.494526e+01 -2.223146e+00
     vertex  6.980245e+01  5.198381e+01 -2.507106e+00
   endloop
 endfacet
 facet normal  0.000000e+00  2.549050e-01 -9.669661e-01
   outer loop
     vertex  6.900771e+01  5.852908e+01 -1.379392e+00
     vertex  7.059719e+01  5.852908e+01 -1.379392e+00
     vertex  6.980245e+01  5.532835e+01 -2.223146e+00
   endloop
 endfacet
 facet normal  0.000000e+00  4.134558e-01 -9.105242e-01
   outer loop
     vertex  6.900771e+01  5.852908e+01 -1.379392e+00
     vertex  6.863886e+01  6.156682e+01  0.000000e+00
     vertex  7.096604e+01  6.156682e+01  0.000000e+00
   endloop
 endfacet
 facet normal  0.000000e+00  4.134558e-01 -9.105242e-01
   outer loop
     vertex  6.900771e+01  5.852908e+01 -1.379392e+00
     vertex  7.096604e+01  6.156682e+01  0.000000e+00
     vertex  7.059719e+01  5.852908e+01 -1.379392e+00
   endloop
 endfacet
 facet normal -3.008807e-02  2.477975e-01 -9.683445e-01
   outer loop
     vertex  6.900771e+01  5.852908e+01 -1.379392e+00
     vertex  6.980245e+01  5.532835e+01 -2.223146e+00
     vertex  6.900205e+01  5.523117e+01 -2.223146e+00
   endloop
 endfacet
 facet normal -6.378449e-02  5.650813e-02 -9.963626e-01
   outer loop
     vertex  6.704994e+01  5.388373e+01 -2.223146e+00
     vertex  6.758461e+01  5.448724e+01 -2.223146e+00
     vertex  6.980245e+01  5.198381e+01 -2.507106e+00
   endloop
 endfacet
 facet normal -8.851560e-02  2.333965e-01 -9.683445e-01
   outer loop
     vertex  6.746442e+01  5.814869e+01 -1.379392e+00
     vertex  6.900205e+01  5.523117e+01 -2.223146e+00
     vertex  6.824816e+01  5.494526e+01 -2.223146e+00
   endloop
 endfacet
 facet normal -9.894644e-02  4.014415e-01 -9.105242e-01
   outer loop
     vertex  6.746442e+01  5.814869e+01 -1.379392e+00
     vertex  6.637931e+01  6.100989e+01  0.000000e+00
     vertex  6.863886e+01  6.156682e+01  0.000000e+00
   endloop
 endfacet
 facet normal -1.921425e-01  3.660969e-01 -9.105242e-01
   outer loop
     vertex  6.746442e+01  5.814869e+01 -1.379392e+00
     vertex  6.431870e+01  5.992840e+01  0.000000e+00
     vertex  6.637931e+01  6.100989e+01  0.000000e+00
   endloop
 endfacet
 facet normal -9.894644e-02  4.014415e-01 -9.105242e-01
   outer loop
     vertex  6.746442e+01  5.814869e+01 -1.379392e+00
     vertex  6.863886e+01  6.156682e+01  0.000000e+00
     vertex  6.900771e+01  5.852908e+01 -1.379392e+00
   endloop
 endfacet
 facet normal -6.100277e-02  2.474980e-01 -9.669661e-01
   outer loop
     vertex  6.746442e+01  5.814869e+01 -1.379392e+00
     vertex  6.900771e+01  5.852908e+01 -1.379392e+00
     vertex  6.900205e+01  5.523117e+01 -2.223146e+00
   endloop
 endfacet
 facet normal -7.545431e-02  3.960148e-02 -9.963626e-01
   outer loop
     vertex  6.667525e+01  5.316980e+01 -2.223146e+00
     vertex  6.704994e+01  5.388373e+01 -2.223146e+00
     vertex  6.980245e+01  5.198381e+01 -2.507106e+00
   endloop
 endfacet
 facet normal -1.417989e-01  2.054312e-01 -9.683445e-01
   outer loop
     vertex  6.605700e+01  5.741003e+01 -1.379392e+00
     vertex  6.824816e+01  5.494526e+01 -2.223146e+00
     vertex  6.758461e+01  5.448724e+01 -2.223146e+00
   endloop
 endfacet
 facet normal -1.921425e-01  3.660969e-01 -9.105242e-01
   outer loop
     vertex  6.605700e+01  5.741003e+01 -1.379392e+00
     vertex  6.431870e+01  5.992840e+01  0.000000e+00
     vertex  6.746442e+01  5.814869e+01 -1.379392e+00
   endloop
 endfacet
 facet normal -1.184603e-01  2.257072e-01 -9.669661e-01
   outer loop
     vertex  6.605700e+01  5.741003e+01 -1.379392e+00
     vertex  6.746442e+01  5.814869e+01 -1.379392e+00
     vertex  6.824816e+01  5.494526e+01 -2.223146e+00
   endloop
 endfacet
 facet normal -8.273900e-02  2.039333e-02 -9.963626e-01
   outer loop
     vertex  6.648229e+01  5.238695e+01 -2.223146e+00
     vertex  6.667525e+01  5.316980e+01 -2.223146e+00
     vertex  6.980245e+01  5.198381e+01 -2.507106e+00
   endloop
 endfacet
 facet normal -2.741719e-01  3.094761e-01 -9.105242e-01
   outer loop
     vertex  6.486726e+01  5.635601e+01 -1.379392e+00
     vertex  6.257678e+01  5.838519e+01  0.000000e+00
     vertex  6.431870e+01  5.992840e+01  0.000000e+00
   endloop
 endfacet
 facet normal -1.690333e-01  1.907992e-01 -9.669661e-01
   outer loop
     vertex  6.486726e+01  5.635601e+01 -1.379392e+00
     vertex  6.605700e+01  5.741003e+01 -1.379392e+00
     vertex  6.758461e+01  5.448724e+01 -2.223146e+00
   endloop
 endfacet
 facet normal -1.868414e-01  1.655270e-01 -9.683445e-01
   outer loop
     vertex  6.486726e+01  5.635601e+01 -1.379392e+00
     vertex  6.758461e+01  5.448724e+01 -2.223146e+00
     vertex  6.704994e+01  5.388373e+01 -2.223146e+00
   endloop
 endfacet
 facet normal -2.741719e-01  3.094761e-01 -9.105242e-01
   outer loop
     vertex  6.486726e+01  5.635601e+01 -1.379392e+00
     vertex  6.431870e+01  5.992840e+01  0.000000e+00
     vertex  6.605700e+01  5.741003e+01 -1.379392e+00
   endloop
 endfacet
 facet normal  0.000000e+00  0.000000e+00  0.000000e+00
   outer loop
     vertex  6.648229e+01  5.158067e+01 -2.223146e+00
     vertex  6.980245e+01  5.198381e+01 -2.507106e+00
     vertex  6.980245e+01  5.198381e+01 -2.507106e+00
   endloop
 endfacet
 facet normal -8.521520e-02  0.000000e+00 -9.963626e-01
   outer loop
     vertex  6.648229e+01  5.158067e+01 -2.223146e+00
     vertex  6.648229e+01  5.238695e+01 -2.223146e+00
     vertex  6.980245e+01  5.198381e+01 -2.507106e+00
   endloop
 endfacet
 facet normal -3.402674e-01  2.348696e-01 -9.105242e-01
   outer loop
     vertex  6.396433e+01  5.504789e+01 -1.379392e+00
     vertex  6.125480e+01  5.646996e+01  0.000000e+00
     vertex  6.257678e+01  5.838519e+01  0.000000e+00
   endloop
 endfacet
 facet normal -2.097827e-01  1.448026e-01 -9.669661e-01
   outer loop
     vertex  6.396433e+01  5.504789e+01 -1.379392e+00
     vertex  6.486726e+01  5.635601e+01 -1.379392e+00
     vertex  6.704994e+01  5.388373e+01 -2.223146e+00
   endloop
 endfacet
 facet normal -3.402674e-01  2.348696e-01 -9.105242e-01
   outer loop
     vertex  6.396433e+01  5.504789e+01 -1.379392e+00
     vertex  6.257678e+01  5.838519e+01  0.000000e+00
     vertex  6.486726e+01  5.635601e+01 -1.379392e+00
   endloop
 endfacet
 facet normal -2.210254e-01  1.160031e-01 -9.683445e-01
   outer loop
     vertex  6.396433e+01  5.504789e+01 -1.379392e+00
     vertex  6.704994e+01  5.388373e+01 -2.223146e+00
     vertex  6.667525e+01  5.316980e+01 -2.223146e+00
   endloop
 endfacet
 facet normal -8.273900e-02 -2.039333e-02 -9.963626e-01
   outer loop
     vertex  6.667525e+01  5.079782e+01 -2.223146e+00
     vertex  6.648229e+01  5.158067e+01 -2.223146e+00
     vertex  6.980245e+01  5.198381e+01 -2.507106e+00
   endloop
 endfacet
 facet normal -3.865878e-01  1.466134e-01 -9.105242e-01
   outer loop
     vertex  6.340070e+01  5.356170e+01 -1.379392e+00
     vertex  6.042957e+01  5.429402e+01  0.000000e+00
     vertex  6.125480e+01  5.646996e+01  0.000000e+00
   endloop
 endfacet
 facet normal -4.104412e-01  4.983658e-02 -9.105242e-01
   outer loop
     vertex  6.340070e+01  5.356170e+01 -1.379392e+00
     vertex  6.014906e+01  5.198381e+01  0.000000e+00
     vertex  6.042957e+01  5.429402e+01  0.000000e+00
   endloop
 endfacet
 facet normal -3.865878e-01  1.466134e-01 -9.105242e-01
   outer loop
     vertex  6.340070e+01  5.356170e+01 -1.379392e+00
     vertex  6.125480e+01  5.646996e+01  0.000000e+00
     vertex  6.396433e+01  5.504789e+01 -1.379392e+00
   endloop
 endfacet
 facet normal -2.383404e-01  9.039057e-02 -9.669661e-01
   outer loop
     vertex  6.340070e+01  5.356170e+01 -1.379392e+00
     vertex  6.396433e+01  5.504789e+01 -1.379392e+00
     vertex  6.667525e+01  5.316980e+01 -2.223146e+00
   endloop
 endfacet
 facet normal -2.423641e-01  5.973739e-02 -9.683445e-01
   outer loop
     vertex  6.340070e+01  5.356170e+01 -1.379392e+00
     vertex  6.667525e+01  5.316980e+01 -2.223146e+00
     vertex  6.648229e+01  5.238695e+01 -2.223146e+00
   endloop
 endfacet
 facet normal -7.545431e-02 -3.960148e-02 -9.963626e-01
   outer loop
     vertex  6.704994e+01  5.008389e+01 -2.223146e+00
     vertex  6.667525e+01  5.079782e+01 -2.223146e+00
     vertex  6.980245e+01  5.198381e+01 -2.507106e+00
   endloop
 endfacet
 facet normal -4.104412e-01  4.983658e-02 -9.105242e-01
   outer loop
     vertex  6.320911e+01  5.198381e+01 -1.379392e+00
     vertex  6.014906e+01  5.198381e+01  0.000000e+00
     vertex  6.340070e+01  5.356170e+01 -1.379392e+00
   endloop
 endfacet
 facet normal -2.530465e-01  3.072541e-02 -9.669661e-01
   outer loop
     vertex  6.320911e+01  5.198381e+01 -1.379392e+00
     vertex  6.340070e+01  5.356170e+01 -1.379392e+00
     vertex  6.648229e+01  5.238695e+01 -2.223146e+00
   endloop
 endfacet
 facet normal -2.496175e-01  0.000000e+00 -9.683445e-01
   outer loop
     vertex  6.320911e+01  5.198381e+01 -1.379392e+00
     vertex  6.648229e+01  5.238695e+01 -2.223146e+00
     vertex  6.648229e+01  5.158067e+01 -2.223146e+00
   endloop
 endfacet
 facet normal -6.378449e-02 -5.650813e-02 -9.963626e-01
   outer loop
     vertex  6.758461e+01  4.948038e+01 -2.223146e+00
     vertex  6.704994e+01  5.008389e+01 -2.223146e+00
     vertex  6.980245e+01  5.198381e+01 -2.507106e+00
   endloop
 endfacet
 facet normal -4.104412e-01 -4.983658e-02 -9.105242e-01
   outer loop
     vertex  6.340070e+01  5.040592e+01 -1.379392e+00
     vertex  6.042957e+01  4.967360e+01  0.000000e+00
     vertex  6.014906e+01  5.198381e+01  0.000000e+00
   endloop
 endfacet
 facet normal -2.530465e-01 -3.072541e-02 -9.669661e-01
   outer loop
     vertex  6.340070e+01  5.040592e+01 -1.379392e+00
     vertex  6.320911e+01  5.198381e+01 -1.379392e+00
     vertex  6.648229e+01  5.158067e+01 -2.223146e+00
   endloop
 endfacet
 facet normal -2.423641e-01 -5.973739e-02 -9.683445e-01
   outer loop
     vertex  6.340070e+01  5.040592e+01 -1.379392e+00
     vertex  6.648229e+01  5.158067e+01 -2.223146e+00
     vertex  6.667525e+01  5.079782e+01 -2.223146e+00
   endloop
 endfacet
 facet normal -4.104412e-01 -4.983658e-02 -9.105242e-01
   outer loop
     vertex  6.340070e+01  5.040592e+01 -1.379392e+00
     vertex  6.014906e+01  5.198381e+01  0.000000e+00
     vertex  6.320911e+01  5.198381e+01 -1.379392e+00
   endloop
 endfacet
 facet normal -4.840775e-02 -7.013073e-02 -9.963626e-01
   outer loop
     vertex  6.824816e+01  4.902236e+01 -2.223146e+00
     vertex  6.758461e+01  4.948038e+01 -2.223146e+00
     vertex  6.980245e+01  5.198381e+01 -2.507106e+00
   endloop
 endfacet
 facet normal -3.865878e-01 -1.466134e-01 -9.105242e-01
   outer loop
     vertex  6.396433e+01  4.891973e+01 -1.379392e+00
     vertex  6.125480e+01  4.749766e+01  0.000000e+00
     vertex  6.042957e+01  4.967360e+01  0.000000e+00
   endloop
 endfacet
 facet normal -3.865878e-01 -1.466134e-01 -9.105242e-01
   outer loop
     vertex  6.396433e+01  4.891973e+01 -1.379392e+00
     vertex  6.042957e+01  4.967360e+01  0.000000e+00
     vertex  6.340070e+01  5.040592e+01 -1.379392e+00
   endloop
 endfacet
 facet normal -2.210254e-01 -1.160031e-01 -9.683445e-01
   outer loop
     vertex  6.396433e+01  4.891973e+01 -1.379392e+00
     vertex  6.667525e+01  5.079782e+01 -2.223146e+00
     vertex  6.704994e+01  5.008389e+01 -2.223146e+00
   endloop
 endfacet
 facet normal -2.383404e-01 -9.039057e-02 -9.669661e-01
   outer loop
     vertex  6.396433e+01  4.891973e+01 -1.379392e+00
     vertex  6.340070e+01  5.040592e+01 -1.379392e+00
     vertex  6.667525e+01  5.079782e+01 -2.223146e+00
   endloop
 endfacet
 facet normal -3.021773e-02 -7.967759e-02 -9.963626e-01
   outer loop
     vertex  6.900205e+01  4.873645e+01 -2.223146e+00
     vertex  6.824816e+01  4.902236e+01 -2.223146e+00
     vertex  6.980245e+01  5.198381e+01 -2.507106e+00
   endloop
 endfacet
 facet normal -3.402674e-01 -2.348696e-01 -9.105242e-01
   outer loop
     vertex  6.486726e+01  4.761161e+01 -1.379392e+00
     vertex  6.257678e+01  4.558243e+01  0.000000e+00
     vertex  6.125480e+01  4.749766e+01  0.000000e+00
   endloop
 endfacet
 facet normal -3.402674e-01 -2.348696e-01 -9.105242e-01
   outer loop
     vertex  6.486726e+01  4.761161e+01 -1.379392e+00
     vertex  6.125480e+01  4.749766e+01  0.000000e+00
     vertex  6.396433e+01  4.891973e+01 -1.379392e+00
   endloop
 endfacet
 facet normal -1.868414e-01 -1.655270e-01 -9.683445e-01
   outer loop
     vertex  6.486726e+01  4.761161e+01 -1.379392e+00
     vertex  6.704994e+01  5.008389e+01 -2.223146e+00
     vertex  6.758461e+01  4.948038e+01 -2.223146e+00
   endloop
 endfacet
 facet normal -2.097827e-01 -1.448026e-01 -9.669661e-01
   outer loop
     vertex  6.486726e+01  4.761161e+01 -1.379392e+00
     vertex  6.396433e+01  4.891973e+01 -1.379392e+00
     vertex  6.704994e+01  5.008389e+01 -2.223146e+00
   endloop
 endfacet
 facet normal -1.027156e-02 -8.459388e-02 -9.963626e-01
   outer loop
     vertex  6.980245e+01  4.863926e+01 -2.223146e+00
     vertex  6.900205e+01  4.873645e+01 -2.223146e+00
     vertex  6.980245e+01  5.198381e+01 -2.507106e+00
   endloop
 endfacet
 facet normal -2.741719e-01 -3.094761e-01 -9.105242e-01
   outer loop
     vertex  6.605700e+01  4.655759e+01 -1.379392e+00
     vertex  6.431870e+01  4.403922e+01  0.000000e+00
     vertex  6.257678e+01  4.558243e+01  0.000000e+00
   endloop
 endfacet
 facet normal -2.741719e-01 -3.094761e-01 -9.105242e-01
   outer loop
     vertex  6.605700e+01  4.655759e+01 -1.379392e+00
     vertex  6.257678e+01  4.558243e+01  0.000000e+00
     vertex  6.486726e+01  4.761161e+01 -1.379392e+00
   endloop
 endfacet
 facet normal -1.417989e-01 -2.054312e-01 -9.683445e-01
   outer loop
     vertex  6.605700e+01  4.655759e+01 -1.379392e+00
     vertex  6.758461e+01  4.948038e+01 -2.223146e+00
     vertex  6.824816e+01  4.902236e+01 -2.223146e+00
   endloop
 endfacet
 facet normal -1.690333e-01 -1.907992e-01 -9.669661e-01
   outer loop
     vertex  6.605700e+01  4.655759e+01 -1.379392e+00
     vertex  6.486726e+01  4.761161e+01 -1.379392e+00
     vertex  6.758461e+01  4.948038e+01 -2.223146e+00
   endloop
 endfacet
 facet normal  1.027156e-02 -8.459388e-02 -9.963626e-01
   outer loop
     vertex  7.060285e+01  4.873645e+01 -2.223146e+00
     vertex  6.980245e+01  4.863926e+01 -2.223146e+00
     vertex  6.980245e+01  5.198381e+01 -2.507106e+00
   endloop
 endfacet
 facet normal -1.921425e-01 -3.660969e-01 -9.105242e-01
   outer loop
     vertex  6.746442e+01  4.581893e+01 -1.379392e+00
     vertex  6.637931e+01  4.295773e+01  0.000000e+00
     vertex  6.431870e+01  4.403922e+01  0.000000e+00
   endloop
 endfacet
 facet normal -1.921425e-01 -3.660969e-01 -9.105242e-01
   outer loop
     vertex  6.746442e+01  4.581893e+01 -1.379392e+00
     vertex  6.431870e+01  4.403922e+01  0.000000e+00
     vertex  6.605700e+01  4.655759e+01 -1.379392e+00
   endloop
 endfacet
 facet normal -8.851560e-02 -2.333965e-01 -9.683445e-01
   outer loop
     vertex  6.746442e+01  4.581893e+01 -1.379392e+00
     vertex  6.824816e+01  4.902236e+01 -2.223146e+00
     vertex  6.900205e+01  4.873645e+01 -2.223146e+00
   endloop
 endfacet
 facet normal -1.184603e-01 -2.257072e-01 -9.669661e-01
   outer loop
     vertex  6.746442e+01  4.581893e+01 -1.379392e+00
     vertex  6.605700e+01  4.655759e+01 -1.379392e+00
     vertex  6.824816e+01  4.902236e+01 -2.223146e+00
   endloop
 endfacet
 facet normal  3.021773e-02 -7.967759e-02 -9.963626e-01
   outer loop
     vertex  7.135674e+01  4.902236e+01 -2.223146e+00
     vertex  7.060285e+01  4.873645e+01 -2.223146e+00
     vertex  6.980245e+01  5.198381e+01 -2.507106e+00
   endloop
 endfacet
 facet normal -9.894644e-02 -4.014415e-01 -9.105242e-01
   outer loop
     vertex  6.900771e+01  4.543854e+01 -1.379392e+00
     vertex  6.863886e+01  4.240080e+01  0.000000e+00
     vertex  6.637931e+01  4.295773e+01  0.000000e+00
   endloop
 endfacet
 facet normal -9.894644e-02 -4.014415e-01 -9.105242e-01
   outer loop
     vertex  6.900771e+01  4.543854e+01 -1.379392e+00
     vertex  6.637931e+01  4.295773e+01  0.000000e+00
     vertex  6.746442e+01  4.581893e+01 -1.379392e+00
   endloop
 endfacet
 facet normal -3.008807e-02 -2.477975e-01 -9.683445e-01
   outer loop
     vertex  6.900771e+01  4.543854e+01 -1.379392e+00
     vertex  6.900205e+01  4.873645e+01 -2.223146e+00
     vertex  6.980245e+01  4.863926e+01 -2.223146e+00
   endloop
 endfacet
 facet normal -6.100277e-02 -2.474980e-01 -9.669661e-01
   outer loop
     vertex  6.900771e+01  4.543854e+01 -1.379392e+00
     vertex  6.746442e+01  4.581893e+01 -1.379392e+00
     vertex  6.900205e+01  4.873645e+01 -2.223146e+00
   endloop
 endfacet
 facet normal  4.840775e-02 -7.013073e-02 -9.963626e-01
   outer loop
     vertex  7.202029e+01  4.948038e+01 -2.223146e+00
     vertex  7.135674e+01  4.902236e+01 -2.223146e+00
     vertex  6.980245e+01  5.198381e+01 -2.507106e+00
   endloop
 endfacet
 facet normal  0.000000e+00 -4.134558e-01 -9.105242e-01
   outer loop
     vertex  7.059719e+01  4.543854e+01 -1.379392e+00
     vertex  7.096604e+01  4.240080e+01  0.000000e+00
     vertex  6.863886e+01  4.240080e+01  0.000000e+00
   endloop
 endfacet
 facet normal -1.848265e-15 -4.134558e-01 -9.105242e-01
   outer loop
     vertex  7.059719e+01  4.543854e+01 -1.379392e+00
     vertex  6.863886e+01  4.240080e+01  0.000000e+00
     vertex  6.900771e+01  4.543854e+01 -1.379392e+00
   endloop
 endfacet
 facet normal  3.008807e-02 -2.477975e-01 -9.683445e-01
   outer loop
     vertex  7.059719e+01  4.543854e+01 -1.379392e+00
     vertex  6.980245e+01  4.863926e+01 -2.223146e+00
     vertex  7.060285e+01  4.873645e+01 -2.223146e+00
   endloop
 endfacet
 facet normal -1.139498e-15 -2.549050e-01 -9.669661e-01
   outer loop
     vertex  7.059719e+01  4.543854e+01 -1.379392e+00
     vertex  6.900771e+01  4.543854e+01 -1.379392e+00
     vertex  6.980245e+01  4.863926e+01 -2.223146e+00
   endloop
 endfacet
 facet normal  6.378449e-02 -5.650813e-02 -9.963626e-01
   outer loop
     vertex  7.255496e+01  5.008389e+01 -2.223146e+00
     vertex  7.202029e+01  4.948038e+01 -2.223146e+00
     vertex  6.980245e+01  5.198381e+01 -2.507106e+00
   endloop
 endfacet
 facet normal  9.894644e-02 -4.014415e-01 -9.105242e-01
   outer loop
     vertex  7.214048e+01  4.581893e+01 -1.379392e+00
     vertex  7.322559e+01  4.295773e+01  0.000000e+00
     vertex  7.096604e+01  4.240080e+01  0.000000e+00
   endloop
 endfacet
 facet normal  9.894644e-02 -4.014415e-01 -9.105242e-01
   outer loop
     vertex  7.214048e+01  4.581893e+01 -1.379392e+00
     vertex  7.096604e+01  4.240080e+01  0.000000e+00
     vertex  7.059719e+01  4.543854e+01 -1.379392e+00
   endloop
 endfacet
 facet normal  8.851560e-02 -2.333965e-01 -9.683445e-01
   outer loop
     vertex  7.214048e+01  4.581893e+01 -1.379392e+00
     vertex  7.060285e+01  4.873645e+01 -2.223146e+00
     vertex  7.135674e+01  4.902236e+01 -2.223146e+00
   endloop
 endfacet
 facet normal  6.100277e-02 -2.474980e-01 -9.669661e-01
   outer loop
     vertex  7.214048e+01  4.581893e+01 -1.379392e+00
     vertex  7.059719e+01  4.543854e+01 -1.379392e+00
     vertex  7.060285e+01  4.873645e+01 -2.223146e+00
   endloop
 endfacet
 facet normal  7.545431e-02 -3.960148e-02 -9.963626e-01
   outer loop
     vertex  7.292965e+01  5.079782e+01 -2.223146e+00
     vertex  7.255496e+01  5.008389e+01 -2.223146e+00
     vertex  6.980245e+01  5.198381e+01 -2.507106e+00
   endloop
 endfacet
 facet normal  1.921425e-01 -3.660969e-01 -9.105242e-01
   outer loop
     vertex  7.354790e+01  4.655759e+01 -1.379392e+00
     vertex  7.528620e+01  4.403922e+01  0.000000e+00
     vertex  7.322559e+01  4.295773e+01  0.000000e+00
   endloop
 endfacet
 facet normal  1.921425e-01 -3.660969e-01 -9.105242e-01
   outer loop
     vertex  7.354790e+01  4.655759e+01 -1.379392e+00
     vertex  7.322559e+01  4.295773e+01  0.000000e+00
     vertex  7.214048e+01  4.581893e+01 -1.379392e+00
   endloop
 endfacet
 facet normal  1.417989e-01 -2.054312e-01 -9.683445e-01
   outer loop
     vertex  7.354790e+01  4.655759e+01 -1.379392e+00
     vertex  7.135674e+01  4.902236e+01 -2.223146e+00
     vertex  7.202029e+01  4.948038e+01 -2.223146e+00
   endloop
 endfacet
 facet normal  1.184603e-01 -2.257072e-01 -9.669661e-01
   outer loop
     vertex  7.354790e+01  4.655759e+01 -1.379392e+00
     vertex  7.214048e+01  4.581893e+01 -1.379392e+00
     vertex  7.135674e+01  4.902236e+01 -2.223146e+00
   endloop
 endfacet
 facet normal  8.459724e-02 -5.117190e-03 -9.964021e-01
   outer loop
     vertex  7.312261e+01  5.158067e+01 -2.223146e+00
     vertex  6.980245e+01  5.198381e+01 -2.507106e+00
     vertex  7.314700e+01  5.198381e+01 -2.223146e+00
   endloop
 endfacet
 facet normal  2.513441e-01 -1.520352e-02 -9.677784e-01
   outer loop
     vertex  7.312261e+01  5.158067e+01 -2.223146e+00
     vertex  7.314700e+01  5.198381e+01 -2.223146e+00
     vertex  7.639579e+01  5.198381e+01 -1.379392e+00
   endloop
 endfacet
 facet normal  8.273900e-02 -2.039333e-02 -9.963626e-01
   outer loop
     vertex  7.312261e+01  5.158067e+01 -2.223146e+00
     vertex  7.292965e+01  5.079782e+01 -2.223146e+00
     vertex  6.980245e+01  5.198381e+01 -2.507106e+00
   endloop
 endfacet
 facet normal  1.690333e-01 -1.907992e-01 -9.669661e-01
   outer loop
     vertex  7.473764e+01  4.761161e+01 -1.379392e+00
     vertex  7.354790e+01  4.655759e+01 -1.379392e+00
     vertex  7.202029e+01  4.948038e+01 -2.223146e+00
   endloop
 endfacet
 facet normal  2.741719e-01 -3.094761e-01 -9.105242e-01
   outer loop
     vertex  7.473764e+01  4.761161e+01 -1.379392e+00
     vertex  7.702812e+01  4.558243e+01  0.000000e+00
     vertex  7.528620e+01  4.403922e+01  0.000000e+00
   endloop
 endfacet
 facet normal  1.868414e-01 -1.655270e-01 -9.683445e-01
   outer loop
     vertex  7.473764e+01  4.761161e+01 -1.379392e+00
     vertex  7.202029e+01  4.948038e+01 -2.223146e+00
     vertex  7.255496e+01  5.008389e+01 -2.223146e+00
   endloop
 endfacet
 facet normal  2.741719e-01 -3.094761e-01 -9.105242e-01
   outer loop
     vertex  7.473764e+01  4.761161e+01 -1.379392e+00
     vertex  7.528620e+01  4.403922e+01  0.000000e+00
     vertex  7.354790e+01  4.655759e+01 -1.379392e+00
   endloop
 endfacet
 facet normal  2.097827e-01 -1.448026e-01 -9.669661e-01
   outer loop
     vertex  7.564057e+01  4.891973e+01 -1.379392e+00
     vertex  7.473764e+01  4.761161e+01 -1.379392e+00
     vertex  7.255496e+01  5.008389e+01 -2.223146e+00
   endloop
 endfacet
 facet normal  3.402674e-01 -2.348696e-01 -9.105242e-01
   outer loop
     vertex  7.564057e+01  4.891973e+01 -1.379392e+00
     vertex  7.835010e+01  4.749766e+01  0.000000e+00
     vertex  7.702812e+01  4.558243e+01  0.000000e+00
   endloop
 endfacet
 facet normal  3.402674e-01 -2.348696e-01 -9.105242e-01
   outer loop
     vertex  7.564057e+01  4.891973e+01 -1.379392e+00
     vertex  7.702812e+01  4.558243e+01  0.000000e+00
     vertex  7.473764e+01  4.761161e+01 -1.379392e+00
   endloop
 endfacet
 facet normal  2.210254e-01 -1.160031e-01 -9.683445e-01
   outer loop
     vertex  7.564057e+01  4.891973e+01 -1.379392e+00
     vertex  7.255496e+01  5.008389e+01 -2.223146e+00
     vertex  7.292965e+01  5.079782e+01 -2.223146e+00
   endloop
 endfacet
 facet normal  2.530465e-01 -3.072541e-02 -9.669661e-01
   outer loop
     vertex  7.620420e+01  5.040592e+01 -1.379392e+00
     vertex  7.312261e+01  5.158067e+01 -2.223146e+00
     vertex  7.639579e+01  5.198381e+01 -1.379392e+00
   endloop
 endfacet
 facet normal  2.423641e-01 -5.973739e-02 -9.683445e-01
   outer loop
     vertex  7.620420e+01  5.040592e+01 -1.379392e+00
     vertex  7.292965e+01  5.079782e+01 -2.223146e+00
     vertex  7.312261e+01  5.158067e+01 -2.223146e+00
   endloop
 endfacet
 facet normal  2.383404e-01 -9.039057e-02 -9.669661e-01
   outer loop
     vertex  7.620420e+01  5.040592e+01 -1.379392e+00
     vertex  7.564057e+01  4.891973e+01 -1.379392e+00
     vertex  7.292965e+01  5.079782e+01 -2.223146e+00
   endloop
 endfacet
 facet normal  3.865878e-01 -1.466134e-01 -9.105242e-01
   outer loop
     vertex  7.620420e+01  5.040592e+01 -1.379392e+00
     vertex  7.835010e+01  4.749766e+01  0.000000e+00
     vertex  7.564057e+01  4.891973e+01 -1.379392e+00
   endloop
 endfacet
 facet normal  3.865878e-01 -1.466134e-01 -9.105242e-01
   outer loop
     vertex  7.620420e+01  5.040592e+01 -1.379392e+00
     vertex  7.917533e+01  4.967360e+01  0.000000e+00
     vertex  7.835010e+01  4.749766e+01  0.000000e+00
   endloop
 endfacet
 facet normal  4.104412e-01 -4.983658e-02 -9.105242e-01
   outer loop
     vertex  7.620420e+01  5.040592e+01 -1.379392e+00
     vertex  7.945584e+01  5.198381e+01 -3.552714e-15
     vertex  7.917533e+01  4.967360e+01  0.000000e+00
   endloop
 endfacet
 facet normal  4.104412e-01 -4.983658e-02 -9.105242e-01
   outer loop
     vertex  7.620420e+01  5.040592e+01 -1.379392e+00
     vertex  7.639579e+01  5.198381e+01 -1.379392e+00
     vertex  7.945584e+01  5.198381e+01 -3.552714e-15
   endloop
 endfacet
endsolid
