solid 
 facet normal -1.000000e+00  0.000000e+00  0.000000e+00
   outer loop
     vertex  0.000000e+00  0.000000e+00  0.000000e+00
     vertex  0.000000e+00  8.924892e+01  2.000000e+01
     vertex  0.000000e+00  8.924892e+01  0.000000e+00
   endloop
 endfacet
 facet normal -1.000000e+00  0.000000e+00  0.000000e+00
   outer loop
     vertex  0.000000e+00  0.000000e+00  2.000000e+01
     vertex  0.000000e+00  8.924892e+01  2.000000e+01
     vertex  0.000000e+00  0.000000e+00  0.000000e+00
   endloop
 endfacet
 facet normal  0.000000e+00 -1.000000e+00 -0.000000e+00
   outer loop
     vertex  1.195396e+02  0.000000e+00  2.000000e+01
     vertex  0.000000e+00  0.000000e+00  0.000000e+00
     vertex  1.195396e+02  0.000000e+00  0.000000e+00
   endloop
 endfacet
 facet normal -0.000000e+00 -1.000000e+00  0.000000e+00
   outer loop
     vertex  1.195396e+02  0.000000e+00  2.000000e+01
     vertex  0.000000e+00  0.000000e+00  2.000000e+01
     vertex  0.000000e+00  0.000000e+00  0.000000e+00
   endloop
 endfacet
 facet normal  0.000000e+00  0.000000e+00  1.000000e+00
   outer loop
     vertex  7.533520e+01  4.533789e+01  2.000000e+01
     vertex  7.218539e+01  4.812838e+01  2.000000e+01
     vertex  0.000000e+00  0.000000e+00  2.000000e+01
   endloop
 endfacet
 facet normal  0.000000e+00  0.000000e+00  1.000000e+00
   outer loop
     vertex  6.979491e+01  5.159159e+01  2.000000e+01
     vertex  0.000000e+00  0.000000e+00  2.000000e+01
     vertex  7.218539e+01  4.812838e+01  2.000000e+01
   endloop
 endfacet
 facet normal  0.000000e+00  0.000000e+00  1.000000e+00
   outer loop
     vertex  7.906129e+01  4.338229e+01  2.000000e+01
     vertex  0.000000e+00  0.000000e+00  2.000000e+01
     vertex  1.195396e+02  0.000000e+00  2.000000e+01
   endloop
 endfacet
 facet normal  0.000000e+00  0.000000e+00  1.000000e+00
   outer loop
     vertex  7.906129e+01  4.338229e+01  2.000000e+01
     vertex  7.533520e+01  4.533789e+01  2.000000e+01
     vertex  0.000000e+00  0.000000e+00  2.000000e+01
   endloop
 endfacet
 facet normal  0.000000e+00  0.000000e+00  1.000000e+00
   outer loop
     vertex  6.830269e+01  5.552624e+01  2.000000e+01
     vertex  0.000000e+00  8.924892e+01  2.000000e+01
     vertex  0.000000e+00  0.000000e+00  2.000000e+01
   endloop
 endfacet
 facet normal  0.000000e+00  0.000000e+00  1.000000e+00
   outer loop
     vertex  6.830269e+01  5.552624e+01  2.000000e+01
     vertex  0.000000e+00  0.000000e+00  2.000000e+01
     vertex  6.979491e+01  5.159159e+01  2.000000e+01
   endloop
 endfacet
 facet normal  0.000000e+00  0.000000e+00  1.000000e+00
   outer loop
     vertex  8.314712e+01  4.237522e+01  2.000000e+01
     vertex  7.906129e+01  4.338229e+01  2.000000e+01
     vertex  1.195396e+02  0.000000e+00  2.000000e+01
   endloop
 endfacet
 facet normal  0.000000e+00  0.000000e+00  1.000000e+00
   outer loop
     vertex  6.779546e+01  5.970366e+01  2.000000e+01
     vertex  0.000000e+00  8.924892e+01  2.000000e+01
     vertex  6.830269e+01  5.552624e+01  2.000000e+01
   endloop
 endfacet
 facet normal  0.000000e+00  0.000000e+00  1.000000e+00
   outer loop
     vertex  8.735523e+01  4.237522e+01  2.000000e+01
     vertex  8.314712e+01  4.237522e+01  2.000000e+01
     vertex  1.195396e+02  0.000000e+00  2.000000e+01
   endloop
 endfacet
 facet normal  0.000000e+00  0.000000e+00  1.000000e+00
   outer loop
     vertex  6.830269e+01  6.388109e+01  2.000000e+01
     vertex  0.000000e+00  8.924892e+01  2.000000e+01
     vertex  6.779546e+01  5.970366e+01  2.000000e+01
   endloop
 endfacet
 facet normal  0.000000e+00  0.000000e+00  1.000000e+00
   outer loop
     vertex  9.144105e+01  4.338229e+01  2.000000e+01
     vertex  8.735523e+01  4.237522e+01  2.000000e+01
     vertex  1.195396e+02  0.000000e+00  2.000000e+01
   endloop
 endfacet
 facet normal  0.000000e+00  0.000000e+00  1.000000e+00
   outer loop
     vertex  6.979491e+01  6.781573e+01  2.000000e+01
     vertex  0.000000e+00  8.924892e+01  2.000000e+01
     vertex  6.830269e+01  6.388109e+01  2.000000e+01
   endloop
 endfacet
 facet normal  0.000000e+00  0.000000e+00  1.000000e+00
   outer loop
     vertex  9.516714e+01  4.533789e+01  2.000000e+01
     vertex  9.144105e+01  4.338229e+01  2.000000e+01
     vertex  1.195396e+02  0.000000e+00  2.000000e+01
   endloop
 endfacet
 facet normal  0.000000e+00  0.000000e+00  1.000000e+00
   outer loop
     vertex  7.218539e+01  7.127894e+01  2.000000e+01
     vertex  0.000000e+00  8.924892e+01  2.000000e+01
     vertex  6.979491e+01  6.781573e+01  2.000000e+01
   endloop
 endfacet
 facet normal  0.000000e+00  0.000000e+00  1.000000e+00
   outer loop
     vertex  9.831696e+01  4.812838e+01  2.000000e+01
     vertex  9.516714e+01  4.533789e+01  2.000000e+01
     vertex  1.195396e+02  0.000000e+00  2.000000e+01
   endloop
 endfacet
 facet normal  0.000000e+00  0.000000e+00  1.000000e+00
   outer loop
     vertex  7.533520e+01  7.406943e+01  2.000000e+01
     vertex  0.000000e+00  8.924892e+01  2.000000e+01
     vertex  7.218539e+01  7.127894e+01  2.000000e+01
   endloop
 endfacet
 facet normal  0.000000e+00  0.000000e+00  1.000000e+00
   outer loop
     vertex  1.007074e+02  5.159159e+01  2.000000e+01
     vertex  9.831696e+01  4.812838e+01  2.000000e+01
     vertex  1.195396e+02  0.000000e+00  2.000000e+01
   endloop
 endfacet
 facet normal  0.000000e+00  0.000000e+00  1.000000e+00
   outer loop
     vertex  7.906129e+01  7.602503e+01  2.000000e+01
     vertex  0.000000e+00  8.924892e+01  2.000000e+01
     vertex  7.533520e+01  7.406943e+01  2.000000e+01
   endloop
 endfacet
 facet normal  0.000000e+00  0.000000e+00  1.000000e+00
   outer loop
     vertex  1.021996e+02  5.552624e+01  2.000000e+01
     vertex  1.007074e+02  5.159159e+01  2.000000e+01
     vertex  1.195396e+02  0.000000e+00  2.000000e+01
   endloop
 endfacet
 facet normal  2.113032e-15 -1.444342e-15  1.000000e+00
   outer loop
     vertex  1.195396e+02  8.924892e+01  2.000000e+01
     vertex  1.021996e+02  6.388109e+01  2.000000e+01
     vertex  1.027069e+02  5.970366e+01  2.000000e+01
   endloop
 endfacet
 facet normal  0.000000e+00  0.000000e+00  1.000000e+00
   outer loop
     vertex  1.195396e+02  8.924892e+01  2.000000e+01
     vertex  1.007074e+02  6.781573e+01  2.000000e+01
     vertex  1.021996e+02  6.388109e+01  2.000000e+01
   endloop
 endfacet
 facet normal  0.000000e+00  0.000000e+00  1.000000e+00
   outer loop
     vertex  1.195396e+02  8.924892e+01  2.000000e+01
     vertex  9.831696e+01  7.127894e+01  2.000000e+01
     vertex  1.007074e+02  6.781573e+01  2.000000e+01
   endloop
 endfacet
 facet normal  0.000000e+00  0.000000e+00  1.000000e+00
   outer loop
     vertex  1.195396e+02  8.924892e+01  2.000000e+01
     vertex  9.516714e+01  7.406943e+01  2.000000e+01
     vertex  9.831696e+01  7.127894e+01  2.000000e+01
   endloop
 endfacet
 facet normal  0.000000e+00  0.000000e+00  1.000000e+00
   outer loop
     vertex  1.195396e+02  8.924892e+01  2.000000e+01
     vertex  9.144105e+01  7.602503e+01  2.000000e+01
     vertex  9.516714e+01  7.406943e+01  2.000000e+01
   endloop
 endfacet
 facet normal  0.000000e+00  0.000000e+00  1.000000e+00
   outer loop
     vertex  1.195396e+02  8.924892e+01  2.000000e+01
     vertex  8.735523e+01  7.703210e+01  2.000000e+01
     vertex  9.144105e+01  7.602503e+01  2.000000e+01
   endloop
 endfacet
 facet normal  0.000000e+00  0.000000e+00  1.000000e+00
   outer loop
     vertex  1.195396e+02  8.924892e+01  2.000000e+01
     vertex  8.314712e+01  7.703210e+01  2.000000e+01
     vertex  8.735523e+01  7.703210e+01  2.000000e+01
   endloop
 endfacet
 facet normal -4.330550e-15  2.226735e-15  1.000000e+00
   outer loop
     vertex  1.195396e+02  8.924892e+01  2.000000e+01
     vertex  1.027069e+02  5.970366e+01  2.000000e+01
     vertex  1.021996e+02  5.552624e+01  2.000000e+01
   endloop
 endfacet
 facet normal  0.000000e+00  0.000000e+00  1.000000e+00
   outer loop
     vertex  1.195396e+02  8.924892e+01  2.000000e+01
     vertex  1.021996e+02  5.552624e+01  2.000000e+01
     vertex  1.195396e+02  0.000000e+00  2.000000e+01
   endloop
 endfacet
 facet normal  0.000000e+00  0.000000e+00  1.000000e+00
   outer loop
     vertex  1.195396e+02  8.924892e+01  2.000000e+01
     vertex  0.000000e+00  8.924892e+01  2.000000e+01
     vertex  8.314712e+01  7.703210e+01  2.000000e+01
   endloop
 endfacet
 facet normal  0.000000e+00  0.000000e+00  1.000000e+00
   outer loop
     vertex  8.314712e+01  7.703210e+01  2.000000e+01
     vertex  0.000000e+00  8.924892e+01  2.000000e+01
     vertex  7.906129e+01  7.602503e+01  2.000000e+01
   endloop
 endfacet
 facet normal  0.000000e+00  1.000000e+00  0.000000e+00
   outer loop
     vertex  1.195396e+02  8.924892e+01  2.000000e+01
     vertex  1.195396e+02  8.924892e+01  0.000000e+00
     vertex  0.000000e+00  8.924892e+01  0.000000e+00
   endloop
 endfacet
 facet normal  0.000000e+00  1.000000e+00  0.000000e+00
   outer loop
     vertex  1.195396e+02  8.924892e+01  2.000000e+01
     vertex  0.000000e+00  8.924892e+01  0.000000e+00
     vertex  0.000000e+00  8.924892e+01  2.000000e+01
   endloop
 endfacet
 facet normal -0.000000e+00  0.000000e+00 -1.000000e+00
   outer loop
     vertex  7.910702e+01  5.080232e+01  0.000000e+00
     vertex  0.000000e+00  0.000000e+00  0.000000e+00
     vertex  7.715533e+01  5.253137e+01  0.000000e+00
   endloop
 endfacet
 facet normal  0.000000e+00 -0.000000e+00 -1.000000e+00
   outer loop
     vertex  7.567414e+01  5.467725e+01  0.000000e+00
     vertex  7.715533e+01  5.253137e+01  0.000000e+00
     vertex  0.000000e+00  0.000000e+00  0.000000e+00
   endloop
 endfacet
 facet normal  0.000000e+00 -0.000000e+00 -1.000000e+00
   outer loop
     vertex  8.141579e+01  4.959059e+01  0.000000e+00
     vertex  1.195396e+02  0.000000e+00  0.000000e+00
     vertex  0.000000e+00  0.000000e+00  0.000000e+00
   endloop
 endfacet
 facet normal -0.000000e+00  0.000000e+00 -1.000000e+00
   outer loop
     vertex  8.141579e+01  4.959059e+01  0.000000e+00
     vertex  0.000000e+00  0.000000e+00  0.000000e+00
     vertex  7.910702e+01  5.080232e+01  0.000000e+00
   endloop
 endfacet
 facet normal -0.000000e+00  0.000000e+00 -1.000000e+00
   outer loop
     vertex  7.474953e+01  5.711524e+01  0.000000e+00
     vertex  0.000000e+00  0.000000e+00  0.000000e+00
     vertex  0.000000e+00  8.924892e+01  0.000000e+00
   endloop
 endfacet
 facet normal  0.000000e+00 -0.000000e+00 -1.000000e+00
   outer loop
     vertex  7.474953e+01  5.711524e+01  0.000000e+00
     vertex  7.567414e+01  5.467725e+01  0.000000e+00
     vertex  0.000000e+00  0.000000e+00  0.000000e+00
   endloop
 endfacet
 facet normal -0.000000e+00 -0.000000e+00 -1.000000e+00
   outer loop
     vertex  8.394746e+01  4.896659e+01  0.000000e+00
     vertex  1.195396e+02  0.000000e+00  0.000000e+00
     vertex  8.141579e+01  4.959059e+01  0.000000e+00
   endloop
 endfacet
 facet normal -0.000000e+00 -0.000000e+00 -1.000000e+00
   outer loop
     vertex  7.443524e+01  5.970366e+01  0.000000e+00
     vertex  7.474953e+01  5.711524e+01  0.000000e+00
     vertex  0.000000e+00  8.924892e+01  0.000000e+00
   endloop
 endfacet
 facet normal -0.000000e+00 -0.000000e+00 -1.000000e+00
   outer loop
     vertex  8.655489e+01  4.896659e+01  0.000000e+00
     vertex  1.195396e+02  0.000000e+00  0.000000e+00
     vertex  8.394746e+01  4.896659e+01  0.000000e+00
   endloop
 endfacet
 facet normal -0.000000e+00  0.000000e+00 -1.000000e+00
   outer loop
     vertex  7.474953e+01  6.229208e+01  0.000000e+00
     vertex  7.443524e+01  5.970366e+01  0.000000e+00
     vertex  0.000000e+00  8.924892e+01  0.000000e+00
   endloop
 endfacet
 facet normal  0.000000e+00 -0.000000e+00 -1.000000e+00
   outer loop
     vertex  8.908655e+01  4.959059e+01  0.000000e+00
     vertex  1.195396e+02  0.000000e+00  0.000000e+00
     vertex  8.655489e+01  4.896659e+01  0.000000e+00
   endloop
 endfacet
 facet normal -0.000000e+00  0.000000e+00 -1.000000e+00
   outer loop
     vertex  7.567414e+01  6.473007e+01  0.000000e+00
     vertex  7.474953e+01  6.229208e+01  0.000000e+00
     vertex  0.000000e+00  8.924892e+01  0.000000e+00
   endloop
 endfacet
 facet normal  0.000000e+00 -0.000000e+00 -1.000000e+00
   outer loop
     vertex  9.139532e+01  5.080232e+01  0.000000e+00
     vertex  1.195396e+02  0.000000e+00  0.000000e+00
     vertex  8.908655e+01  4.959059e+01  0.000000e+00
   endloop
 endfacet
 facet normal -0.000000e+00  0.000000e+00 -1.000000e+00
   outer loop
     vertex  7.715533e+01  6.687595e+01  0.000000e+00
     vertex  7.567414e+01  6.473007e+01  0.000000e+00
     vertex  0.000000e+00  8.924892e+01  0.000000e+00
   endloop
 endfacet
 facet normal  0.000000e+00 -0.000000e+00 -1.000000e+00
   outer loop
     vertex  9.334701e+01  5.253137e+01  0.000000e+00
     vertex  1.195396e+02  0.000000e+00  0.000000e+00
     vertex  9.139532e+01  5.080232e+01  0.000000e+00
   endloop
 endfacet
 facet normal -0.000000e+00  0.000000e+00 -1.000000e+00
   outer loop
     vertex  7.910702e+01  6.860500e+01  0.000000e+00
     vertex  7.715533e+01  6.687595e+01  0.000000e+00
     vertex  0.000000e+00  8.924892e+01  0.000000e+00
   endloop
 endfacet
 facet normal  0.000000e+00 -0.000000e+00 -1.000000e+00
   outer loop
     vertex  9.482820e+01  5.467725e+01  0.000000e+00
     vertex  1.195396e+02  0.000000e+00  0.000000e+00
     vertex  9.334701e+01  5.253137e+01  0.000000e+00
   endloop
 endfacet
 facet normal -0.000000e+00  0.000000e+00 -1.000000e+00
   outer loop
     vertex  8.141579e+01  6.981673e+01  0.000000e+00
     vertex  7.910702e+01  6.860500e+01  0.000000e+00
     vertex  0.000000e+00  8.924892e+01  0.000000e+00
   endloop
 endfacet
 facet normal  0.000000e+00 -0.000000e+00 -1.000000e+00
   outer loop
     vertex  9.575281e+01  5.711524e+01  0.000000e+00
     vertex  1.195396e+02  0.000000e+00  0.000000e+00
     vertex  9.482820e+01  5.467725e+01  0.000000e+00
   endloop
 endfacet
 facet normal -2.050967e-15  1.809778e-15 -1.000000e+00
   outer loop
     vertex  1.195396e+02  8.924892e+01  0.000000e+00
     vertex  9.606710e+01  5.970366e+01 -5.329071e-15
     vertex  9.575281e+01  6.229208e+01  0.000000e+00
   endloop
 endfacet
 facet normal  0.000000e+00  0.000000e+00 -1.000000e+00
   outer loop
     vertex  1.195396e+02  8.924892e+01  0.000000e+00
     vertex  9.575281e+01  6.229208e+01  0.000000e+00
     vertex  9.482820e+01  6.473007e+01  0.000000e+00
   endloop
 endfacet
 facet normal  0.000000e+00  0.000000e+00 -1.000000e+00
   outer loop
     vertex  1.195396e+02  8.924892e+01  0.000000e+00
     vertex  9.482820e+01  6.473007e+01  0.000000e+00
     vertex  9.334701e+01  6.687595e+01  0.000000e+00
   endloop
 endfacet
 facet normal  0.000000e+00  0.000000e+00 -1.000000e+00
   outer loop
     vertex  1.195396e+02  8.924892e+01  0.000000e+00
     vertex  9.334701e+01  6.687595e+01  0.000000e+00
     vertex  9.139532e+01  6.860500e+01  0.000000e+00
   endloop
 endfacet
 facet normal  0.000000e+00  0.000000e+00 -1.000000e+00
   outer loop
     vertex  1.195396e+02  8.924892e+01  0.000000e+00
     vertex  9.139532e+01  6.860500e+01  0.000000e+00
     vertex  8.908655e+01  6.981673e+01  0.000000e+00
   endloop
 endfacet
 facet normal  0.000000e+00  0.000000e+00 -1.000000e+00
   outer loop
     vertex  1.195396e+02  8.924892e+01  0.000000e+00
     vertex  8.908655e+01  6.981673e+01  0.000000e+00
     vertex  8.655489e+01  7.044073e+01  0.000000e+00
   endloop
 endfacet
 facet normal  0.000000e+00  0.000000e+00 -1.000000e+00
   outer loop
     vertex  1.195396e+02  8.924892e+01  0.000000e+00
     vertex  8.655489e+01  7.044073e+01  0.000000e+00
     vertex  8.394746e+01  7.044073e+01  0.000000e+00
   endloop
 endfacet
 facet normal  3.326982e-15 -2.462780e-15 -1.000000e+00
   outer loop
     vertex  1.195396e+02  8.924892e+01  0.000000e+00
     vertex  9.575281e+01  5.711524e+01  0.000000e+00
     vertex  9.606710e+01  5.970366e+01 -5.329071e-15
   endloop
 endfacet
 facet normal  0.000000e+00 -0.000000e+00 -1.000000e+00
   outer loop
     vertex  1.195396e+02  8.924892e+01  0.000000e+00
     vertex  1.195396e+02  0.000000e+00  0.000000e+00
     vertex  9.575281e+01  5.711524e+01  0.000000e+00
   endloop
 endfacet
 facet normal -0.000000e+00  0.000000e+00 -1.000000e+00
   outer loop
     vertex  1.195396e+02  8.924892e+01  0.000000e+00
     vertex  8.394746e+01  7.044073e+01  0.000000e+00
     vertex  0.000000e+00  8.924892e+01  0.000000e+00
   endloop
 endfacet
 facet normal -0.000000e+00  0.000000e+00 -1.000000e+00
   outer loop
     vertex  8.394746e+01  7.044073e+01  0.000000e+00
     vertex  8.141579e+01  6.981673e+01  0.000000e+00
     vertex  0.000000e+00  8.924892e+01  0.000000e+00
   endloop
 endfacet
 facet normal  1.000000e+00  0.000000e+00  0.000000e+00
   outer loop
     vertex  1.195396e+02  0.000000e+00  0.000000e+00
     vertex  1.195396e+02  8.924892e+01  0.000000e+00
     vertex  1.195396e+02  8.924892e+01  2.000000e+01
   endloop
 endfacet
 facet normal  1.000000e+00 -0.000000e+00  0.000000e+00
   outer loop
     vertex  1.195396e+02  0.000000e+00  2.000000e+01
     vertex  1.195396e+02  0.000000e+00  0.000000e+00
     vertex  1.195396e+02  8.924892e+01  2.000000e+01
   endloop
 endfacet
 facet normal  9.189541e-01  5.781569e-02  3.901036e-01
   outer loop
     vertex  1.010683e+02  6.170183e+01  2.356383e+01
     vertex  1.011940e+02  5.970366e+01  2.356383e+01
     vertex  1.027069e+02  5.970366e+01  2.000000e+01
   endloop
 endfacet
 facet normal  8.162360e-01  5.135322e-02  5.754317e-01
   outer loop
     vertex  1.010683e+02  6.170183e+01  2.356383e+01
     vertex  9.896319e+01  5.970366e+01  2.672818e+01
     vertex  1.011940e+02  5.970366e+01  2.356383e+01
   endloop
 endfacet
 facet normal  9.252220e-01  1.123423e-01  3.624135e-01
   outer loop
     vertex  1.010683e+02  6.170183e+01  2.356383e+01
     vertex  1.027069e+02  5.970366e+01  2.000000e+01
     vertex  1.021996e+02  6.388109e+01  2.000000e+01
   endloop
 endfacet
 facet normal  8.800974e-01  2.259706e-01  4.175714e-01
   outer loop
     vertex  1.000744e+02  6.557261e+01  2.356383e+01
     vertex  1.010683e+02  6.170183e+01  2.356383e+01
     vertex  1.021996e+02  6.388109e+01  2.000000e+01
   endloop
 endfacet
 facet normal  8.713284e-01  3.304513e-01  3.627518e-01
   outer loop
     vertex  1.000744e+02  6.557261e+01  2.356383e+01
     vertex  1.021996e+02  6.388109e+01  2.000000e+01
     vertex  1.007074e+02  6.781573e+01  2.000000e+01
   endloop
 endfacet
 facet normal  7.667101e-01  5.292218e-01  3.634280e-01
   outer loop
     vertex  9.814920e+01  6.907462e+01  2.356383e+01
     vertex  1.007074e+02  6.781573e+01  2.000000e+01
     vertex  9.831696e+01  7.127894e+01  2.000000e+01
   endloop
 endfacet
 facet normal  7.964582e-01  4.378566e-01  4.170562e-01
   outer loop
     vertex  9.814920e+01  6.907462e+01  2.356383e+01
     vertex  1.000744e+02  6.557261e+01  2.356383e+01
     vertex  1.007074e+02  6.781573e+01  2.000000e+01
   endloop
 endfacet
 facet normal  7.978271e-01  1.007890e-01  5.944018e-01
   outer loop
     vertex  9.853241e+01  6.311370e+01  2.672818e+01
     vertex  9.896319e+01  5.970366e+01  2.672818e+01
     vertex  1.010683e+02  6.170183e+01  2.356383e+01
   endloop
 endfacet
 facet normal  8.064354e-01  2.070574e-01  5.538855e-01
   outer loop
     vertex  9.853241e+01  6.311370e+01  2.672818e+01
     vertex  1.010683e+02  6.170183e+01  2.356383e+01
     vertex  1.000744e+02  6.557261e+01  2.356383e+01
   endloop
 endfacet
 facet normal  6.175173e-01  6.970330e-01  3.644412e-01
   outer loop
     vertex  9.541352e+01  7.198783e+01  2.356383e+01
     vertex  9.831696e+01  7.127894e+01  2.000000e+01
     vertex  9.516714e+01  7.406943e+01  2.000000e+01
   endloop
 endfacet
 facet normal  6.628327e-01  6.224413e-01  4.161967e-01
   outer loop
     vertex  9.541352e+01  7.198783e+01  2.356383e+01
     vertex  9.814920e+01  6.907462e+01  2.356383e+01
     vertex  9.831696e+01  7.127894e+01  2.000000e+01
   endloop
 endfacet
 facet normal  7.296067e-01  4.011047e-01  5.538855e-01
   outer loop
     vertex  9.726711e+01  6.630948e+01  2.672818e+01
     vertex  1.000744e+02  6.557261e+01  2.356383e+01
     vertex  9.814920e+01  6.907462e+01  2.356383e+01
   endloop
 endfacet
 facet normal  7.476967e-01  2.960341e-01  5.944018e-01
   outer loop
     vertex  9.726711e+01  6.630948e+01  2.672818e+01
     vertex  9.853241e+01  6.311370e+01  2.672818e+01
     vertex  1.000744e+02  6.557261e+01  2.356383e+01
   endloop
 endfacet
 facet normal  6.767156e-01  4.257534e-02  7.350125e-01
   outer loop
     vertex  9.602924e+01  6.106525e+01  2.935056e+01
     vertex  9.611490e+01  5.970366e+01  2.935056e+01
     vertex  9.896319e+01  5.970366e+01  2.672818e+01
   endloop
 endfacet
 facet normal  5.065861e-01  3.187169e-02  8.616001e-01
   outer loop
     vertex  9.602924e+01  6.106525e+01  2.935056e+01
     vertex  9.277739e+01  5.970366e+01  3.131288e+01
     vertex  9.611490e+01  5.970366e+01  2.935056e+01
   endloop
 endfacet
 facet normal  6.859567e-01  8.665648e-02  7.224639e-01
   outer loop
     vertex  9.602924e+01  6.106525e+01  2.935056e+01
     vertex  9.896319e+01  5.970366e+01  2.672818e+01
     vertex  9.853241e+01  6.311370e+01  2.672818e+01
   endloop
 endfacet
 facet normal  4.875087e-01  7.681909e-01  4.149916e-01
   outer loop
     vertex  9.203930e+01  7.412917e+01  2.356383e+01
     vertex  9.541352e+01  7.198783e+01  2.356383e+01
     vertex  9.516714e+01  7.406943e+01  2.000000e+01
   endloop
 endfacet
 facet normal  4.325167e-01  8.240917e-01  3.657899e-01
   outer loop
     vertex  9.203930e+01  7.412917e+01  2.356383e+01
     vertex  9.516714e+01  7.406943e+01  2.000000e+01
     vertex  9.144105e+01  7.602503e+01  2.000000e+01
   endloop
 endfacet
 facet normal  6.505857e-01  4.726782e-01  5.944018e-01
   outer loop
     vertex  9.524681e+01  6.909019e+01  2.672818e+01
     vertex  9.726711e+01  6.630948e+01  2.672818e+01
     vertex  9.814920e+01  6.907462e+01  2.356383e+01
   endloop
 endfacet
 facet normal  6.069341e-01  5.699490e-01  5.538855e-01
   outer loop
     vertex  9.524681e+01  6.909019e+01  2.672818e+01
     vertex  9.814920e+01  6.907462e+01  2.356383e+01
     vertex  9.541352e+01  7.198783e+01  2.356383e+01
   endloop
 endfacet
 facet normal  6.428555e-01  2.545245e-01  7.224639e-01
   outer loop
     vertex  9.535201e+01  6.370287e+01  2.935056e+01
     vertex  9.853241e+01  6.311370e+01  2.672818e+01
     vertex  9.726711e+01  6.630948e+01  2.672818e+01
   endloop
 endfacet
 facet normal  6.454721e-01  1.657291e-01  7.455867e-01
   outer loop
     vertex  9.535201e+01  6.370287e+01  2.935056e+01
     vertex  9.602924e+01  6.106525e+01  2.935056e+01
     vertex  9.853241e+01  6.311370e+01  2.672818e+01
   endloop
 endfacet
 facet normal  2.225718e-01  9.030093e-01  3.674724e-01
   outer loop
     vertex  8.823856e+01  7.536410e+01  2.356383e+01
     vertex  9.144105e+01  7.602503e+01  2.000000e+01
     vertex  8.735523e+01  7.703210e+01  2.000000e+01
   endloop
 endfacet
 facet normal  2.813698e-01  8.659671e-01  4.134392e-01
   outer loop
     vertex  8.823856e+01  7.536410e+01  2.356383e+01
     vertex  9.203930e+01  7.412917e+01  2.356383e+01
     vertex  9.144105e+01  7.602503e+01  2.000000e+01
   endloop
 endfacet
 facet normal  5.125961e-01  6.196222e-01  5.944018e-01
   outer loop
     vertex  9.259844e+01  7.128110e+01  2.672818e+01
     vertex  9.524681e+01  6.909019e+01  2.672818e+01
     vertex  9.541352e+01  7.198783e+01  2.356383e+01
   endloop
 endfacet
 facet normal  4.461256e-01  7.029814e-01  5.538855e-01
   outer loop
     vertex  9.259844e+01  7.128110e+01  2.672818e+01
     vertex  9.541352e+01  7.198783e+01  2.356383e+01
     vertex  9.203930e+01  7.412917e+01  2.356383e+01
   endloop
 endfacet
 facet normal  5.839783e-01  3.210448e-01  7.455867e-01
   outer loop
     vertex  9.404011e+01  6.608920e+01  2.935056e+01
     vertex  9.535201e+01  6.370287e+01  2.935056e+01
     vertex  9.726711e+01  6.630948e+01  2.672818e+01
   endloop
 endfacet
 facet normal  5.593614e-01  4.063998e-01  7.224639e-01
   outer loop
     vertex  9.404011e+01  6.608920e+01  2.935056e+01
     vertex  9.726711e+01  6.630948e+01  2.672818e+01
     vertex  9.524681e+01  6.909019e+01  2.672818e+01
   endloop
 endfacet
 facet normal  5.004330e-01  1.284894e-01  8.561877e-01
   outer loop
     vertex  9.254094e+01  6.157536e+01  3.131288e+01
     vertex  9.602924e+01  6.106525e+01  2.935056e+01
     vertex  9.535201e+01  6.370287e+01  2.935056e+01
   endloop
 endfacet
 facet normal  4.962745e-01  6.269405e-02  8.658990e-01
   outer loop
     vertex  9.254094e+01  6.157536e+01  3.131288e+01
     vertex  9.277739e+01  5.970366e+01  3.131288e+01
     vertex  9.602924e+01  6.106525e+01  2.935056e+01
   endloop
 endfacet
 facet normal  0.000000e+00  9.292362e-01  3.694862e-01
   outer loop
     vertex  8.425011e+01  7.561504e+01  2.356383e+01
     vertex  8.735523e+01  7.703210e+01  2.000000e+01
     vertex  8.314712e+01  7.703210e+01  2.000000e+01
   endloop
 endfacet
 facet normal  5.722684e-02  9.095946e-01  4.115372e-01
   outer loop
     vertex  8.425011e+01  7.561504e+01  2.356383e+01
     vertex  8.823856e+01  7.536410e+01  2.356383e+01
     vertex  8.735523e+01  7.703210e+01  2.000000e+01
   endloop
 endfacet
 facet normal  2.572853e-01  7.918428e-01  5.538855e-01
   outer loop
     vertex  8.948842e+01  7.274457e+01  2.672818e+01
     vertex  9.203930e+01  7.412917e+01  2.356383e+01
     vertex  8.823856e+01  7.536410e+01  2.356383e+01
   endloop
 endfacet
 facet normal  3.423982e-01  7.276331e-01  5.944018e-01
   outer loop
     vertex  8.948842e+01  7.274457e+01  2.672818e+01
     vertex  9.259844e+01  7.128110e+01  2.672818e+01
     vertex  9.203930e+01  7.412917e+01  2.356383e+01
   endloop
 endfacet
 facet normal  4.407205e-01  5.327395e-01  7.224639e-01
   outer loop
     vertex  9.217597e+01  6.807431e+01  2.935056e+01
     vertex  9.524681e+01  6.909019e+01  2.672818e+01
     vertex  9.259844e+01  7.128110e+01  2.672818e+01
   endloop
 endfacet
 facet normal  4.857910e-01  4.561881e-01  7.455867e-01
   outer loop
     vertex  9.217597e+01  6.807431e+01  2.935056e+01
     vertex  9.404011e+01  6.608920e+01  2.935056e+01
     vertex  9.524681e+01  6.909019e+01  2.672818e+01
   endloop
 endfacet
 facet normal  4.650918e-01  1.841429e-01  8.658990e-01
   outer loop
     vertex  9.184645e+01  6.332945e+01  3.131288e+01
     vertex  9.254094e+01  6.157536e+01  3.131288e+01
     vertex  9.535201e+01  6.370287e+01  2.935056e+01
   endloop
 endfacet
 facet normal  4.527570e-01  2.489053e-01  8.561877e-01
   outer loop
     vertex  9.184645e+01  6.332945e+01  3.131288e+01
     vertex  9.535201e+01  6.370287e+01  2.935056e+01
     vertex  9.404011e+01  6.608920e+01  2.935056e+01
   endloop
 endfacet
 facet normal  3.134722e-01  1.972200e-02  9.493926e-01
   outer loop
     vertex  8.907061e+01  6.018617e+01  3.252677e+01
     vertex  8.910096e+01  5.970366e+01  3.252677e+01
     vertex  9.277739e+01  5.970366e+01  3.131288e+01
   endloop
 endfacet
 facet normal  1.061014e-01  6.675333e-03  9.943329e-01
   outer loop
     vertex  8.907061e+01  6.018617e+01  3.252677e+01
     vertex  8.525117e+01  5.970366e+01  3.293757e+01
     vertex  8.910096e+01  5.970366e+01  3.252677e+01
   endloop
 endfacet
 facet normal  3.156517e-01  3.987608e-02  9.480369e-01
   outer loop
     vertex  8.907061e+01  6.018617e+01  3.252677e+01
     vertex  9.277739e+01  5.970366e+01  3.131288e+01
     vertex  9.254094e+01  6.157536e+01  3.131288e+01
   endloop
 endfacet
 facet normal -2.221571e-01  9.013266e-01  3.718287e-01
   outer loop
     vertex  8.032456e+01  7.486620e+01  2.356383e+01
     vertex  8.314712e+01  7.703210e+01  2.000000e+01
     vertex  7.906129e+01  7.602503e+01  2.000000e+01
   endloop
 endfacet
 facet normal -1.709681e-01  8.962463e-01  4.092828e-01
   outer loop
     vertex  8.032456e+01  7.486620e+01  2.356383e+01
     vertex  8.425011e+01  7.561504e+01  2.356383e+01
     vertex  8.314712e+01  7.703210e+01  2.000000e+01
   endloop
 endfacet
 facet normal  5.227894e-02  8.309499e-01  5.538855e-01
   outer loop
     vertex  8.611216e+01  7.338863e+01  2.672818e+01
     vertex  8.823856e+01  7.536410e+01  2.356383e+01
     vertex  8.425011e+01  7.561504e+01  2.356383e+01
   endloop
 endfacet
 facet normal  1.506861e-01  7.899242e-01  5.944018e-01
   outer loop
     vertex  8.611216e+01  7.338863e+01  2.672818e+01
     vertex  8.948842e+01  7.274457e+01  2.672818e+01
     vertex  8.823856e+01  7.536410e+01  2.356383e+01
   endloop
 endfacet
 facet normal  2.943875e-01  6.256053e-01  7.224639e-01
   outer loop
     vertex  8.987672e+01  6.953346e+01  2.935056e+01
     vertex  9.259844e+01  7.128110e+01  2.672818e+01
     vertex  8.948842e+01  7.274457e+01  2.672818e+01
   endloop
 endfacet
 facet normal  3.570796e-01  5.626674e-01  7.455867e-01
   outer loop
     vertex  8.987672e+01  6.953346e+01  2.935056e+01
     vertex  9.217597e+01  6.807431e+01  2.935056e+01
     vertex  9.259844e+01  7.128110e+01  2.672818e+01
   endloop
 endfacet
 facet normal  3.766326e-01  3.536815e-01  8.561877e-01
   outer loop
     vertex  9.073755e+01  6.485571e+01  3.131288e+01
     vertex  9.404011e+01  6.608920e+01  2.935056e+01
     vertex  9.217597e+01  6.807431e+01  2.935056e+01
   endloop
 endfacet
 facet normal  4.046856e-01  2.940213e-01  8.658990e-01
   outer loop
     vertex  9.073755e+01  6.485571e+01  3.131288e+01
     vertex  9.184645e+01  6.332945e+01  3.131288e+01
     vertex  9.404011e+01  6.608920e+01  2.935056e+01
   endloop
 endfacet
 facet normal  2.958181e-01  1.171227e-01  9.480369e-01
   outer loop
     vertex  8.883062e+01  6.112086e+01  3.252677e+01
     vertex  9.254094e+01  6.157536e+01  3.131288e+01
     vertex  9.184645e+01  6.332945e+01  3.131288e+01
   endloop
 endfacet
 facet normal  1.035778e-01  2.659426e-02  9.942658e-01
   outer loop
     vertex  8.883062e+01  6.112086e+01  3.252677e+01
     vertex  8.525117e+01  5.970366e+01  3.293757e+01
     vertex  8.907061e+01  6.018617e+01  3.252677e+01
   endloop
 endfacet
 facet normal  3.014377e-01  7.739605e-02  9.503395e-01
   outer loop
     vertex  8.883062e+01  6.112086e+01  3.252677e+01
     vertex  8.907061e+01  6.018617e+01  3.252677e+01
     vertex  9.254094e+01  6.157536e+01  3.131288e+01
   endloop
 endfacet
 facet normal -4.309045e-01  8.210199e-01  3.744965e-01
   outer loop
     vertex  7.670857e+01  7.316464e+01  2.356383e+01
     vertex  7.906129e+01  7.602503e+01  2.000000e+01
     vertex  7.533520e+01  7.406943e+01  2.000000e+01
   endloop
 endfacet
 facet normal -3.889808e-01  8.266263e-01  4.066729e-01
   outer loop
     vertex  7.670857e+01  7.316464e+01  2.356383e+01
     vertex  8.032456e+01  7.486620e+01  2.356383e+01
     vertex  7.906129e+01  7.602503e+01  2.000000e+01
   endloop
 endfacet
 facet normal -5.049414e-02  8.025813e-01  5.944018e-01
   outer loop
     vertex  8.268179e+01  7.317281e+01  2.672818e+01
     vertex  8.611216e+01  7.338863e+01  2.672818e+01
     vertex  8.425011e+01  7.561504e+01  2.356383e+01
   endloop
 endfacet
 facet normal -1.560123e-01  8.178453e-01  5.538855e-01
   outer loop
     vertex  8.268179e+01  7.317281e+01  2.672818e+01
     vertex  8.425011e+01  7.561504e+01  2.356383e+01
     vertex  8.032456e+01  7.486620e+01  2.356383e+01
   endloop
 endfacet
 facet normal  1.295571e-01  6.791619e-01  7.224639e-01
   outer loop
     vertex  8.728683e+01  7.037496e+01  2.935056e+01
     vertex  8.948842e+01  7.274457e+01  2.672818e+01
     vertex  8.611216e+01  7.338863e+01  2.672818e+01
   endloop
 endfacet
 facet normal  2.059316e-01  6.337922e-01  7.455867e-01
   outer loop
     vertex  8.728683e+01  7.037496e+01  2.935056e+01
     vertex  8.987672e+01  6.953346e+01  2.935056e+01
     vertex  8.948842e+01  7.274457e+01  2.672818e+01
   endloop
 endfacet
 facet normal  2.768429e-01  4.362347e-01  8.561877e-01
   outer loop
     vertex  8.928392e+01  6.605826e+01  3.131288e+01
     vertex  9.217597e+01  6.807431e+01  2.935056e+01
     vertex  8.987672e+01  6.953346e+01  2.935056e+01
   endloop
 endfacet
 facet normal  3.188515e-01  3.854253e-01  8.658990e-01
   outer loop
     vertex  8.928392e+01  6.605826e+01  3.131288e+01
     vertex  9.073755e+01  6.485571e+01  3.131288e+01
     vertex  9.217597e+01  6.807431e+01  2.935056e+01
   endloop
 endfacet
 facet normal  9.371000e-02  5.151751e-02  9.942658e-01
   outer loop
     vertex  8.836572e+01  6.196651e+01  3.252677e+01
     vertex  8.525117e+01  5.970366e+01  3.293757e+01
     vertex  8.883062e+01  6.112086e+01  3.252677e+01
   endloop
 endfacet
 facet normal  2.573972e-01  1.870100e-01  9.480369e-01
   outer loop
     vertex  8.836572e+01  6.196651e+01  3.252677e+01
     vertex  9.184645e+01  6.332945e+01  3.131288e+01
     vertex  9.073755e+01  6.485571e+01  3.131288e+01
   endloop
 endfacet
 facet normal  2.727199e-01  1.499290e-01  9.503395e-01
   outer loop
     vertex  8.836572e+01  6.196651e+01  3.252677e+01
     vertex  8.883062e+01  6.112086e+01  3.252677e+01
     vertex  9.184645e+01  6.332945e+01  3.131288e+01
   endloop
 endfacet
 facet normal -6.140618e-01  6.931324e-01  3.774859e-01
   outer loop
     vertex  7.362935e+01  7.061728e+01  2.356383e+01
     vertex  7.533520e+01  7.406943e+01  2.000000e+01
     vertex  7.218539e+01  7.127894e+01  2.000000e+01
   endloop
 endfacet
 facet normal -5.831727e-01  7.049347e-01  4.037036e-01
   outer loop
     vertex  7.362935e+01  7.061728e+01  2.356383e+01
     vertex  7.670857e+01  7.316464e+01  2.356383e+01
     vertex  7.533520e+01  7.406943e+01  2.000000e+01
   endloop
 endfacet
 facet normal -2.485016e-01  7.648094e-01  5.944018e-01
   outer loop
     vertex  7.941288e+01  7.211067e+01  2.672818e+01
     vertex  8.268179e+01  7.317281e+01  2.672818e+01
     vertex  8.032456e+01  7.486620e+01  2.356383e+01
   endloop
 endfacet
 facet normal -3.545008e-01  7.533525e-01  5.538855e-01
   outer loop
     vertex  7.941288e+01  7.211067e+01  2.672818e+01
     vertex  8.032456e+01  7.486620e+01  2.356383e+01
     vertex  7.670857e+01  7.316464e+01  2.356383e+01
   endloop
 endfacet
 facet normal -4.341391e-02  6.900443e-01  7.224639e-01
   outer loop
     vertex  8.456903e+01  7.054595e+01  2.935056e+01
     vertex  8.611216e+01  7.338863e+01  2.672818e+01
     vertex  8.268179e+01  7.317281e+01  2.672818e+01
   endloop
 endfacet
 facet normal  4.184414e-02  6.650936e-01  7.455867e-01
   outer loop
     vertex  8.456903e+01  7.054595e+01  2.935056e+01
     vertex  8.728683e+01  7.037496e+01  2.935056e+01
     vertex  8.611216e+01  7.338863e+01  2.672818e+01
   endloop
 endfacet
 facet normal  1.596583e-01  4.913776e-01  8.561877e-01
   outer loop
     vertex  8.757690e+01  6.686152e+01  3.131288e+01
     vertex  8.987672e+01  6.953346e+01  2.935056e+01
     vertex  8.728683e+01  7.037496e+01  2.935056e+01
   endloop
 endfacet
 facet normal  2.129828e-01  4.526116e-01  8.658990e-01
   outer loop
     vertex  8.757690e+01  6.686152e+01  3.131288e+01
     vertex  8.928392e+01  6.605826e+01  3.131288e+01
     vertex  8.987672e+01  6.953346e+01  2.935056e+01
   endloop
 endfacet
 facet normal  7.795404e-02  7.320372e-02  9.942658e-01
   outer loop
     vertex  8.770512e+01  6.266998e+01  3.252677e+01
     vertex  8.525117e+01  5.970366e+01  3.293757e+01
     vertex  8.836572e+01  6.196651e+01  3.252677e+01
   endloop
 endfacet
 facet normal  2.028031e-01  2.451468e-01  9.480369e-01
   outer loop
     vertex  8.770512e+01  6.266998e+01  3.252677e+01
     vertex  9.073755e+01  6.485571e+01  3.131288e+01
     vertex  8.928392e+01  6.605826e+01  3.131288e+01
   endloop
 endfacet
 facet normal  2.268660e-01  2.130414e-01  9.503395e-01
   outer loop
     vertex  8.770512e+01  6.266998e+01  3.252677e+01
     vertex  8.836572e+01  6.196651e+01  3.252677e+01
     vertex  9.073755e+01  6.485571e+01  3.131288e+01
   endloop
 endfacet
 facet normal -7.609806e-01  5.252670e-01  3.807927e-01
   outer loop
     vertex  7.128036e+01  6.738418e+01  2.356383e+01
     vertex  7.218539e+01  7.127894e+01  2.000000e+01
     vertex  6.979491e+01  6.781573e+01  2.000000e+01
   endloop
 endfacet
 facet normal -7.413453e-01  5.386189e-01  4.003707e-01
   outer loop
     vertex  7.128036e+01  6.738418e+01  2.356383e+01
     vertex  7.362935e+01  7.061728e+01  2.356383e+01
     vertex  7.218539e+01  7.127894e+01  2.000000e+01
   endloop
 endfacet
 facet normal -5.307146e-01  6.415238e-01  5.538855e-01
   outer loop
     vertex  7.651080e+01  7.026896e+01  2.672818e+01
     vertex  7.670857e+01  7.316464e+01  2.356383e+01
     vertex  7.362935e+01  7.061728e+01  2.356383e+01
   endloop
 endfacet
 facet normal -4.308949e-01  6.789817e-01  5.944018e-01
   outer loop
     vertex  7.651080e+01  7.026896e+01  2.672818e+01
     vertex  7.941288e+01  7.211067e+01  2.672818e+01
     vertex  7.670857e+01  7.316464e+01  2.356383e+01
   endloop
 endfacet
 facet normal -2.136570e-01  6.575687e-01  7.224639e-01
   outer loop
     vertex  8.189409e+01  7.003568e+01  2.935056e+01
     vertex  8.268179e+01  7.317281e+01  2.672818e+01
     vertex  7.941288e+01  7.211067e+01  2.672818e+01
   endloop
 endfacet
 facet normal -1.248725e-01  6.546047e-01  7.455867e-01
   outer loop
     vertex  8.189409e+01  7.003568e+01  2.935056e+01
     vertex  8.456903e+01  7.054595e+01  2.935056e+01
     vertex  8.268179e+01  7.317281e+01  2.672818e+01
   endloop
 endfacet
 facet normal  3.244166e-02  5.156455e-01  8.561877e-01
   outer loop
     vertex  8.572375e+01  6.721503e+01  3.131288e+01
     vertex  8.728683e+01  7.037496e+01  2.935056e+01
     vertex  8.456903e+01  7.054595e+01  2.935056e+01
   endloop
 endfacet
 facet normal  9.373167e-02  4.913586e-01  8.658990e-01
   outer loop
     vertex  8.572375e+01  6.721503e+01  3.131288e+01
     vertex  8.757690e+01  6.686152e+01  3.131288e+01
     vertex  8.728683e+01  7.037496e+01  2.935056e+01
   endloop
 endfacet
 facet normal  5.729995e-02  9.029027e-02  9.942658e-01
   outer loop
     vertex  8.689033e+01  6.318706e+01  3.252677e+01
     vertex  8.525117e+01  5.970366e+01  3.293757e+01
     vertex  8.770512e+01  6.266998e+01  3.252677e+01
   endloop
 endfacet
 facet normal  1.354661e-01  2.878802e-01  9.480369e-01
   outer loop
     vertex  8.689033e+01  6.318706e+01  3.252677e+01
     vertex  8.928392e+01  6.605826e+01  3.131288e+01
     vertex  8.757690e+01  6.686152e+01  3.131288e+01
   endloop
 endfacet
 facet normal  1.667574e-01  2.627676e-01  9.503395e-01
   outer loop
     vertex  8.689033e+01  6.318706e+01  3.252677e+01
     vertex  8.770512e+01  6.266998e+01  3.252677e+01
     vertex  8.928392e+01  6.605826e+01  3.131288e+01
   endloop
 endfacet
 facet normal -8.631711e-01  3.273576e-01  3.844121e-01
   outer loop
     vertex  6.980921e+01  6.366848e+01  2.356383e+01
     vertex  6.979491e+01  6.781573e+01  2.000000e+01
     vertex  6.830269e+01  6.388109e+01  2.000000e+01
   endloop
 endfacet
 facet normal -8.534990e-01  3.379241e-01  3.966697e-01
   outer loop
     vertex  6.980921e+01  6.366848e+01  2.356383e+01
     vertex  7.128036e+01  6.738418e+01  2.356383e+01
     vertex  6.979491e+01  6.781573e+01  2.000000e+01
   endloop
 endfacet
 facet normal -6.735818e-01  4.893858e-01  5.538855e-01
   outer loop
     vertex  7.415791e+01  6.776339e+01  2.672818e+01
     vertex  7.362935e+01  7.061728e+01  2.356383e+01
     vertex  7.128036e+01  6.738418e+01  2.356383e+01
   endloop
 endfacet
 facet normal -5.862134e-01  5.504910e-01  5.944018e-01
   outer loop
     vertex  7.415791e+01  6.776339e+01  2.672818e+01
     vertex  7.651080e+01  7.026896e+01  2.672818e+01
     vertex  7.362935e+01  7.061728e+01  2.356383e+01
   endloop
 endfacet
 facet normal -3.704753e-01  5.837757e-01  7.224639e-01
   outer loop
     vertex  7.943009e+01  6.887621e+01  2.935056e+01
     vertex  7.941288e+01  7.211067e+01  2.672818e+01
     vertex  7.651080e+01  7.026896e+01  2.672818e+01
   endloop
 endfacet
 facet normal -2.837430e-01  6.029845e-01  7.455867e-01
   outer loop
     vertex  7.943009e+01  6.887621e+01  2.935056e+01
     vertex  8.189409e+01  7.003568e+01  2.935056e+01
     vertex  7.941288e+01  7.211067e+01  2.672818e+01
   endloop
 endfacet
 facet normal -9.681336e-02  5.075134e-01  8.561877e-01
   outer loop
     vertex  8.384090e+01  6.709657e+01  3.131288e+01
     vertex  8.456903e+01  7.054595e+01  2.935056e+01
     vertex  8.189409e+01  7.003568e+01  2.935056e+01
   endloop
 endfacet
 facet normal -3.140900e-02  4.992318e-01  8.658990e-01
   outer loop
     vertex  8.384090e+01  6.709657e+01  3.131288e+01
     vertex  8.572375e+01  6.721503e+01  3.131288e+01
     vertex  8.456903e+01  7.054595e+01  2.935056e+01
   endloop
 endfacet
 facet normal  3.304549e-02  1.017036e-01  9.942658e-01
   outer loop
     vertex  8.597255e+01  6.348526e+01  3.252677e+01
     vertex  8.525117e+01  5.970366e+01  3.293757e+01
     vertex  8.689033e+01  6.318706e+01  3.252677e+01
   endloop
 endfacet
 facet normal  5.961732e-02  3.125249e-01  9.480369e-01
   outer loop
     vertex  8.597255e+01  6.348526e+01  3.252677e+01
     vertex  8.757690e+01  6.686152e+01  3.131288e+01
     vertex  8.572375e+01  6.721503e+01  3.131288e+01
   endloop
 endfacet
 facet normal  9.617075e-02  2.959831e-01  9.503395e-01
   outer loop
     vertex  8.597255e+01  6.348526e+01  3.252677e+01
     vertex  8.689033e+01  6.318706e+01  3.252677e+01
     vertex  8.757690e+01  6.686152e+01  3.131288e+01
   endloop
 endfacet
 facet normal -9.147976e-01  1.110765e-01  3.883391e-01
   outer loop
     vertex  6.930834e+01  5.970366e+01  2.356383e+01
     vertex  6.830269e+01  6.388109e+01  2.000000e+01
     vertex  6.779546e+01  5.970366e+01  2.000000e+01
   endloop
 endfacet
 facet normal -9.147976e-01 -1.110765e-01  3.883391e-01
   outer loop
     vertex  6.930834e+01  5.970366e+01  2.356383e+01
     vertex  6.779546e+01  5.970366e+01  2.000000e+01
     vertex  6.830269e+01  5.552624e+01  2.000000e+01
   endloop
 endfacet
 facet normal -9.124592e-01  1.152704e-01  3.925952e-01
   outer loop
     vertex  6.930834e+01  5.970366e+01  2.356383e+01
     vertex  6.980921e+01  6.366848e+01  2.356383e+01
     vertex  6.830269e+01  6.388109e+01  2.000000e+01
   endloop
 endfacet
 facet normal -7.741252e-01  3.064979e-01  5.538855e-01
   outer loop
     vertex  7.250206e+01  6.475139e+01  2.672818e+01
     vertex  7.128036e+01  6.738418e+01  2.356383e+01
     vertex  6.980921e+01  6.366848e+01  2.356383e+01
   endloop
 endfacet
 facet normal -7.046980e-01  3.874110e-01  5.944018e-01
   outer loop
     vertex  7.250206e+01  6.475139e+01  2.672818e+01
     vertex  7.415791e+01  6.776339e+01  2.672818e+01
     vertex  7.128036e+01  6.738418e+01  2.356383e+01
   endloop
 endfacet
 facet normal -5.040152e-01  4.733018e-01  7.224639e-01
   outer loop
     vertex  7.733185e+01  6.714040e+01  2.935056e+01
     vertex  7.651080e+01  7.026896e+01  2.672818e+01
     vertex  7.415791e+01  6.776339e+01  2.672818e+01
   endloop
 endfacet
 facet normal -4.247848e-01  5.134767e-01  7.455867e-01
   outer loop
     vertex  7.733185e+01  6.714040e+01  2.935056e+01
     vertex  7.943009e+01  6.887621e+01  2.935056e+01
     vertex  7.651080e+01  7.026896e+01  2.672818e+01
   endloop
 endfacet
 facet normal -2.199852e-01  4.674925e-01  8.561877e-01
   outer loop
     vertex  8.204666e+01  6.651359e+01  3.131288e+01
     vertex  8.189409e+01  7.003568e+01  2.935056e+01
     vertex  7.943009e+01  6.887621e+01  2.935056e+01
   endloop
 endfacet
 facet normal -1.545761e-01  4.757364e-01  8.658990e-01
   outer loop
     vertex  8.204666e+01  6.651359e+01  3.131288e+01
     vertex  8.384090e+01  6.709657e+01  3.131288e+01
     vertex  8.189409e+01  7.003568e+01  2.935056e+01
   endloop
 endfacet
 facet normal -1.997746e-02  3.175326e-01  9.480369e-01
   outer loop
     vertex  8.500944e+01  6.354586e+01  3.252677e+01
     vertex  8.572375e+01  6.721503e+01  3.131288e+01
     vertex  8.384090e+01  6.709657e+01  3.131288e+01
   endloop
 endfacet
 facet normal  6.714658e-03  1.067264e-01  9.942658e-01
   outer loop
     vertex  8.500944e+01  6.354586e+01  3.252677e+01
     vertex  8.525117e+01  5.970366e+01  3.293757e+01
     vertex  8.597255e+01  6.348526e+01  3.252677e+01
   endloop
 endfacet
 facet normal  1.954136e-02  3.106010e-01  9.503395e-01
   outer loop
     vertex  8.500944e+01  6.354586e+01  3.252677e+01
     vertex  8.597255e+01  6.348526e+01  3.252677e+01
     vertex  8.572375e+01  6.721503e+01  3.131288e+01
   endloop
 endfacet
 facet normal -9.124592e-01 -1.152704e-01  3.925952e-01
   outer loop
     vertex  6.980921e+01  5.573884e+01  2.356383e+01
     vertex  6.930834e+01  5.970366e+01  2.356383e+01
     vertex  6.830269e+01  5.552624e+01  2.000000e+01
   endloop
 endfacet
 facet normal -8.631711e-01 -3.273576e-01  3.844121e-01
   outer loop
     vertex  6.980921e+01  5.573884e+01  2.356383e+01
     vertex  6.830269e+01  5.552624e+01  2.000000e+01
     vertex  6.979491e+01  5.159159e+01  2.000000e+01
   endloop
 endfacet
 facet normal -8.260276e-01  1.043516e-01  5.538855e-01
   outer loop
     vertex  7.164727e+01  6.142223e+01  2.672818e+01
     vertex  6.980921e+01  6.366848e+01  2.356383e+01
     vertex  6.930834e+01  5.970366e+01  2.356383e+01
   endloop
 endfacet
 facet normal -7.789038e-01  1.999885e-01  5.944018e-01
   outer loop
     vertex  7.164727e+01  6.142223e+01  2.672818e+01
     vertex  7.250206e+01  6.475139e+01  2.672818e+01
     vertex  6.980921e+01  6.366848e+01  2.356383e+01
   endloop
 endfacet
 facet normal -5.391359e-01  3.917051e-01  7.455867e-01
   outer loop
     vertex  7.573121e+01  6.493730e+01  2.935056e+01
     vertex  7.733185e+01  6.714040e+01  2.935056e+01
     vertex  7.415791e+01  6.776339e+01  2.672818e+01
   endloop
 endfacet
 facet normal -6.058860e-01  3.330887e-01  7.224639e-01
   outer loop
     vertex  7.573121e+01  6.493730e+01  2.935056e+01
     vertex  7.415791e+01  6.776339e+01  2.672818e+01
     vertex  7.250206e+01  6.475139e+01  2.672818e+01
   endloop
 endfacet
 facet normal -3.293347e-01  3.980972e-01  8.561877e-01
   outer loop
     vertex  8.045378e+01  6.550271e+01  3.131288e+01
     vertex  7.943009e+01  6.887621e+01  2.935056e+01
     vertex  7.733185e+01  6.714040e+01  2.935056e+01
   endloop
 endfacet
 facet normal -2.680307e-01  4.223488e-01  8.658990e-01
   outer loop
     vertex  8.045378e+01  6.550271e+01  3.131288e+01
     vertex  8.204666e+01  6.651359e+01  3.131288e+01
     vertex  7.943009e+01  6.887621e+01  2.935056e+01
   endloop
 endfacet
 facet normal -2.003808e-02  1.050433e-01  9.942658e-01
   outer loop
     vertex  8.406152e+01  6.336503e+01  3.252677e+01
     vertex  8.525117e+01  5.970366e+01  3.293757e+01
     vertex  8.500944e+01  6.354586e+01  3.252677e+01
   endloop
 endfacet
 facet normal -5.831589e-02  3.057026e-01  9.503395e-01
   outer loop
     vertex  8.406152e+01  6.336503e+01  3.252677e+01
     vertex  8.500944e+01  6.354586e+01  3.252677e+01
     vertex  8.384090e+01  6.709657e+01  3.131288e+01
   endloop
 endfacet
 facet normal -9.831698e-02  3.025886e-01  9.480369e-01
   outer loop
     vertex  8.406152e+01  6.336503e+01  3.252677e+01
     vertex  8.384090e+01  6.709657e+01  3.131288e+01
     vertex  8.204666e+01  6.651359e+01  3.131288e+01
   endloop
 endfacet
 facet normal -8.534990e-01 -3.379241e-01  3.966697e-01
   outer loop
     vertex  7.128036e+01  5.202314e+01  2.356383e+01
     vertex  6.980921e+01  5.573884e+01  2.356383e+01
     vertex  6.979491e+01  5.159159e+01  2.000000e+01
   endloop
 endfacet
 facet normal -7.609806e-01 -5.252670e-01  3.807927e-01
   outer loop
     vertex  7.128036e+01  5.202314e+01  2.356383e+01
     vertex  6.979491e+01  5.159159e+01  2.000000e+01
     vertex  7.218539e+01  4.812838e+01  2.000000e+01
   endloop
 endfacet
 facet normal -8.041682e-01  0.000000e+00  5.944018e-01
   outer loop
     vertex  7.164727e+01  5.798509e+01  2.672818e+01
     vertex  7.164727e+01  6.142223e+01  2.672818e+01
     vertex  6.930834e+01  5.970366e+01  2.356383e+01
   endloop
 endfacet
 facet normal -8.260276e-01 -1.043516e-01  5.538855e-01
   outer loop
     vertex  7.164727e+01  5.798509e+01  2.672818e+01
     vertex  6.930834e+01  5.970366e+01  2.356383e+01
     vertex  6.980921e+01  5.573884e+01  2.356383e+01
   endloop
 endfacet
 facet normal -6.196110e-01  2.453214e-01  7.455867e-01
   outer loop
     vertex  7.472875e+01  6.240536e+01  2.935056e+01
     vertex  7.573121e+01  6.493730e+01  2.935056e+01
     vertex  7.250206e+01  6.475139e+01  2.672818e+01
   endloop
 endfacet
 facet normal -6.696868e-01  1.719463e-01  7.224639e-01
   outer loop
     vertex  7.472875e+01  6.240536e+01  2.935056e+01
     vertex  7.250206e+01  6.475139e+01  2.672818e+01
     vertex  7.164727e+01  6.142223e+01  2.672818e+01
   endloop
 endfacet
 facet normal -4.179908e-01  3.036881e-01  8.561877e-01
   outer loop
     vertex  7.916233e+01  6.412746e+01  3.131288e+01
     vertex  7.733185e+01  6.714040e+01  2.935056e+01
     vertex  7.573121e+01  6.493730e+01  2.935056e+01
   endloop
 endfacet
 facet normal -3.646439e-01  3.424234e-01  8.658990e-01
   outer loop
     vertex  7.916233e+01  6.412746e+01  3.131288e+01
     vertex  8.045378e+01  6.550271e+01  3.131288e+01
     vertex  7.733185e+01  6.714040e+01  2.935056e+01
   endloop
 endfacet
 facet normal -4.553175e-02  9.675989e-02  9.942658e-01
   outer loop
     vertex  8.318835e+01  6.295415e+01  3.252677e+01
     vertex  8.525117e+01  5.970366e+01  3.293757e+01
     vertex  8.406152e+01  6.336503e+01  3.252677e+01
   endloop
 endfacet
 facet normal -1.704789e-01  2.686317e-01  9.480369e-01
   outer loop
     vertex  8.318835e+01  6.295415e+01  3.252677e+01
     vertex  8.204666e+01  6.651359e+01  3.131288e+01
     vertex  8.045378e+01  6.550271e+01  3.131288e+01
   endloop
 endfacet
 facet normal -1.325089e-01  2.815958e-01  9.503395e-01
   outer loop
     vertex  8.318835e+01  6.295415e+01  3.252677e+01
     vertex  8.406152e+01  6.336503e+01  3.252677e+01
     vertex  8.204666e+01  6.651359e+01  3.131288e+01
   endloop
 endfacet
 facet normal -6.140618e-01 -6.931324e-01  3.774859e-01
   outer loop
     vertex  7.362935e+01  4.879004e+01  2.356383e+01
     vertex  7.218539e+01  4.812838e+01  2.000000e+01
     vertex  7.533520e+01  4.533789e+01  2.000000e+01
   endloop
 endfacet
 facet normal -7.413453e-01 -5.386189e-01  4.003707e-01
   outer loop
     vertex  7.362935e+01  4.879004e+01  2.356383e+01
     vertex  7.128036e+01  5.202314e+01  2.356383e+01
     vertex  7.218539e+01  4.812838e+01  2.000000e+01
   endloop
 endfacet
 facet normal -7.789038e-01 -1.999885e-01  5.944018e-01
   outer loop
     vertex  7.250206e+01  5.465593e+01  2.672818e+01
     vertex  7.164727e+01  5.798509e+01  2.672818e+01
     vertex  6.980921e+01  5.573884e+01  2.356383e+01
   endloop
 endfacet
 facet normal -7.741252e-01 -3.064979e-01  5.538855e-01
   outer loop
     vertex  7.250206e+01  5.465593e+01  2.672818e+01
     vertex  6.980921e+01  5.573884e+01  2.356383e+01
     vertex  7.128036e+01  5.202314e+01  2.356383e+01
   endloop
 endfacet
 facet normal -6.914087e-01  0.000000e+00  7.224639e-01
   outer loop
     vertex  7.438744e+01  5.970366e+01  2.935056e+01
     vertex  7.164727e+01  6.142223e+01  2.672818e+01
     vertex  7.164727e+01  5.798509e+01  2.672818e+01
   endloop
 endfacet
 facet normal -6.611538e-01  8.352314e-02  7.455867e-01
   outer loop
     vertex  7.438744e+01  5.970366e+01  2.935056e+01
     vertex  7.472875e+01  6.240536e+01  2.935056e+01
     vertex  7.164727e+01  6.142223e+01  2.672818e+01
   endloop
 endfacet
 facet normal -4.803830e-01  1.901971e-01  8.561877e-01
   outer loop
     vertex  7.825347e+01  6.247425e+01  3.131288e+01
     vertex  7.573121e+01  6.493730e+01  2.935056e+01
     vertex  7.472875e+01  6.240536e+01  2.935056e+01
   endloop
 endfacet
 facet normal -4.383452e-01  2.409823e-01  8.658990e-01
   outer loop
     vertex  7.825347e+01  6.247425e+01  3.131288e+01
     vertex  7.916233e+01  6.412746e+01  3.131288e+01
     vertex  7.573121e+01  6.493730e+01  2.935056e+01
   endloop
 endfacet
 facet normal -6.816449e-02  8.239672e-02  9.942658e-01
   outer loop
     vertex  8.244479e+01  6.233903e+01  3.252677e+01
     vertex  8.525117e+01  5.970366e+01  3.293757e+01
     vertex  8.318835e+01  6.295415e+01  3.252677e+01
   endloop
 endfacet
 facet normal -2.319290e-01  2.177958e-01  9.480369e-01
   outer loop
     vertex  8.244479e+01  6.233903e+01  3.252677e+01
     vertex  8.045378e+01  6.550271e+01  3.131288e+01
     vertex  7.916233e+01  6.412746e+01  3.131288e+01
   endloop
 endfacet
 facet normal -1.983760e-01  2.397954e-01  9.503395e-01
   outer loop
     vertex  8.244479e+01  6.233903e+01  3.252677e+01
     vertex  8.318835e+01  6.295415e+01  3.252677e+01
     vertex  8.045378e+01  6.550271e+01  3.131288e+01
   endloop
 endfacet
 facet normal -4.309045e-01 -8.210199e-01  3.744965e-01
   outer loop
     vertex  7.670857e+01  4.624268e+01  2.356383e+01
     vertex  7.533520e+01  4.533789e+01  2.000000e+01
     vertex  7.906129e+01  4.338229e+01  2.000000e+01
   endloop
 endfacet
 facet normal -5.831727e-01 -7.049347e-01  4.037036e-01
   outer loop
     vertex  7.670857e+01  4.624268e+01  2.356383e+01
     vertex  7.362935e+01  4.879004e+01  2.356383e+01
     vertex  7.533520e+01  4.533789e+01  2.000000e+01
   endloop
 endfacet
 facet normal -6.735818e-01 -4.893858e-01  5.538855e-01
   outer loop
     vertex  7.415791e+01  5.164394e+01  2.672818e+01
     vertex  7.128036e+01  5.202314e+01  2.356383e+01
     vertex  7.362935e+01  4.879004e+01  2.356383e+01
   endloop
 endfacet
 facet normal -7.046980e-01 -3.874110e-01  5.944018e-01
   outer loop
     vertex  7.415791e+01  5.164394e+01  2.672818e+01
     vertex  7.250206e+01  5.465593e+01  2.672818e+01
     vertex  7.128036e+01  5.202314e+01  2.356383e+01
   endloop
 endfacet
 facet normal -6.611538e-01 -8.352314e-02  7.455867e-01
   outer loop
     vertex  7.472875e+01  5.700196e+01  2.935056e+01
     vertex  7.438744e+01  5.970366e+01  2.935056e+01
     vertex  7.164727e+01  5.798509e+01  2.672818e+01
   endloop
 endfacet
 facet normal -6.696868e-01 -1.719463e-01  7.224639e-01
   outer loop
     vertex  7.472875e+01  5.700196e+01  2.935056e+01
     vertex  7.164727e+01  5.798509e+01  2.672818e+01
     vertex  7.250206e+01  5.465593e+01  2.672818e+01
   endloop
 endfacet
 facet normal -5.125909e-01  6.475529e-02  8.561877e-01
   outer loop
     vertex  7.778430e+01  6.064695e+01  3.131288e+01
     vertex  7.472875e+01  6.240536e+01  2.935056e+01
     vertex  7.438744e+01  5.970366e+01  2.935056e+01
   endloop
 endfacet
 facet normal -4.845036e-01  1.243994e-01  8.658990e-01
   outer loop
     vertex  7.778430e+01  6.064695e+01  3.131288e+01
     vertex  7.825347e+01  6.247425e+01  3.131288e+01
     vertex  7.472875e+01  6.240536e+01  2.935056e+01
   endloop
 endfacet
 facet normal -8.651421e-02  6.285625e-02  9.942658e-01
   outer loop
     vertex  8.187757e+01  6.155831e+01  3.252677e+01
     vertex  8.525117e+01  5.970366e+01  3.293757e+01
     vertex  8.244479e+01  6.233903e+01  3.252677e+01
   endloop
 endfacet
 facet normal -2.788061e-01  1.532750e-01  9.480369e-01
   outer loop
     vertex  8.187757e+01  6.155831e+01  3.252677e+01
     vertex  7.916233e+01  6.412746e+01  3.131288e+01
     vertex  7.825347e+01  6.247425e+01  3.131288e+01
   endloop
 endfacet
 facet normal -2.517783e-01  1.829276e-01  9.503395e-01
   outer loop
     vertex  8.187757e+01  6.155831e+01  3.252677e+01
     vertex  8.244479e+01  6.233903e+01  3.252677e+01
     vertex  7.916233e+01  6.412746e+01  3.131288e+01
   endloop
 endfacet
 facet normal -2.221571e-01 -9.013266e-01  3.718287e-01
   outer loop
     vertex  8.032456e+01  4.454112e+01  2.356383e+01
     vertex  7.906129e+01  4.338229e+01  2.000000e+01
     vertex  8.314712e+01  4.237522e+01  2.000000e+01
   endloop
 endfacet
 facet normal -3.889808e-01 -8.266263e-01  4.066729e-01
   outer loop
     vertex  8.032456e+01  4.454112e+01  2.356383e+01
     vertex  7.670857e+01  4.624268e+01  2.356383e+01
     vertex  7.906129e+01  4.338229e+01  2.000000e+01
   endloop
 endfacet
 facet normal -5.307146e-01 -6.415238e-01  5.538855e-01
   outer loop
     vertex  7.651080e+01  4.913837e+01  2.672818e+01
     vertex  7.362935e+01  4.879004e+01  2.356383e+01
     vertex  7.670857e+01  4.624268e+01  2.356383e+01
   endloop
 endfacet
 facet normal -5.862134e-01 -5.504910e-01  5.944018e-01
   outer loop
     vertex  7.651080e+01  4.913837e+01  2.672818e+01
     vertex  7.415791e+01  5.164394e+01  2.672818e+01
     vertex  7.362935e+01  4.879004e+01  2.356383e+01
   endloop
 endfacet
 facet normal -6.058860e-01 -3.330887e-01  7.224639e-01
   outer loop
     vertex  7.573121e+01  5.447002e+01  2.935056e+01
     vertex  7.250206e+01  5.465593e+01  2.672818e+01
     vertex  7.415791e+01  5.164394e+01  2.672818e+01
   endloop
 endfacet
 facet normal -6.196110e-01 -2.453214e-01  7.455867e-01
   outer loop
     vertex  7.573121e+01  5.447002e+01  2.935056e+01
     vertex  7.472875e+01  5.700196e+01  2.935056e+01
     vertex  7.250206e+01  5.465593e+01  2.672818e+01
   endloop
 endfacet
 facet normal -5.125909e-01 -6.475529e-02  8.561877e-01
   outer loop
     vertex  7.778430e+01  5.876037e+01  3.131288e+01
     vertex  7.438744e+01  5.970366e+01  2.935056e+01
     vertex  7.472875e+01  5.700196e+01  2.935056e+01
   endloop
 endfacet
 facet normal -5.002189e-01  0.000000e+00  8.658990e-01
   outer loop
     vertex  7.778430e+01  5.876037e+01  3.131288e+01
     vertex  7.778430e+01  6.064695e+01  3.131288e+01
     vertex  7.438744e+01  5.970366e+01  2.935056e+01
   endloop
 endfacet
 facet normal -9.942792e-02  3.936630e-02  9.942658e-01
   outer loop
     vertex  8.152233e+01  6.066107e+01  3.252677e+01
     vertex  8.525117e+01  5.970366e+01  3.293757e+01
     vertex  8.187757e+01  6.155831e+01  3.252677e+01
   endloop
 endfacet
 facet normal -3.081648e-01  7.912329e-02  9.480369e-01
   outer loop
     vertex  8.152233e+01  6.066107e+01  3.252677e+01
     vertex  7.825347e+01  6.247425e+01  3.131288e+01
     vertex  7.778430e+01  6.064695e+01  3.131288e+01
   endloop
 endfacet
 facet normal -2.893605e-01  1.145659e-01  9.503395e-01
   outer loop
     vertex  8.152233e+01  6.066107e+01  3.252677e+01
     vertex  8.187757e+01  6.155831e+01  3.252677e+01
     vertex  7.825347e+01  6.247425e+01  3.131288e+01
   endloop
 endfacet
 facet normal -1.595956e-15 -9.292362e-01  3.694862e-01
   outer loop
     vertex  8.425011e+01  4.379229e+01  2.356383e+01
     vertex  8.314712e+01  4.237522e+01  2.000000e+01
     vertex  8.735523e+01  4.237522e+01  2.000000e+01
   endloop
 endfacet
 facet normal -1.709681e-01 -8.962463e-01  4.092828e-01
   outer loop
     vertex  8.425011e+01  4.379229e+01  2.356383e+01
     vertex  8.032456e+01  4.454112e+01  2.356383e+01
     vertex  8.314712e+01  4.237522e+01  2.000000e+01
   endloop
 endfacet
 facet normal -3.545008e-01 -7.533525e-01  5.538855e-01
   outer loop
     vertex  7.941288e+01  4.729665e+01  2.672818e+01
     vertex  7.670857e+01  4.624268e+01  2.356383e+01
     vertex  8.032456e+01  4.454112e+01  2.356383e+01
   endloop
 endfacet
 facet normal -4.308949e-01 -6.789817e-01  5.944018e-01
   outer loop
     vertex  7.941288e+01  4.729665e+01  2.672818e+01
     vertex  7.651080e+01  4.913837e+01  2.672818e+01
     vertex  7.670857e+01  4.624268e+01  2.356383e+01
   endloop
 endfacet
 facet normal -5.040152e-01 -4.733018e-01  7.224639e-01
   outer loop
     vertex  7.733185e+01  5.226693e+01  2.935056e+01
     vertex  7.415791e+01  5.164394e+01  2.672818e+01
     vertex  7.651080e+01  4.913837e+01  2.672818e+01
   endloop
 endfacet
 facet normal -5.391359e-01 -3.917051e-01  7.455867e-01
   outer loop
     vertex  7.733185e+01  5.226693e+01  2.935056e+01
     vertex  7.573121e+01  5.447002e+01  2.935056e+01
     vertex  7.415791e+01  5.164394e+01  2.672818e+01
   endloop
 endfacet
 facet normal -4.803830e-01 -1.901971e-01  8.561877e-01
   outer loop
     vertex  7.825347e+01  5.693307e+01  3.131288e+01
     vertex  7.472875e+01  5.700196e+01  2.935056e+01
     vertex  7.573121e+01  5.447002e+01  2.935056e+01
   endloop
 endfacet
 facet normal -4.845036e-01 -1.243994e-01  8.658990e-01
   outer loop
     vertex  7.825347e+01  5.693307e+01  3.131288e+01
     vertex  7.778430e+01  5.876037e+01  3.131288e+01
     vertex  7.472875e+01  5.700196e+01  2.935056e+01
   endloop
 endfacet
 facet normal  0.000000e+00  0.000000e+00  0.000000e+00
   outer loop
     vertex  8.140138e+01  5.970366e+01  3.252677e+01
     vertex  8.525117e+01  5.970366e+01  3.293757e+01
     vertex  8.525117e+01  5.970366e+01  3.293757e+01
   endloop
 endfacet
 facet normal -1.060942e-01  1.340282e-02  9.942658e-01
   outer loop
     vertex  8.140138e+01  5.970366e+01  3.252677e+01
     vertex  8.525117e+01  5.970366e+01  3.293757e+01
     vertex  8.152233e+01  6.066107e+01  3.252677e+01
   endloop
 endfacet
 facet normal -3.181604e-01  0.000000e+00  9.480369e-01
   outer loop
     vertex  8.140138e+01  5.970366e+01  3.252677e+01
     vertex  7.778430e+01  6.064695e+01  3.131288e+01
     vertex  7.778430e+01  5.876037e+01  3.131288e+01
   endloop
 endfacet
 facet normal -3.087611e-01  3.900559e-02  9.503395e-01
   outer loop
     vertex  8.140138e+01  5.970366e+01  3.252677e+01
     vertex  8.152233e+01  6.066107e+01  3.252677e+01
     vertex  7.778430e+01  6.064695e+01  3.131288e+01
   endloop
 endfacet
 facet normal  2.225718e-01 -9.030093e-01  3.674724e-01
   outer loop
     vertex  8.823856e+01  4.404322e+01  2.356383e+01
     vertex  8.735523e+01  4.237522e+01  2.000000e+01
     vertex  9.144105e+01  4.338229e+01  2.000000e+01
   endloop
 endfacet
 facet normal  5.722684e-02 -9.095946e-01  4.115372e-01
   outer loop
     vertex  8.823856e+01  4.404322e+01  2.356383e+01
     vertex  8.425011e+01  4.379229e+01  2.356383e+01
     vertex  8.735523e+01  4.237522e+01  2.000000e+01
   endloop
 endfacet
 facet normal -1.560123e-01 -8.178453e-01  5.538855e-01
   outer loop
     vertex  8.268179e+01  4.623452e+01  2.672818e+01
     vertex  8.032456e+01  4.454112e+01  2.356383e+01
     vertex  8.425011e+01  4.379229e+01  2.356383e+01
   endloop
 endfacet
 facet normal -2.485016e-01 -7.648094e-01  5.944018e-01
   outer loop
     vertex  8.268179e+01  4.623452e+01  2.672818e+01
     vertex  7.941288e+01  4.729665e+01  2.672818e+01
     vertex  8.032456e+01  4.454112e+01  2.356383e+01
   endloop
 endfacet
 facet normal -4.247848e-01 -5.134767e-01  7.455867e-01
   outer loop
     vertex  7.943009e+01  5.053111e+01  2.935056e+01
     vertex  7.733185e+01  5.226693e+01  2.935056e+01
     vertex  7.651080e+01  4.913837e+01  2.672818e+01
   endloop
 endfacet
 facet normal -3.704753e-01 -5.837757e-01  7.224639e-01
   outer loop
     vertex  7.943009e+01  5.053111e+01  2.935056e+01
     vertex  7.651080e+01  4.913837e+01  2.672818e+01
     vertex  7.941288e+01  4.729665e+01  2.672818e+01
   endloop
 endfacet
 facet normal -4.383452e-01 -2.409823e-01  8.658990e-01
   outer loop
     vertex  7.916233e+01  5.527986e+01  3.131288e+01
     vertex  7.825347e+01  5.693307e+01  3.131288e+01
     vertex  7.573121e+01  5.447002e+01  2.935056e+01
   endloop
 endfacet
 facet normal -4.179908e-01 -3.036881e-01  8.561877e-01
   outer loop
     vertex  7.916233e+01  5.527986e+01  3.131288e+01
     vertex  7.573121e+01  5.447002e+01  2.935056e+01
     vertex  7.733185e+01  5.226693e+01  2.935056e+01
   endloop
 endfacet
 facet normal -3.081648e-01 -7.912329e-02  9.480369e-01
   outer loop
     vertex  8.152233e+01  5.874626e+01  3.252677e+01
     vertex  7.778430e+01  5.876037e+01  3.131288e+01
     vertex  7.825347e+01  5.693307e+01  3.131288e+01
   endloop
 endfacet
 facet normal -1.060942e-01 -1.340282e-02  9.942658e-01
   outer loop
     vertex  8.152233e+01  5.874626e+01  3.252677e+01
     vertex  8.525117e+01  5.970366e+01  3.293757e+01
     vertex  8.140138e+01  5.970366e+01  3.252677e+01
   endloop
 endfacet
 facet normal -3.087611e-01 -3.900559e-02  9.503395e-01
   outer loop
     vertex  8.152233e+01  5.874626e+01  3.252677e+01
     vertex  8.140138e+01  5.970366e+01  3.252677e+01
     vertex  7.778430e+01  5.876037e+01  3.131288e+01
   endloop
 endfacet
 facet normal  2.813698e-01 -8.659671e-01  4.134392e-01
   outer loop
     vertex  9.203930e+01  4.527815e+01  2.356383e+01
     vertex  8.823856e+01  4.404322e+01  2.356383e+01
     vertex  9.144105e+01  4.338229e+01  2.000000e+01
   endloop
 endfacet
 facet normal  4.325167e-01 -8.240917e-01  3.657899e-01
   outer loop
     vertex  9.203930e+01  4.527815e+01  2.356383e+01
     vertex  9.144105e+01  4.338229e+01  2.000000e+01
     vertex  9.516714e+01  4.533789e+01  2.000000e+01
   endloop
 endfacet
 facet normal -5.049414e-02 -8.025813e-01  5.944018e-01
   outer loop
     vertex  8.611216e+01  4.601870e+01  2.672818e+01
     vertex  8.268179e+01  4.623452e+01  2.672818e+01
     vertex  8.425011e+01  4.379229e+01  2.356383e+01
   endloop
 endfacet
 facet normal  5.227894e-02 -8.309499e-01  5.538855e-01
   outer loop
     vertex  8.611216e+01  4.601870e+01  2.672818e+01
     vertex  8.425011e+01  4.379229e+01  2.356383e+01
     vertex  8.823856e+01  4.404322e+01  2.356383e+01
   endloop
 endfacet
 facet normal -2.837430e-01 -6.029845e-01  7.455867e-01
   outer loop
     vertex  8.189409e+01  4.937164e+01  2.935056e+01
     vertex  7.943009e+01  5.053111e+01  2.935056e+01
     vertex  7.941288e+01  4.729665e+01  2.672818e+01
   endloop
 endfacet
 facet normal -2.136570e-01 -6.575687e-01  7.224639e-01
   outer loop
     vertex  8.189409e+01  4.937164e+01  2.935056e+01
     vertex  7.941288e+01  4.729665e+01  2.672818e+01
     vertex  8.268179e+01  4.623452e+01  2.672818e+01
   endloop
 endfacet
 facet normal -3.646439e-01 -3.424234e-01  8.658990e-01
   outer loop
     vertex  8.045378e+01  5.390461e+01  3.131288e+01
     vertex  7.916233e+01  5.527986e+01  3.131288e+01
     vertex  7.733185e+01  5.226693e+01  2.935056e+01
   endloop
 endfacet
 facet normal -3.293347e-01 -3.980972e-01  8.561877e-01
   outer loop
     vertex  8.045378e+01  5.390461e+01  3.131288e+01
     vertex  7.733185e+01  5.226693e+01  2.935056e+01
     vertex  7.943009e+01  5.053111e+01  2.935056e+01
   endloop
 endfacet
 facet normal -9.942792e-02 -3.936630e-02  9.942658e-01
   outer loop
     vertex  8.187757e+01  5.784901e+01  3.252677e+01
     vertex  8.525117e+01  5.970366e+01  3.293757e+01
     vertex  8.152233e+01  5.874626e+01  3.252677e+01
   endloop
 endfacet
 facet normal -2.893605e-01 -1.145659e-01  9.503395e-01
   outer loop
     vertex  8.187757e+01  5.784901e+01  3.252677e+01
     vertex  8.152233e+01  5.874626e+01  3.252677e+01
     vertex  7.825347e+01  5.693307e+01  3.131288e+01
   endloop
 endfacet
 facet normal -2.788061e-01 -1.532750e-01  9.480369e-01
   outer loop
     vertex  8.187757e+01  5.784901e+01  3.252677e+01
     vertex  7.825347e+01  5.693307e+01  3.131288e+01
     vertex  7.916233e+01  5.527986e+01  3.131288e+01
   endloop
 endfacet
 facet normal  4.875087e-01 -7.681909e-01  4.149916e-01
   outer loop
     vertex  9.541352e+01  4.741950e+01  2.356383e+01
     vertex  9.203930e+01  4.527815e+01  2.356383e+01
     vertex  9.516714e+01  4.533789e+01  2.000000e+01
   endloop
 endfacet
 facet normal  6.175173e-01 -6.970330e-01  3.644412e-01
   outer loop
     vertex  9.541352e+01  4.741950e+01  2.356383e+01
     vertex  9.516714e+01  4.533789e+01  2.000000e+01
     vertex  9.831696e+01  4.812838e+01  2.000000e+01
   endloop
 endfacet
 facet normal  1.506861e-01 -7.899242e-01  5.944018e-01
   outer loop
     vertex  8.948842e+01  4.666275e+01  2.672818e+01
     vertex  8.611216e+01  4.601870e+01  2.672818e+01
     vertex  8.823856e+01  4.404322e+01  2.356383e+01
   endloop
 endfacet
 facet normal  2.572853e-01 -7.918428e-01  5.538855e-01
   outer loop
     vertex  8.948842e+01  4.666275e+01  2.672818e+01
     vertex  8.823856e+01  4.404322e+01  2.356383e+01
     vertex  9.203930e+01  4.527815e+01  2.356383e+01
   endloop
 endfacet
 facet normal -4.341391e-02 -6.900443e-01  7.224639e-01
   outer loop
     vertex  8.456903e+01  4.886137e+01  2.935056e+01
     vertex  8.268179e+01  4.623452e+01  2.672818e+01
     vertex  8.611216e+01  4.601870e+01  2.672818e+01
   endloop
 endfacet
 facet normal -1.248725e-01 -6.546047e-01  7.455867e-01
   outer loop
     vertex  8.456903e+01  4.886137e+01  2.935056e+01
     vertex  8.189409e+01  4.937164e+01  2.935056e+01
     vertex  8.268179e+01  4.623452e+01  2.672818e+01
   endloop
 endfacet
 facet normal -2.199852e-01 -4.674925e-01  8.561877e-01
   outer loop
     vertex  8.204666e+01  5.289373e+01  3.131288e+01
     vertex  7.943009e+01  5.053111e+01  2.935056e+01
     vertex  8.189409e+01  4.937164e+01  2.935056e+01
   endloop
 endfacet
 facet normal -2.680307e-01 -4.223488e-01  8.658990e-01
   outer loop
     vertex  8.204666e+01  5.289373e+01  3.131288e+01
     vertex  8.045378e+01  5.390461e+01  3.131288e+01
     vertex  7.943009e+01  5.053111e+01  2.935056e+01
   endloop
 endfacet
 facet normal -2.319290e-01 -2.177958e-01  9.480369e-01
   outer loop
     vertex  8.244479e+01  5.706830e+01  3.252677e+01
     vertex  7.916233e+01  5.527986e+01  3.131288e+01
     vertex  8.045378e+01  5.390461e+01  3.131288e+01
   endloop
 endfacet
 facet normal -2.517783e-01 -1.829276e-01  9.503395e-01
   outer loop
     vertex  8.244479e+01  5.706830e+01  3.252677e+01
     vertex  8.187757e+01  5.784901e+01  3.252677e+01
     vertex  7.916233e+01  5.527986e+01  3.131288e+01
   endloop
 endfacet
 facet normal -8.651421e-02 -6.285625e-02  9.942658e-01
   outer loop
     vertex  8.244479e+01  5.706830e+01  3.252677e+01
     vertex  8.525117e+01  5.970366e+01  3.293757e+01
     vertex  8.187757e+01  5.784901e+01  3.252677e+01
   endloop
 endfacet
 facet normal  7.667101e-01 -5.292218e-01  3.634280e-01
   outer loop
     vertex  9.814920e+01  5.033270e+01  2.356383e+01
     vertex  9.831696e+01  4.812838e+01  2.000000e+01
     vertex  1.007074e+02  5.159159e+01  2.000000e+01
   endloop
 endfacet
 facet normal  6.628327e-01 -6.224413e-01  4.161967e-01
   outer loop
     vertex  9.814920e+01  5.033270e+01  2.356383e+01
     vertex  9.541352e+01  4.741950e+01  2.356383e+01
     vertex  9.831696e+01  4.812838e+01  2.000000e+01
   endloop
 endfacet
 facet normal  4.461256e-01 -7.029814e-01  5.538855e-01
   outer loop
     vertex  9.259844e+01  4.812622e+01  2.672818e+01
     vertex  9.203930e+01  4.527815e+01  2.356383e+01
     vertex  9.541352e+01  4.741950e+01  2.356383e+01
   endloop
 endfacet
 facet normal  3.423982e-01 -7.276331e-01  5.944018e-01
   outer loop
     vertex  9.259844e+01  4.812622e+01  2.672818e+01
     vertex  8.948842e+01  4.666275e+01  2.672818e+01
     vertex  9.203930e+01  4.527815e+01  2.356383e+01
   endloop
 endfacet
 facet normal  4.184414e-02 -6.650936e-01  7.455867e-01
   outer loop
     vertex  8.728683e+01  4.903236e+01  2.935056e+01
     vertex  8.456903e+01  4.886137e+01  2.935056e+01
     vertex  8.611216e+01  4.601870e+01  2.672818e+01
   endloop
 endfacet
 facet normal  1.295571e-01 -6.791619e-01  7.224639e-01
   outer loop
     vertex  8.728683e+01  4.903236e+01  2.935056e+01
     vertex  8.611216e+01  4.601870e+01  2.672818e+01
     vertex  8.948842e+01  4.666275e+01  2.672818e+01
   endloop
 endfacet
 facet normal -9.681336e-02 -5.075134e-01  8.561877e-01
   outer loop
     vertex  8.384090e+01  5.231075e+01  3.131288e+01
     vertex  8.189409e+01  4.937164e+01  2.935056e+01
     vertex  8.456903e+01  4.886137e+01  2.935056e+01
   endloop
 endfacet
 facet normal -1.545761e-01 -4.757364e-01  8.658990e-01
   outer loop
     vertex  8.384090e+01  5.231075e+01  3.131288e+01
     vertex  8.204666e+01  5.289373e+01  3.131288e+01
     vertex  8.189409e+01  4.937164e+01  2.935056e+01
   endloop
 endfacet
 facet normal -6.816449e-02 -8.239672e-02  9.942658e-01
   outer loop
     vertex  8.318835e+01  5.645317e+01  3.252677e+01
     vertex  8.525117e+01  5.970366e+01  3.293757e+01
     vertex  8.244479e+01  5.706830e+01  3.252677e+01
   endloop
 endfacet
 facet normal -1.704789e-01 -2.686317e-01  9.480369e-01
   outer loop
     vertex  8.318835e+01  5.645317e+01  3.252677e+01
     vertex  8.045378e+01  5.390461e+01  3.131288e+01
     vertex  8.204666e+01  5.289373e+01  3.131288e+01
   endloop
 endfacet
 facet normal -1.983760e-01 -2.397954e-01  9.503395e-01
   outer loop
     vertex  8.318835e+01  5.645317e+01  3.252677e+01
     vertex  8.244479e+01  5.706830e+01  3.252677e+01
     vertex  8.045378e+01  5.390461e+01  3.131288e+01
   endloop
 endfacet
 facet normal  8.713284e-01 -3.304513e-01  3.627518e-01
   outer loop
     vertex  1.000744e+02  5.383471e+01  2.356383e+01
     vertex  1.007074e+02  5.159159e+01  2.000000e+01
     vertex  1.021996e+02  5.552624e+01  2.000000e+01
   endloop
 endfacet
 facet normal  7.964582e-01 -4.378566e-01  4.170562e-01
   outer loop
     vertex  1.000744e+02  5.383471e+01  2.356383e+01
     vertex  9.814920e+01  5.033270e+01  2.356383e+01
     vertex  1.007074e+02  5.159159e+01  2.000000e+01
   endloop
 endfacet
 facet normal  5.125961e-01 -6.196222e-01  5.944018e-01
   outer loop
     vertex  9.524681e+01  5.031714e+01  2.672818e+01
     vertex  9.259844e+01  4.812622e+01  2.672818e+01
     vertex  9.541352e+01  4.741950e+01  2.356383e+01
   endloop
 endfacet
 facet normal  6.069341e-01 -5.699490e-01  5.538855e-01
   outer loop
     vertex  9.524681e+01  5.031714e+01  2.672818e+01
     vertex  9.541352e+01  4.741950e+01  2.356383e+01
     vertex  9.814920e+01  5.033270e+01  2.356383e+01
   endloop
 endfacet
 facet normal  2.943875e-01 -6.256053e-01  7.224639e-01
   outer loop
     vertex  8.987672e+01  4.987386e+01  2.935056e+01
     vertex  8.948842e+01  4.666275e+01  2.672818e+01
     vertex  9.259844e+01  4.812622e+01  2.672818e+01
   endloop
 endfacet
 facet normal  2.059316e-01 -6.337922e-01  7.455867e-01
   outer loop
     vertex  8.987672e+01  4.987386e+01  2.935056e+01
     vertex  8.728683e+01  4.903236e+01  2.935056e+01
     vertex  8.948842e+01  4.666275e+01  2.672818e+01
   endloop
 endfacet
 facet normal  3.244166e-02 -5.156455e-01  8.561877e-01
   outer loop
     vertex  8.572375e+01  5.219229e+01  3.131288e+01
     vertex  8.456903e+01  4.886137e+01  2.935056e+01
     vertex  8.728683e+01  4.903236e+01  2.935056e+01
   endloop
 endfacet
 facet normal -3.140900e-02 -4.992318e-01  8.658990e-01
   outer loop
     vertex  8.572375e+01  5.219229e+01  3.131288e+01
     vertex  8.384090e+01  5.231075e+01  3.131288e+01
     vertex  8.456903e+01  4.886137e+01  2.935056e+01
   endloop
 endfacet
 facet normal -4.553175e-02 -9.675989e-02  9.942658e-01
   outer loop
     vertex  8.406152e+01  5.604229e+01  3.252677e+01
     vertex  8.525117e+01  5.970366e+01  3.293757e+01
     vertex  8.318835e+01  5.645317e+01  3.252677e+01
   endloop
 endfacet
 facet normal -9.831698e-02 -3.025886e-01  9.480369e-01
   outer loop
     vertex  8.406152e+01  5.604229e+01  3.252677e+01
     vertex  8.204666e+01  5.289373e+01  3.131288e+01
     vertex  8.384090e+01  5.231075e+01  3.131288e+01
   endloop
 endfacet
 facet normal -1.325089e-01 -2.815958e-01  9.503395e-01
   outer loop
     vertex  8.406152e+01  5.604229e+01  3.252677e+01
     vertex  8.318835e+01  5.645317e+01  3.252677e+01
     vertex  8.204666e+01  5.289373e+01  3.131288e+01
   endloop
 endfacet
 facet normal  9.189541e-01 -5.781569e-02  3.901036e-01
   outer loop
     vertex  1.010683e+02  5.770549e+01  2.356383e+01
     vertex  1.027069e+02  5.970366e+01  2.000000e+01
     vertex  1.011940e+02  5.970366e+01  2.356383e+01
   endloop
 endfacet
 facet normal  8.162360e-01 -5.135322e-02  5.754317e-01
   outer loop
     vertex  1.010683e+02  5.770549e+01  2.356383e+01
     vertex  1.011940e+02  5.970366e+01  2.356383e+01
     vertex  9.896319e+01  5.970366e+01  2.672818e+01
   endloop
 endfacet
 facet normal  9.252220e-01 -1.123423e-01  3.624135e-01
   outer loop
     vertex  1.010683e+02  5.770549e+01  2.356383e+01
     vertex  1.021996e+02  5.552624e+01  2.000000e+01
     vertex  1.027069e+02  5.970366e+01  2.000000e+01
   endloop
 endfacet
 facet normal  8.800974e-01 -2.259706e-01  4.175714e-01
   outer loop
     vertex  1.010683e+02  5.770549e+01  2.356383e+01
     vertex  1.000744e+02  5.383471e+01  2.356383e+01
     vertex  1.021996e+02  5.552624e+01  2.000000e+01
   endloop
 endfacet
 facet normal  7.296067e-01 -4.011047e-01  5.538855e-01
   outer loop
     vertex  9.726711e+01  5.309784e+01  2.672818e+01
     vertex  9.814920e+01  5.033270e+01  2.356383e+01
     vertex  1.000744e+02  5.383471e+01  2.356383e+01
   endloop
 endfacet
 facet normal  6.505857e-01 -4.726782e-01  5.944018e-01
   outer loop
     vertex  9.726711e+01  5.309784e+01  2.672818e+01
     vertex  9.524681e+01  5.031714e+01  2.672818e+01
     vertex  9.814920e+01  5.033270e+01  2.356383e+01
   endloop
 endfacet
 facet normal  4.407205e-01 -5.327395e-01  7.224639e-01
   outer loop
     vertex  9.217597e+01  5.133301e+01  2.935056e+01
     vertex  9.259844e+01  4.812622e+01  2.672818e+01
     vertex  9.524681e+01  5.031714e+01  2.672818e+01
   endloop
 endfacet
 facet normal  3.570796e-01 -5.626674e-01  7.455867e-01
   outer loop
     vertex  9.217597e+01  5.133301e+01  2.935056e+01
     vertex  8.987672e+01  4.987386e+01  2.935056e+01
     vertex  9.259844e+01  4.812622e+01  2.672818e+01
   endloop
 endfacet
 facet normal  1.596583e-01 -4.913776e-01  8.561877e-01
   outer loop
     vertex  8.757690e+01  5.254580e+01  3.131288e+01
     vertex  8.728683e+01  4.903236e+01  2.935056e+01
     vertex  8.987672e+01  4.987386e+01  2.935056e+01
   endloop
 endfacet
 facet normal  9.373167e-02 -4.913586e-01  8.658990e-01
   outer loop
     vertex  8.757690e+01  5.254580e+01  3.131288e+01
     vertex  8.572375e+01  5.219229e+01  3.131288e+01
     vertex  8.728683e+01  4.903236e+01  2.935056e+01
   endloop
 endfacet
 facet normal -2.003808e-02 -1.050433e-01  9.942658e-01
   outer loop
     vertex  8.500944e+01  5.586146e+01  3.252677e+01
     vertex  8.525117e+01  5.970366e+01  3.293757e+01
     vertex  8.406152e+01  5.604229e+01  3.252677e+01
   endloop
 endfacet
 facet normal -1.997746e-02 -3.175326e-01  9.480369e-01
   outer loop
     vertex  8.500944e+01  5.586146e+01  3.252677e+01
     vertex  8.384090e+01  5.231075e+01  3.131288e+01
     vertex  8.572375e+01  5.219229e+01  3.131288e+01
   endloop
 endfacet
 facet normal -5.831589e-02 -3.057026e-01  9.503395e-01
   outer loop
     vertex  8.500944e+01  5.586146e+01  3.252677e+01
     vertex  8.406152e+01  5.604229e+01  3.252677e+01
     vertex  8.384090e+01  5.231075e+01  3.131288e+01
   endloop
 endfacet
 facet normal  7.476967e-01 -2.960341e-01  5.944018e-01
   outer loop
     vertex  9.853241e+01  5.629362e+01  2.672818e+01
     vertex  9.726711e+01  5.309784e+01  2.672818e+01
     vertex  1.000744e+02  5.383471e+01  2.356383e+01
   endloop
 endfacet
 facet normal  7.978271e-01 -1.007890e-01  5.944018e-01
   outer loop
     vertex  9.853241e+01  5.629362e+01  2.672818e+01
     vertex  1.010683e+02  5.770549e+01  2.356383e+01
     vertex  9.896319e+01  5.970366e+01  2.672818e+01
   endloop
 endfacet
 facet normal  8.064354e-01 -2.070574e-01  5.538855e-01
   outer loop
     vertex  9.853241e+01  5.629362e+01  2.672818e+01
     vertex  1.000744e+02  5.383471e+01  2.356383e+01
     vertex  1.010683e+02  5.770549e+01  2.356383e+01
   endloop
 endfacet
 facet normal  5.593614e-01 -4.063998e-01  7.224639e-01
   outer loop
     vertex  9.404011e+01  5.331812e+01  2.935056e+01
     vertex  9.524681e+01  5.031714e+01  2.672818e+01
     vertex  9.726711e+01  5.309784e+01  2.672818e+01
   endloop
 endfacet
 facet normal  4.857910e-01 -4.561881e-01  7.455867e-01
   outer loop
     vertex  9.404011e+01  5.331812e+01  2.935056e+01
     vertex  9.217597e+01  5.133301e+01  2.935056e+01
     vertex  9.524681e+01  5.031714e+01  2.672818e+01
   endloop
 endfacet
 facet normal  2.129828e-01 -4.526116e-01  8.658990e-01
   outer loop
     vertex  8.928392e+01  5.334906e+01  3.131288e+01
     vertex  8.757690e+01  5.254580e+01  3.131288e+01
     vertex  8.987672e+01  4.987386e+01  2.935056e+01
   endloop
 endfacet
 facet normal  2.768429e-01 -4.362347e-01  8.561877e-01
   outer loop
     vertex  8.928392e+01  5.334906e+01  3.131288e+01
     vertex  8.987672e+01  4.987386e+01  2.935056e+01
     vertex  9.217597e+01  5.133301e+01  2.935056e+01
   endloop
 endfacet
 facet normal  6.714658e-03 -1.067264e-01  9.942658e-01
   outer loop
     vertex  8.597255e+01  5.592206e+01  3.252677e+01
     vertex  8.525117e+01  5.970366e+01  3.293757e+01
     vertex  8.500944e+01  5.586146e+01  3.252677e+01
   endloop
 endfacet
 facet normal  5.961732e-02 -3.125249e-01  9.480369e-01
   outer loop
     vertex  8.597255e+01  5.592206e+01  3.252677e+01
     vertex  8.572375e+01  5.219229e+01  3.131288e+01
     vertex  8.757690e+01  5.254580e+01  3.131288e+01
   endloop
 endfacet
 facet normal  1.954136e-02 -3.106010e-01  9.503395e-01
   outer loop
     vertex  8.597255e+01  5.592206e+01  3.252677e+01
     vertex  8.500944e+01  5.586146e+01  3.252677e+01
     vertex  8.572375e+01  5.219229e+01  3.131288e+01
   endloop
 endfacet
 facet normal  5.839783e-01 -3.210448e-01  7.455867e-01
   outer loop
     vertex  9.535201e+01  5.570445e+01  2.935056e+01
     vertex  9.404011e+01  5.331812e+01  2.935056e+01
     vertex  9.726711e+01  5.309784e+01  2.672818e+01
   endloop
 endfacet
 facet normal  6.428555e-01 -2.545245e-01  7.224639e-01
   outer loop
     vertex  9.535201e+01  5.570445e+01  2.935056e+01
     vertex  9.726711e+01  5.309784e+01  2.672818e+01
     vertex  9.853241e+01  5.629362e+01  2.672818e+01
   endloop
 endfacet
 facet normal  3.766326e-01 -3.536815e-01  8.561877e-01
   outer loop
     vertex  9.073755e+01  5.455161e+01  3.131288e+01
     vertex  9.217597e+01  5.133301e+01  2.935056e+01
     vertex  9.404011e+01  5.331812e+01  2.935056e+01
   endloop
 endfacet
 facet normal  3.188515e-01 -3.854253e-01  8.658990e-01
   outer loop
     vertex  9.073755e+01  5.455161e+01  3.131288e+01
     vertex  8.928392e+01  5.334906e+01  3.131288e+01
     vertex  9.217597e+01  5.133301e+01  2.935056e+01
   endloop
 endfacet
 facet normal  1.354661e-01 -2.878802e-01  9.480369e-01
   outer loop
     vertex  8.689033e+01  5.622026e+01  3.252677e+01
     vertex  8.757690e+01  5.254580e+01  3.131288e+01
     vertex  8.928392e+01  5.334906e+01  3.131288e+01
   endloop
 endfacet
 facet normal  9.617075e-02 -2.959831e-01  9.503395e-01
   outer loop
     vertex  8.689033e+01  5.622026e+01  3.252677e+01
     vertex  8.597255e+01  5.592206e+01  3.252677e+01
     vertex  8.757690e+01  5.254580e+01  3.131288e+01
   endloop
 endfacet
 facet normal  3.304549e-02 -1.017036e-01  9.942658e-01
   outer loop
     vertex  8.689033e+01  5.622026e+01  3.252677e+01
     vertex  8.525117e+01  5.970366e+01  3.293757e+01
     vertex  8.597255e+01  5.592206e+01  3.252677e+01
   endloop
 endfacet
 facet normal  6.767156e-01 -4.257534e-02  7.350125e-01
   outer loop
     vertex  9.602924e+01  5.834207e+01  2.935056e+01
     vertex  9.896319e+01  5.970366e+01  2.672818e+01
     vertex  9.611490e+01  5.970366e+01  2.935056e+01
   endloop
 endfacet
 facet normal  5.065861e-01 -3.187169e-02  8.616001e-01
   outer loop
     vertex  9.602924e+01  5.834207e+01  2.935056e+01
     vertex  9.611490e+01  5.970366e+01  2.935056e+01
     vertex  9.277739e+01  5.970366e+01  3.131288e+01
   endloop
 endfacet
 facet normal  6.454721e-01 -1.657291e-01  7.455867e-01
   outer loop
     vertex  9.602924e+01  5.834207e+01  2.935056e+01
     vertex  9.535201e+01  5.570445e+01  2.935056e+01
     vertex  9.853241e+01  5.629362e+01  2.672818e+01
   endloop
 endfacet
 facet normal  6.859567e-01 -8.665648e-02  7.224639e-01
   outer loop
     vertex  9.602924e+01  5.834207e+01  2.935056e+01
     vertex  9.853241e+01  5.629362e+01  2.672818e+01
     vertex  9.896319e+01  5.970366e+01  2.672818e+01
   endloop
 endfacet
 facet normal  4.046856e-01 -2.940213e-01  8.658990e-01
   outer loop
     vertex  9.184645e+01  5.607788e+01  3.131288e+01
     vertex  9.073755e+01  5.455161e+01  3.131288e+01
     vertex  9.404011e+01  5.331812e+01  2.935056e+01
   endloop
 endfacet
 facet normal  4.527570e-01 -2.489053e-01  8.561877e-01
   outer loop
     vertex  9.184645e+01  5.607788e+01  3.131288e+01
     vertex  9.404011e+01  5.331812e+01  2.935056e+01
     vertex  9.535201e+01  5.570445e+01  2.935056e+01
   endloop
 endfacet
 facet normal  2.028031e-01 -2.451468e-01  9.480369e-01
   outer loop
     vertex  8.770512e+01  5.673734e+01  3.252677e+01
     vertex  8.928392e+01  5.334906e+01  3.131288e+01
     vertex  9.073755e+01  5.455161e+01  3.131288e+01
   endloop
 endfacet
 facet normal  5.729995e-02 -9.029027e-02  9.942658e-01
   outer loop
     vertex  8.770512e+01  5.673734e+01  3.252677e+01
     vertex  8.525117e+01  5.970366e+01  3.293757e+01
     vertex  8.689033e+01  5.622026e+01  3.252677e+01
   endloop
 endfacet
 facet normal  1.667574e-01 -2.627676e-01  9.503395e-01
   outer loop
     vertex  8.770512e+01  5.673734e+01  3.252677e+01
     vertex  8.689033e+01  5.622026e+01  3.252677e+01
     vertex  8.928392e+01  5.334906e+01  3.131288e+01
   endloop
 endfacet
 facet normal  4.650918e-01 -1.841429e-01  8.658990e-01
   outer loop
     vertex  9.254094e+01  5.783197e+01  3.131288e+01
     vertex  9.184645e+01  5.607788e+01  3.131288e+01
     vertex  9.535201e+01  5.570445e+01  2.935056e+01
   endloop
 endfacet
 facet normal  4.962745e-01 -6.269405e-02  8.658990e-01
   outer loop
     vertex  9.254094e+01  5.783197e+01  3.131288e+01
     vertex  9.602924e+01  5.834207e+01  2.935056e+01
     vertex  9.277739e+01  5.970366e+01  3.131288e+01
   endloop
 endfacet
 facet normal  5.004330e-01 -1.284894e-01  8.561877e-01
   outer loop
     vertex  9.254094e+01  5.783197e+01  3.131288e+01
     vertex  9.535201e+01  5.570445e+01  2.935056e+01
     vertex  9.602924e+01  5.834207e+01  2.935056e+01
   endloop
 endfacet
 facet normal  2.573972e-01 -1.870100e-01  9.480369e-01
   outer loop
     vertex  8.836572e+01  5.744081e+01  3.252677e+01
     vertex  9.073755e+01  5.455161e+01  3.131288e+01
     vertex  9.184645e+01  5.607788e+01  3.131288e+01
   endloop
 endfacet
 facet normal  7.795404e-02 -7.320372e-02  9.942658e-01
   outer loop
     vertex  8.836572e+01  5.744081e+01  3.252677e+01
     vertex  8.525117e+01  5.970366e+01  3.293757e+01
     vertex  8.770512e+01  5.673734e+01  3.252677e+01
   endloop
 endfacet
 facet normal  2.268660e-01 -2.130414e-01  9.503395e-01
   outer loop
     vertex  8.836572e+01  5.744081e+01  3.252677e+01
     vertex  8.770512e+01  5.673734e+01  3.252677e+01
     vertex  9.073755e+01  5.455161e+01  3.131288e+01
   endloop
 endfacet
 facet normal  2.958181e-01 -1.171227e-01  9.480369e-01
   outer loop
     vertex  8.883062e+01  5.828646e+01  3.252677e+01
     vertex  9.184645e+01  5.607788e+01  3.131288e+01
     vertex  9.254094e+01  5.783197e+01  3.131288e+01
   endloop
 endfacet
 facet normal  2.727199e-01 -1.499290e-01  9.503395e-01
   outer loop
     vertex  8.883062e+01  5.828646e+01  3.252677e+01
     vertex  8.836572e+01  5.744081e+01  3.252677e+01
     vertex  9.184645e+01  5.607788e+01  3.131288e+01
   endloop
 endfacet
 facet normal  9.371000e-02 -5.151751e-02  9.942658e-01
   outer loop
     vertex  8.883062e+01  5.828646e+01  3.252677e+01
     vertex  8.525117e+01  5.970366e+01  3.293757e+01
     vertex  8.836572e+01  5.744081e+01  3.252677e+01
   endloop
 endfacet
 facet normal  3.134722e-01 -1.972200e-02  9.493926e-01
   outer loop
     vertex  8.907061e+01  5.922115e+01  3.252677e+01
     vertex  9.277739e+01  5.970366e+01  3.131288e+01
     vertex  8.910096e+01  5.970366e+01  3.252677e+01
   endloop
 endfacet
 facet normal  1.061014e-01 -6.675333e-03  9.943329e-01
   outer loop
     vertex  8.907061e+01  5.922115e+01  3.252677e+01
     vertex  8.910096e+01  5.970366e+01  3.252677e+01
     vertex  8.525117e+01  5.970366e+01  3.293757e+01
   endloop
 endfacet
 facet normal  1.035778e-01 -2.659426e-02  9.942658e-01
   outer loop
     vertex  8.907061e+01  5.922115e+01  3.252677e+01
     vertex  8.525117e+01  5.970366e+01  3.293757e+01
     vertex  8.883062e+01  5.828646e+01  3.252677e+01
   endloop
 endfacet
 facet normal  3.014377e-01 -7.739605e-02  9.503395e-01
   outer loop
     vertex  8.907061e+01  5.922115e+01  3.252677e+01
     vertex  8.883062e+01  5.828646e+01  3.252677e+01
     vertex  9.254094e+01  5.783197e+01  3.131288e+01
   endloop
 endfacet
 facet normal  3.156517e-01 -3.987608e-02  9.480369e-01
   outer loop
     vertex  8.907061e+01  5.922115e+01  3.252677e+01
     vertex  9.254094e+01  5.783197e+01  3.131288e+01
     vertex  9.277739e+01  5.970366e+01  3.131288e+01
   endloop
 endfacet
 facet normal  5.035580e-01  6.114301e-02 -8.617952e-01
   outer loop
     vertex  9.575281e+01  6.229208e+01  0.000000e+00
     vertex  9.606710e+01  5.970366e+01 -5.329071e-15
     vertex  9.274129e+01  5.970366e+01 -1.943317e+00
   endloop
 endfacet
 facet normal  5.035580e-01 -6.114301e-02 -8.617952e-01
   outer loop
     vertex  9.606710e+01  5.970366e+01 -5.329071e-15
     vertex  9.575281e+01  5.711524e+01  0.000000e+00
     vertex  9.274129e+01  5.970366e+01 -1.943317e+00
   endloop
 endfacet
 facet normal  1.055616e-01  6.641374e-03 -9.943906e-01
   outer loop
     vertex  8.905140e+01  6.018374e+01 -3.145073e+00
     vertex  8.908160e+01  5.970366e+01 -3.145073e+00
     vertex  8.525117e+01  5.970366e+01 -3.551700e+00
   endloop
 endfacet
 facet normal  3.119262e-01  1.962473e-02 -9.499036e-01
   outer loop
     vertex  8.905140e+01  6.018374e+01 -3.145073e+00
     vertex  9.274129e+01  5.970366e+01 -1.943317e+00
     vertex  8.908160e+01  5.970366e+01 -3.145073e+00
   endloop
 endfacet
 facet normal  1.030509e-01  2.645899e-02 -9.943241e-01
   outer loop
     vertex  8.881261e+01  6.111374e+01 -3.145073e+00
     vertex  8.905140e+01  6.018374e+01 -3.145073e+00
     vertex  8.525117e+01  5.970366e+01 -3.551700e+00
   endloop
 endfacet
 facet normal  9.323333e-02  5.125546e-02 -9.943241e-01
   outer loop
     vertex  8.835005e+01  6.195513e+01 -3.145073e+00
     vertex  8.881261e+01  6.111374e+01 -3.145073e+00
     vertex  8.525117e+01  5.970366e+01 -3.551700e+00
   endloop
 endfacet
 facet normal  7.755752e-02  7.283136e-02 -9.943241e-01
   outer loop
     vertex  8.769278e+01  6.265506e+01 -3.145073e+00
     vertex  8.835005e+01  6.195513e+01 -3.145073e+00
     vertex  8.525117e+01  5.970366e+01 -3.551700e+00
   endloop
 endfacet
 facet normal  4.751885e-01  1.802152e-01 -8.612308e-01
   outer loop
     vertex  9.250597e+01  6.156638e+01 -1.943317e+00
     vertex  9.482820e+01  6.473007e+01  0.000000e+00
     vertex  9.575281e+01  6.229208e+01  0.000000e+00
   endloop
 endfacet
 facet normal  5.020560e-01  6.342442e-02 -8.625063e-01
   outer loop
     vertex  9.250597e+01  6.156638e+01 -1.943317e+00
     vertex  9.575281e+01  6.229208e+01  0.000000e+00
     vertex  9.274129e+01  5.970366e+01 -1.943317e+00
   endloop
 endfacet
 facet normal  3.140982e-01  3.967983e-02 -9.485609e-01
   outer loop
     vertex  9.250597e+01  6.156638e+01 -1.943317e+00
     vertex  9.274129e+01  5.970366e+01 -1.943317e+00
     vertex  8.905140e+01  6.018374e+01 -3.145073e+00
   endloop
 endfacet
 facet normal  2.999492e-01  7.701387e-02 -9.508414e-01
   outer loop
     vertex  9.250597e+01  6.156638e+01 -1.943317e+00
     vertex  8.905140e+01  6.018374e+01 -3.145073e+00
     vertex  8.881261e+01  6.111374e+01 -3.145073e+00
   endloop
 endfacet
 facet normal  5.700849e-02  8.983100e-02 -9.943241e-01
   outer loop
     vertex  8.688209e+01  6.316954e+01 -3.145073e+00
     vertex  8.769278e+01  6.265506e+01 -3.145073e+00
     vertex  8.525117e+01  5.970366e+01 -3.551700e+00
   endloop
 endfacet
 facet normal  4.189769e-01  2.891989e-01 -8.607104e-01
   outer loop
     vertex  9.181481e+01  6.331205e+01 -1.943317e+00
     vertex  9.334701e+01  6.687595e+01  0.000000e+00
     vertex  9.482820e+01  6.473007e+01  0.000000e+00
   endloop
 endfacet
 facet normal  4.692869e-01  1.858038e-01 -8.632767e-01
   outer loop
     vertex  9.181481e+01  6.331205e+01 -1.943317e+00
     vertex  9.482820e+01  6.473007e+01  0.000000e+00
     vertex  9.250597e+01  6.156638e+01 -1.943317e+00
   endloop
 endfacet
 facet normal  2.943623e-01  1.165463e-01 -9.485609e-01
   outer loop
     vertex  9.181481e+01  6.331205e+01 -1.943317e+00
     vertex  9.250597e+01  6.156638e+01 -1.943317e+00
     vertex  8.881261e+01  6.111374e+01 -3.145073e+00
   endloop
 endfacet
 facet normal  2.713732e-01  1.491887e-01 -9.508414e-01
   outer loop
     vertex  9.181481e+01  6.331205e+01 -1.943317e+00
     vertex  8.881261e+01  6.111374e+01 -3.145073e+00
     vertex  8.835005e+01  6.195513e+01 -3.145073e+00
   endloop
 endfacet
 facet normal  3.287740e-02  1.011862e-01 -9.943241e-01
   outer loop
     vertex  8.596892e+01  6.346624e+01 -3.145073e+00
     vertex  8.688209e+01  6.316954e+01 -3.145073e+00
     vertex  8.525117e+01  5.970366e+01 -3.551700e+00
   endloop
 endfacet
 facet normal  3.381250e-01  3.816642e-01 -8.602348e-01
   outer loop
     vertex  9.071123e+01  6.483100e+01 -1.943317e+00
     vertex  9.139532e+01  6.860500e+01  0.000000e+00
     vertex  9.334701e+01  6.687595e+01  0.000000e+00
   endloop
 endfacet
 facet normal  4.073679e-01  2.959701e-01 -8.639752e-01
   outer loop
     vertex  9.071123e+01  6.483100e+01 -1.943317e+00
     vertex  9.334701e+01  6.687595e+01  0.000000e+00
     vertex  9.181481e+01  6.331205e+01 -1.943317e+00
   endloop
 endfacet
 facet normal  2.257458e-01  2.119894e-01 -9.508414e-01
   outer loop
     vertex  9.071123e+01  6.483100e+01 -1.943317e+00
     vertex  8.835005e+01  6.195513e+01 -3.145073e+00
     vertex  8.769278e+01  6.265506e+01 -3.145073e+00
   endloop
 endfacet
 facet normal  2.561305e-01  1.860897e-01 -9.485609e-01
   outer loop
     vertex  9.071123e+01  6.483100e+01 -1.943317e+00
     vertex  9.181481e+01  6.331205e+01 -1.943317e+00
     vertex  8.835005e+01  6.195513e+01 -3.145073e+00
   endloop
 endfacet
 facet normal  6.680503e-03  1.061836e-01 -9.943241e-01
   outer loop
     vertex  8.501066e+01  6.352653e+01 -3.145073e+00
     vertex  8.596892e+01  6.346624e+01 -3.145073e+00
     vertex  8.525117e+01  5.970366e+01 -3.551700e+00
   endloop
 endfacet
 facet normal  2.372983e-01  4.521342e-01 -8.598047e-01
   outer loop
     vertex  8.926458e+01  6.602777e+01 -1.943317e+00
     vertex  8.908655e+01  6.981673e+01  0.000000e+00
     vertex  9.139532e+01  6.860500e+01  0.000000e+00
   endloop
 endfacet
 facet normal  1.659339e-01  2.614701e-01 -9.508414e-01
   outer loop
     vertex  8.926458e+01  6.602777e+01 -1.943317e+00
     vertex  8.769278e+01  6.265506e+01 -3.145073e+00
     vertex  8.688209e+01  6.316954e+01 -3.145073e+00
   endloop
 endfacet
 facet normal  3.202772e-01  3.871487e-01 -8.646030e-01
   outer loop
     vertex  8.926458e+01  6.602777e+01 -1.943317e+00
     vertex  9.139532e+01  6.860500e+01  0.000000e+00
     vertex  9.071123e+01  6.483100e+01 -1.943317e+00
   endloop
 endfacet
 facet normal  2.018050e-01  2.439404e-01 -9.485609e-01
   outer loop
     vertex  8.926458e+01  6.602777e+01 -1.943317e+00
     vertex  9.071123e+01  6.483100e+01 -1.943317e+00
     vertex  8.769278e+01  6.265506e+01 -3.145073e+00
   endloop
 endfacet
 facet normal -1.993615e-02  1.045090e-01 -9.943241e-01
   outer loop
     vertex  8.406750e+01  6.334661e+01 -3.145073e+00
     vertex  8.501066e+01  6.352653e+01 -3.145073e+00
     vertex  8.525117e+01  5.970366e+01 -3.551700e+00
   endloop
 endfacet
 facet normal  1.223547e-01  4.964124e-01 -8.594208e-01
   outer loop
     vertex  8.756574e+01  6.682718e+01 -1.943317e+00
     vertex  8.655489e+01  7.044073e+01  0.000000e+00
     vertex  8.908655e+01  6.981673e+01  0.000000e+00
   endloop
 endfacet
 facet normal  1.347995e-01  2.864634e-01 -9.485609e-01
   outer loop
     vertex  8.756574e+01  6.682718e+01 -1.943317e+00
     vertex  8.926458e+01  6.602777e+01 -1.943317e+00
     vertex  8.688209e+01  6.316954e+01 -3.145073e+00
   endloop
 endfacet
 facet normal  2.135255e-01  4.537647e-01 -8.651615e-01
   outer loop
     vertex  8.756574e+01  6.682718e+01 -1.943317e+00
     vertex  8.908655e+01  6.981673e+01  0.000000e+00
     vertex  8.926458e+01  6.602777e+01 -1.943317e+00
   endloop
 endfacet
 facet normal  9.569586e-02  2.945216e-01 -9.508414e-01
   outer loop
     vertex  8.756574e+01  6.682718e+01 -1.943317e+00
     vertex  8.688209e+01  6.316954e+01 -3.145073e+00
     vertex  8.596892e+01  6.346624e+01 -3.145073e+00
   endloop
 endfacet
 facet normal -4.530015e-02  9.626771e-02 -9.943241e-01
   outer loop
     vertex  8.319873e+01  6.293780e+01 -3.145073e+00
     vertex  8.406750e+01  6.334661e+01 -3.145073e+00
     vertex  8.525117e+01  5.970366e+01 -3.551700e+00
   endloop
 endfacet
 facet normal  0.000000e+00  5.118354e-01 -8.590836e-01
   outer loop
     vertex  8.572148e+01  6.717900e+01 -1.943317e+00
     vertex  8.394746e+01  7.044073e+01  0.000000e+00
     vertex  8.655489e+01  7.044073e+01  0.000000e+00
   endloop
 endfacet
 facet normal  5.932392e-02  3.109869e-01 -9.485609e-01
   outer loop
     vertex  8.572148e+01  6.717900e+01 -1.943317e+00
     vertex  8.756574e+01  6.682718e+01 -1.943317e+00
     vertex  8.596892e+01  6.346624e+01 -3.145073e+00
   endloop
 endfacet
 facet normal  1.944486e-02  3.090672e-01 -9.508414e-01
   outer loop
     vertex  8.572148e+01  6.717900e+01 -1.943317e+00
     vertex  8.596892e+01  6.346624e+01 -3.145073e+00
     vertex  8.501066e+01  6.352653e+01 -3.145073e+00
   endloop
 endfacet
 facet normal  9.381181e-02  4.917787e-01 -8.656518e-01
   outer loop
     vertex  8.572148e+01  6.717900e+01 -1.943317e+00
     vertex  8.655489e+01  7.044073e+01  0.000000e+00
     vertex  8.756574e+01  6.682718e+01 -1.943317e+00
   endloop
 endfacet
 facet normal -6.781777e-02  8.197760e-02 -9.943241e-01
   outer loop
     vertex  8.245891e+01  6.232577e+01 -3.145073e+00
     vertex  8.319873e+01  6.293780e+01 -3.145073e+00
     vertex  8.525117e+01  5.970366e+01 -3.551700e+00
   endloop
 endfacet
 facet normal -1.987914e-02  3.159699e-01 -9.485609e-01
   outer loop
     vertex  8.384766e+01  6.706111e+01 -1.943317e+00
     vertex  8.572148e+01  6.717900e+01 -1.943317e+00
     vertex  8.501066e+01  6.352653e+01 -3.145073e+00
   endloop
 endfacet
 facet normal -1.226066e-01  4.974346e-01 -8.587936e-01
   outer loop
     vertex  8.384766e+01  6.706111e+01 -1.943317e+00
     vertex  8.141579e+01  6.981673e+01  0.000000e+00
     vertex  8.394746e+01  7.044073e+01  0.000000e+00
   endloop
 endfacet
 facet normal -3.138989e-02  4.989280e-01 -8.660748e-01
   outer loop
     vertex  8.384766e+01  6.706111e+01 -1.943317e+00
     vertex  8.394746e+01  7.044073e+01  0.000000e+00
     vertex  8.572148e+01  6.717900e+01 -1.943317e+00
   endloop
 endfacet
 facet normal -5.802793e-02  3.041931e-01 -9.508414e-01
   outer loop
     vertex  8.384766e+01  6.706111e+01 -1.943317e+00
     vertex  8.501066e+01  6.352653e+01 -3.145073e+00
     vertex  8.406750e+01  6.334661e+01 -3.145073e+00
   endloop
 endfacet
 facet normal -8.607415e-02  6.253653e-02 -9.943241e-01
   outer loop
     vertex  8.189454e+01  6.154898e+01 -3.145073e+00
     vertex  8.245891e+01  6.232577e+01 -3.145073e+00
     vertex  8.525117e+01  5.970366e+01 -3.551700e+00
   endloop
 endfacet
 facet normal -1.318546e-01  2.802053e-01 -9.508414e-01
   outer loop
     vertex  8.206204e+01  6.648092e+01 -1.943317e+00
     vertex  8.406750e+01  6.334661e+01 -3.145073e+00
     vertex  8.319873e+01  6.293780e+01 -3.145073e+00
   endloop
 endfacet
 facet normal -2.382765e-01  4.539979e-01 -8.585512e-01
   outer loop
     vertex  8.206204e+01  6.648092e+01 -1.943317e+00
     vertex  7.910702e+01  6.860500e+01  0.000000e+00
     vertex  8.141579e+01  6.981673e+01  0.000000e+00
   endloop
 endfacet
 facet normal -1.542910e-01  4.748590e-01 -8.664313e-01
   outer loop
     vertex  8.206204e+01  6.648092e+01 -1.943317e+00
     vertex  8.141579e+01  6.981673e+01  0.000000e+00
     vertex  8.384766e+01  6.706111e+01 -1.943317e+00
   endloop
 endfacet
 facet normal -9.783313e-02  3.010994e-01 -9.485609e-01
   outer loop
     vertex  8.206204e+01  6.648092e+01 -1.943317e+00
     vertex  8.384766e+01  6.706111e+01 -1.943317e+00
     vertex  8.406750e+01  6.334661e+01 -3.145073e+00
   endloop
 endfacet
 facet normal -9.892217e-02  3.916606e-02 -9.943241e-01
   outer loop
     vertex  8.154108e+01  6.065625e+01 -3.145073e+00
     vertex  8.189454e+01  6.154898e+01 -3.145073e+00
     vertex  8.525117e+01  5.970366e+01 -3.551700e+00
   endloop
 endfacet
 facet normal -1.696399e-01  2.673097e-01 -9.485609e-01
   outer loop
     vertex  8.047679e+01  6.547489e+01 -1.943317e+00
     vertex  8.206204e+01  6.648092e+01 -1.943317e+00
     vertex  8.319873e+01  6.293780e+01 -3.145073e+00
   endloop
 endfacet
 facet normal -1.973964e-01  2.386112e-01 -9.508414e-01
   outer loop
     vertex  8.047679e+01  6.547489e+01 -1.943317e+00
     vertex  8.319873e+01  6.293780e+01 -3.145073e+00
     vertex  8.245891e+01  6.232577e+01 -3.145073e+00
   endloop
 endfacet
 facet normal -3.402171e-01  3.840257e-01 -8.583569e-01
   outer loop
     vertex  8.047679e+01  6.547489e+01 -1.943317e+00
     vertex  7.715533e+01  6.687595e+01  0.000000e+00
     vertex  7.910702e+01  6.860500e+01  0.000000e+00
   endloop
 endfacet
 facet normal -2.672658e-01  4.211435e-01 -8.667221e-01
   outer loop
     vertex  8.047679e+01  6.547489e+01 -1.943317e+00
     vertex  7.910702e+01  6.860500e+01  0.000000e+00
     vertex  8.206204e+01  6.648092e+01 -1.943317e+00
   endloop
 endfacet
 facet normal  0.000000e+00  0.000000e+00  0.000000e+00
   outer loop
     vertex  8.142074e+01  5.970366e+01 -3.145073e+00
     vertex  8.525117e+01  5.970366e+01 -3.551700e+00
     vertex  8.525117e+01  5.970366e+01 -3.551700e+00
   endloop
 endfacet
 facet normal -1.055546e-01  1.333464e-02 -9.943241e-01
   outer loop
     vertex  8.142074e+01  5.970366e+01 -3.145073e+00
     vertex  8.154108e+01  6.065625e+01 -3.145073e+00
     vertex  8.525117e+01  5.970366e+01 -3.551700e+00
   endloop
 endfacet
 facet normal -2.505350e-01  1.820244e-01 -9.508414e-01
   outer loop
     vertex  7.919154e+01  6.410624e+01 -1.943317e+00
     vertex  8.245891e+01  6.232577e+01 -3.145073e+00
     vertex  8.189454e+01  6.154898e+01 -3.145073e+00
   endloop
 endfacet
 facet normal -4.224353e-01  2.915860e-01 -8.582109e-01
   outer loop
     vertex  7.919154e+01  6.410624e+01 -1.943317e+00
     vertex  7.567414e+01  6.473007e+01  0.000000e+00
     vertex  7.715533e+01  6.687595e+01  0.000000e+00
   endloop
 endfacet
 facet normal -3.633174e-01  3.411778e-01 -8.669476e-01
   outer loop
     vertex  7.919154e+01  6.410624e+01 -1.943317e+00
     vertex  7.715533e+01  6.687595e+01  0.000000e+00
     vertex  8.047679e+01  6.547489e+01 -1.943317e+00
   endloop
 endfacet
 facet normal -2.307876e-01  2.167240e-01 -9.485609e-01
   outer loop
     vertex  7.919154e+01  6.410624e+01 -1.943317e+00
     vertex  8.047679e+01  6.547489e+01 -1.943317e+00
     vertex  8.245891e+01  6.232577e+01 -3.145073e+00
   endloop
 endfacet
 facet normal -1.055546e-01 -1.333464e-02 -9.943241e-01
   outer loop
     vertex  8.154108e+01  5.875107e+01 -3.145073e+00
     vertex  8.142074e+01  5.970366e+01 -3.145073e+00
     vertex  8.525117e+01  5.970366e+01 -3.551700e+00
   endloop
 endfacet
 facet normal -4.800935e-01  1.820755e-01 -8.581135e-01
   outer loop
     vertex  7.828704e+01  6.246096e+01 -1.943317e+00
     vertex  7.474953e+01  6.229208e+01  0.000000e+00
     vertex  7.567414e+01  6.473007e+01  0.000000e+00
   endloop
 endfacet
 facet normal -2.879316e-01  1.140002e-01 -9.508414e-01
   outer loop
     vertex  7.828704e+01  6.246096e+01 -1.943317e+00
     vertex  8.189454e+01  6.154898e+01 -3.145073e+00
     vertex  8.154108e+01  6.065625e+01 -3.145073e+00
   endloop
 endfacet
 facet normal -2.774340e-01  1.525206e-01 -9.485609e-01
   outer loop
     vertex  7.828704e+01  6.246096e+01 -1.943317e+00
     vertex  7.919154e+01  6.410624e+01 -1.943317e+00
     vertex  8.189454e+01  6.154898e+01 -3.145073e+00
   endloop
 endfacet
 facet normal -4.365054e-01  2.399709e-01 -8.671084e-01
   outer loop
     vertex  7.828704e+01  6.246096e+01 -1.943317e+00
     vertex  7.567414e+01  6.473007e+01  0.000000e+00
     vertex  7.919154e+01  6.410624e+01 -1.943317e+00
   endloop
 endfacet
 facet normal -9.892217e-02 -3.916606e-02 -9.943241e-01
   outer loop
     vertex  8.189454e+01  5.785834e+01 -3.145073e+00
     vertex  8.154108e+01  5.875107e+01 -3.145073e+00
     vertex  8.525117e+01  5.970366e+01 -3.551700e+00
   endloop
 endfacet
 facet normal -5.097973e-01  6.190060e-02 -8.580647e-01
   outer loop
     vertex  7.782012e+01  6.064242e+01 -1.943317e+00
     vertex  7.443524e+01  5.970366e+01  0.000000e+00
     vertex  7.474953e+01  6.229208e+01  0.000000e+00
   endloop
 endfacet
 facet normal -3.066483e-01  7.873389e-02 -9.485609e-01
   outer loop
     vertex  7.782012e+01  6.064242e+01 -1.943317e+00
     vertex  7.828704e+01  6.246096e+01 -1.943317e+00
     vertex  8.154108e+01  6.065625e+01 -3.145073e+00
   endloop
 endfacet
 facet normal -3.072364e-01  3.881299e-02 -9.508414e-01
   outer loop
     vertex  7.782012e+01  6.064242e+01 -1.943317e+00
     vertex  8.154108e+01  6.065625e+01 -3.145073e+00
     vertex  8.142074e+01  5.970366e+01 -3.145073e+00
   endloop
 endfacet
 facet normal -4.823076e-01  1.238355e-01 -8.672048e-01
   outer loop
     vertex  7.782012e+01  6.064242e+01 -1.943317e+00
     vertex  7.474953e+01  6.229208e+01  0.000000e+00
     vertex  7.828704e+01  6.246096e+01 -1.943317e+00
   endloop
 endfacet
 facet normal -8.607415e-02 -6.253653e-02 -9.943241e-01
   outer loop
     vertex  8.245891e+01  5.708155e+01 -3.145073e+00
     vertex  8.189454e+01  5.785834e+01 -3.145073e+00
     vertex  8.525117e+01  5.970366e+01 -3.551700e+00
   endloop
 endfacet
 facet normal -5.097973e-01 -6.190060e-02 -8.580647e-01
   outer loop
     vertex  7.782012e+01  5.876490e+01 -1.943317e+00
     vertex  7.474953e+01  5.711524e+01  0.000000e+00
     vertex  7.443524e+01  5.970366e+01  0.000000e+00
   endloop
 endfacet
 facet normal -3.072364e-01 -3.881299e-02 -9.508414e-01
   outer loop
     vertex  7.782012e+01  5.876490e+01 -1.943317e+00
     vertex  8.142074e+01  5.970366e+01 -3.145073e+00
     vertex  8.154108e+01  5.875107e+01 -3.145073e+00
   endloop
 endfacet
 facet normal -4.978957e-01  0.000000e+00 -8.672369e-01
   outer loop
     vertex  7.782012e+01  5.876490e+01 -1.943317e+00
     vertex  7.443524e+01  5.970366e+01  0.000000e+00
     vertex  7.782012e+01  6.064242e+01 -1.943317e+00
   endloop
 endfacet
 facet normal -3.165947e-01  0.000000e+00 -9.485609e-01
   outer loop
     vertex  7.782012e+01  5.876490e+01 -1.943317e+00
     vertex  7.782012e+01  6.064242e+01 -1.943317e+00
     vertex  8.142074e+01  5.970366e+01 -3.145073e+00
   endloop
 endfacet
 facet normal -6.781777e-02 -8.197760e-02 -9.943241e-01
   outer loop
     vertex  8.319873e+01  5.646952e+01 -3.145073e+00
     vertex  8.245891e+01  5.708155e+01 -3.145073e+00
     vertex  8.525117e+01  5.970366e+01 -3.551700e+00
   endloop
 endfacet
 facet normal -4.800935e-01 -1.820755e-01 -8.581135e-01
   outer loop
     vertex  7.828704e+01  5.694637e+01 -1.943317e+00
     vertex  7.567414e+01  5.467725e+01  0.000000e+00
     vertex  7.474953e+01  5.711524e+01  0.000000e+00
   endloop
 endfacet
 facet normal -3.066483e-01 -7.873389e-02 -9.485609e-01
   outer loop
     vertex  7.828704e+01  5.694637e+01 -1.943317e+00
     vertex  7.782012e+01  5.876490e+01 -1.943317e+00
     vertex  8.154108e+01  5.875107e+01 -3.145073e+00
   endloop
 endfacet
 facet normal -2.879316e-01 -1.140002e-01 -9.508414e-01
   outer loop
     vertex  7.828704e+01  5.694637e+01 -1.943317e+00
     vertex  8.154108e+01  5.875107e+01 -3.145073e+00
     vertex  8.189454e+01  5.785834e+01 -3.145073e+00
   endloop
 endfacet
 facet normal -4.823076e-01 -1.238355e-01 -8.672048e-01
   outer loop
     vertex  7.828704e+01  5.694637e+01 -1.943317e+00
     vertex  7.474953e+01  5.711524e+01  0.000000e+00
     vertex  7.782012e+01  5.876490e+01 -1.943317e+00
   endloop
 endfacet
 facet normal -4.530015e-02 -9.626771e-02 -9.943241e-01
   outer loop
     vertex  8.406750e+01  5.606071e+01 -3.145073e+00
     vertex  8.319873e+01  5.646952e+01 -3.145073e+00
     vertex  8.525117e+01  5.970366e+01 -3.551700e+00
   endloop
 endfacet
 facet normal -4.224353e-01 -2.915860e-01 -8.582109e-01
   outer loop
     vertex  7.919154e+01  5.530108e+01 -1.943317e+00
     vertex  7.715533e+01  5.253137e+01  0.000000e+00
     vertex  7.567414e+01  5.467725e+01  0.000000e+00
   endloop
 endfacet
 facet normal -2.505350e-01 -1.820244e-01 -9.508414e-01
   outer loop
     vertex  7.919154e+01  5.530108e+01 -1.943317e+00
     vertex  8.189454e+01  5.785834e+01 -3.145073e+00
     vertex  8.245891e+01  5.708155e+01 -3.145073e+00
   endloop
 endfacet
 facet normal -4.365054e-01 -2.399709e-01 -8.671084e-01
   outer loop
     vertex  7.919154e+01  5.530108e+01 -1.943317e+00
     vertex  7.567414e+01  5.467725e+01  0.000000e+00
     vertex  7.828704e+01  5.694637e+01 -1.943317e+00
   endloop
 endfacet
 facet normal -2.774340e-01 -1.525206e-01 -9.485609e-01
   outer loop
     vertex  7.919154e+01  5.530108e+01 -1.943317e+00
     vertex  7.828704e+01  5.694637e+01 -1.943317e+00
     vertex  8.189454e+01  5.785834e+01 -3.145073e+00
   endloop
 endfacet
 facet normal -1.993615e-02 -1.045090e-01 -9.943241e-01
   outer loop
     vertex  8.501066e+01  5.588079e+01 -3.145073e+00
     vertex  8.406750e+01  5.606071e+01 -3.145073e+00
     vertex  8.525117e+01  5.970366e+01 -3.551700e+00
   endloop
 endfacet
 facet normal -3.402171e-01 -3.840257e-01 -8.583569e-01
   outer loop
     vertex  8.047679e+01  5.393243e+01 -1.943317e+00
     vertex  7.910702e+01  5.080232e+01  0.000000e+00
     vertex  7.715533e+01  5.253137e+01  0.000000e+00
   endloop
 endfacet
 facet normal -2.307876e-01 -2.167240e-01 -9.485609e-01
   outer loop
     vertex  8.047679e+01  5.393243e+01 -1.943317e+00
     vertex  7.919154e+01  5.530108e+01 -1.943317e+00
     vertex  8.245891e+01  5.708155e+01 -3.145073e+00
   endloop
 endfacet
 facet normal -3.633174e-01 -3.411778e-01 -8.669476e-01
   outer loop
     vertex  8.047679e+01  5.393243e+01 -1.943317e+00
     vertex  7.715533e+01  5.253137e+01  0.000000e+00
     vertex  7.919154e+01  5.530108e+01 -1.943317e+00
   endloop
 endfacet
 facet normal -1.973964e-01 -2.386112e-01 -9.508414e-01
   outer loop
     vertex  8.047679e+01  5.393243e+01 -1.943317e+00
     vertex  8.245891e+01  5.708155e+01 -3.145073e+00
     vertex  8.319873e+01  5.646952e+01 -3.145073e+00
   endloop
 endfacet
 facet normal  6.680503e-03 -1.061836e-01 -9.943241e-01
   outer loop
     vertex  8.596892e+01  5.594108e+01 -3.145073e+00
     vertex  8.501066e+01  5.588079e+01 -3.145073e+00
     vertex  8.525117e+01  5.970366e+01 -3.551700e+00
   endloop
 endfacet
 facet normal -2.382765e-01 -4.539979e-01 -8.585512e-01
   outer loop
     vertex  8.206204e+01  5.292640e+01 -1.943317e+00
     vertex  8.141579e+01  4.959059e+01  0.000000e+00
     vertex  7.910702e+01  5.080232e+01  0.000000e+00
   endloop
 endfacet
 facet normal -2.672658e-01 -4.211435e-01 -8.667221e-01
   outer loop
     vertex  8.206204e+01  5.292640e+01 -1.943317e+00
     vertex  7.910702e+01  5.080232e+01  0.000000e+00
     vertex  8.047679e+01  5.393243e+01 -1.943317e+00
   endloop
 endfacet
 facet normal -1.318546e-01 -2.802053e-01 -9.508414e-01
   outer loop
     vertex  8.206204e+01  5.292640e+01 -1.943317e+00
     vertex  8.319873e+01  5.646952e+01 -3.145073e+00
     vertex  8.406750e+01  5.606071e+01 -3.145073e+00
   endloop
 endfacet
 facet normal -1.696399e-01 -2.673097e-01 -9.485609e-01
   outer loop
     vertex  8.206204e+01  5.292640e+01 -1.943317e+00
     vertex  8.047679e+01  5.393243e+01 -1.943317e+00
     vertex  8.319873e+01  5.646952e+01 -3.145073e+00
   endloop
 endfacet
 facet normal  3.287740e-02 -1.011862e-01 -9.943241e-01
   outer loop
     vertex  8.688209e+01  5.623779e+01 -3.145073e+00
     vertex  8.596892e+01  5.594108e+01 -3.145073e+00
     vertex  8.525117e+01  5.970366e+01 -3.551700e+00
   endloop
 endfacet
 facet normal -1.226066e-01 -4.974346e-01 -8.587936e-01
   outer loop
     vertex  8.384766e+01  5.234622e+01 -1.943317e+00
     vertex  8.394746e+01  4.896659e+01  0.000000e+00
     vertex  8.141579e+01  4.959059e+01  0.000000e+00
   endloop
 endfacet
 facet normal -1.542910e-01 -4.748590e-01 -8.664313e-01
   outer loop
     vertex  8.384766e+01  5.234622e+01 -1.943317e+00
     vertex  8.141579e+01  4.959059e+01  0.000000e+00
     vertex  8.206204e+01  5.292640e+01 -1.943317e+00
   endloop
 endfacet
 facet normal -5.802793e-02 -3.041931e-01 -9.508414e-01
   outer loop
     vertex  8.384766e+01  5.234622e+01 -1.943317e+00
     vertex  8.406750e+01  5.606071e+01 -3.145073e+00
     vertex  8.501066e+01  5.588079e+01 -3.145073e+00
   endloop
 endfacet
 facet normal -9.783313e-02 -3.010994e-01 -9.485609e-01
   outer loop
     vertex  8.384766e+01  5.234622e+01 -1.943317e+00
     vertex  8.206204e+01  5.292640e+01 -1.943317e+00
     vertex  8.406750e+01  5.606071e+01 -3.145073e+00
   endloop
 endfacet
 facet normal  5.700849e-02 -8.983100e-02 -9.943241e-01
   outer loop
     vertex  8.769278e+01  5.675226e+01 -3.145073e+00
     vertex  8.688209e+01  5.623779e+01 -3.145073e+00
     vertex  8.525117e+01  5.970366e+01 -3.551700e+00
   endloop
 endfacet
 facet normal  0.000000e+00 -5.118354e-01 -8.590836e-01
   outer loop
     vertex  8.572148e+01  5.222833e+01 -1.943317e+00
     vertex  8.655489e+01  4.896659e+01  0.000000e+00
     vertex  8.394746e+01  4.896659e+01  0.000000e+00
   endloop
 endfacet
 facet normal -3.138989e-02 -4.989280e-01 -8.660748e-01
   outer loop
     vertex  8.572148e+01  5.222833e+01 -1.943317e+00
     vertex  8.394746e+01  4.896659e+01  0.000000e+00
     vertex  8.384766e+01  5.234622e+01 -1.943317e+00
   endloop
 endfacet
 facet normal  1.944486e-02 -3.090672e-01 -9.508414e-01
   outer loop
     vertex  8.572148e+01  5.222833e+01 -1.943317e+00
     vertex  8.501066e+01  5.588079e+01 -3.145073e+00
     vertex  8.596892e+01  5.594108e+01 -3.145073e+00
   endloop
 endfacet
 facet normal -1.987914e-02 -3.159699e-01 -9.485609e-01
   outer loop
     vertex  8.572148e+01  5.222833e+01 -1.943317e+00
     vertex  8.384766e+01  5.234622e+01 -1.943317e+00
     vertex  8.501066e+01  5.588079e+01 -3.145073e+00
   endloop
 endfacet
 facet normal  7.755752e-02 -7.283136e-02 -9.943241e-01
   outer loop
     vertex  8.835005e+01  5.745219e+01 -3.145073e+00
     vertex  8.769278e+01  5.675226e+01 -3.145073e+00
     vertex  8.525117e+01  5.970366e+01 -3.551700e+00
   endloop
 endfacet
 facet normal  1.223547e-01 -4.964124e-01 -8.594208e-01
   outer loop
     vertex  8.756574e+01  5.258014e+01 -1.943317e+00
     vertex  8.908655e+01  4.959059e+01  0.000000e+00
     vertex  8.655489e+01  4.896659e+01  0.000000e+00
   endloop
 endfacet
 facet normal  9.381181e-02 -4.917787e-01 -8.656518e-01
   outer loop
     vertex  8.756574e+01  5.258014e+01 -1.943317e+00
     vertex  8.655489e+01  4.896659e+01  0.000000e+00
     vertex  8.572148e+01  5.222833e+01 -1.943317e+00
   endloop
 endfacet
 facet normal  9.569586e-02 -2.945216e-01 -9.508414e-01
   outer loop
     vertex  8.756574e+01  5.258014e+01 -1.943317e+00
     vertex  8.596892e+01  5.594108e+01 -3.145073e+00
     vertex  8.688209e+01  5.623779e+01 -3.145073e+00
   endloop
 endfacet
 facet normal  5.932392e-02 -3.109869e-01 -9.485609e-01
   outer loop
     vertex  8.756574e+01  5.258014e+01 -1.943317e+00
     vertex  8.572148e+01  5.222833e+01 -1.943317e+00
     vertex  8.596892e+01  5.594108e+01 -3.145073e+00
   endloop
 endfacet
 facet normal  9.323333e-02 -5.125546e-02 -9.943241e-01
   outer loop
     vertex  8.881261e+01  5.829359e+01 -3.145073e+00
     vertex  8.835005e+01  5.745219e+01 -3.145073e+00
     vertex  8.525117e+01  5.970366e+01 -3.551700e+00
   endloop
 endfacet
 facet normal  2.372983e-01 -4.521342e-01 -8.598047e-01
   outer loop
     vertex  8.926458e+01  5.337955e+01 -1.943317e+00
     vertex  9.139532e+01  5.080232e+01  0.000000e+00
     vertex  8.908655e+01  4.959059e+01  0.000000e+00
   endloop
 endfacet
 facet normal  2.135255e-01 -4.537647e-01 -8.651615e-01
   outer loop
     vertex  8.926458e+01  5.337955e+01 -1.943317e+00
     vertex  8.908655e+01  4.959059e+01  0.000000e+00
     vertex  8.756574e+01  5.258014e+01 -1.943317e+00
   endloop
 endfacet
 facet normal  1.347995e-01 -2.864634e-01 -9.485609e-01
   outer loop
     vertex  8.926458e+01  5.337955e+01 -1.943317e+00
     vertex  8.756574e+01  5.258014e+01 -1.943317e+00
     vertex  8.688209e+01  5.623779e+01 -3.145073e+00
   endloop
 endfacet
 facet normal  1.659339e-01 -2.614701e-01 -9.508414e-01
   outer loop
     vertex  8.926458e+01  5.337955e+01 -1.943317e+00
     vertex  8.688209e+01  5.623779e+01 -3.145073e+00
     vertex  8.769278e+01  5.675226e+01 -3.145073e+00
   endloop
 endfacet
 facet normal  1.055616e-01 -6.641374e-03 -9.943906e-01
   outer loop
     vertex  8.905140e+01  5.922358e+01 -3.145073e+00
     vertex  8.525117e+01  5.970366e+01 -3.551700e+00
     vertex  8.908160e+01  5.970366e+01 -3.145073e+00
   endloop
 endfacet
 facet normal  3.119262e-01 -1.962473e-02 -9.499036e-01
   outer loop
     vertex  8.905140e+01  5.922358e+01 -3.145073e+00
     vertex  8.908160e+01  5.970366e+01 -3.145073e+00
     vertex  9.274129e+01  5.970366e+01 -1.943317e+00
   endloop
 endfacet
 facet normal  1.030509e-01 -2.645899e-02 -9.943241e-01
   outer loop
     vertex  8.905140e+01  5.922358e+01 -3.145073e+00
     vertex  8.881261e+01  5.829359e+01 -3.145073e+00
     vertex  8.525117e+01  5.970366e+01 -3.551700e+00
   endloop
 endfacet
 facet normal  3.381250e-01 -3.816642e-01 -8.602348e-01
   outer loop
     vertex  9.071123e+01  5.457632e+01 -1.943317e+00
     vertex  9.334701e+01  5.253137e+01  0.000000e+00
     vertex  9.139532e+01  5.080232e+01  0.000000e+00
   endloop
 endfacet
 facet normal  2.257458e-01 -2.119894e-01 -9.508414e-01
   outer loop
     vertex  9.071123e+01  5.457632e+01 -1.943317e+00
     vertex  8.769278e+01  5.675226e+01 -3.145073e+00
     vertex  8.835005e+01  5.745219e+01 -3.145073e+00
   endloop
 endfacet
 facet normal  3.202772e-01 -3.871487e-01 -8.646030e-01
   outer loop
     vertex  9.071123e+01  5.457632e+01 -1.943317e+00
     vertex  9.139532e+01  5.080232e+01  0.000000e+00
     vertex  8.926458e+01  5.337955e+01 -1.943317e+00
   endloop
 endfacet
 facet normal  2.018050e-01 -2.439404e-01 -9.485609e-01
   outer loop
     vertex  9.071123e+01  5.457632e+01 -1.943317e+00
     vertex  8.926458e+01  5.337955e+01 -1.943317e+00
     vertex  8.769278e+01  5.675226e+01 -3.145073e+00
   endloop
 endfacet
 facet normal  4.189769e-01 -2.891989e-01 -8.607104e-01
   outer loop
     vertex  9.181481e+01  5.609527e+01 -1.943317e+00
     vertex  9.482820e+01  5.467725e+01  0.000000e+00
     vertex  9.334701e+01  5.253137e+01  0.000000e+00
   endloop
 endfacet
 facet normal  2.561305e-01 -1.860897e-01 -9.485609e-01
   outer loop
     vertex  9.181481e+01  5.609527e+01 -1.943317e+00
     vertex  9.071123e+01  5.457632e+01 -1.943317e+00
     vertex  8.835005e+01  5.745219e+01 -3.145073e+00
   endloop
 endfacet
 facet normal  2.713732e-01 -1.491887e-01 -9.508414e-01
   outer loop
     vertex  9.181481e+01  5.609527e+01 -1.943317e+00
     vertex  8.835005e+01  5.745219e+01 -3.145073e+00
     vertex  8.881261e+01  5.829359e+01 -3.145073e+00
   endloop
 endfacet
 facet normal  4.073679e-01 -2.959701e-01 -8.639752e-01
   outer loop
     vertex  9.181481e+01  5.609527e+01 -1.943317e+00
     vertex  9.334701e+01  5.253137e+01  0.000000e+00
     vertex  9.071123e+01  5.457632e+01 -1.943317e+00
   endloop
 endfacet
 facet normal  5.020560e-01 -6.342442e-02 -8.625063e-01
   outer loop
     vertex  9.250597e+01  5.784094e+01 -1.943317e+00
     vertex  9.274129e+01  5.970366e+01 -1.943317e+00
     vertex  9.575281e+01  5.711524e+01  0.000000e+00
   endloop
 endfacet
 facet normal  2.943623e-01 -1.165463e-01 -9.485609e-01
   outer loop
     vertex  9.250597e+01  5.784094e+01 -1.943317e+00
     vertex  9.181481e+01  5.609527e+01 -1.943317e+00
     vertex  8.881261e+01  5.829359e+01 -3.145073e+00
   endloop
 endfacet
 facet normal  4.751885e-01 -1.802152e-01 -8.612308e-01
   outer loop
     vertex  9.250597e+01  5.784094e+01 -1.943317e+00
     vertex  9.575281e+01  5.711524e+01  0.000000e+00
     vertex  9.482820e+01  5.467725e+01  0.000000e+00
   endloop
 endfacet
 facet normal  4.692869e-01 -1.858038e-01 -8.632767e-01
   outer loop
     vertex  9.250597e+01  5.784094e+01 -1.943317e+00
     vertex  9.482820e+01  5.467725e+01  0.000000e+00
     vertex  9.181481e+01  5.609527e+01 -1.943317e+00
   endloop
 endfacet
 facet normal  3.140982e-01 -3.967983e-02 -9.485609e-01
   outer loop
     vertex  9.250597e+01  5.784094e+01 -1.943317e+00
     vertex  8.905140e+01  5.922358e+01 -3.145073e+00
     vertex  9.274129e+01  5.970366e+01 -1.943317e+00
   endloop
 endfacet
 facet normal  2.999492e-01 -7.701387e-02 -9.508414e-01
   outer loop
     vertex  9.250597e+01  5.784094e+01 -1.943317e+00
     vertex  8.881261e+01  5.829359e+01 -3.145073e+00
     vertex  8.905140e+01  5.922358e+01 -3.145073e+00
   endloop
 endfacet
endsolid
