solid 
 facet normal -1.000000e+00  0.000000e+00  0.000000e+00
   outer loop
     vertex  0.000000e+00  0.000000e+00  2.000000e+01
     vertex  0.000000e+00  1.028491e+02  0.000000e+00
     vertex  0.000000e+00  0.000000e+00  0.000000e+00
   endloop
 endfacet
 facet normal -1.000000e+00  0.000000e+00  0.000000e+00
   outer loop
     vertex  0.000000e+00  0.000000e+00  2.000000e+01
     vertex  0.000000e+00  1.028491e+02  2.000000e+01
     vertex  0.000000e+00  1.028491e+02  0.000000e+00
   endloop
 endfacet
 facet normal  0.000000e+00 -1.000000e+00 -0.000000e+00
   outer loop
     vertex  1.484854e+02  0.000000e+00  2.000000e+01
     vertex  0.000000e+00  0.000000e+00  0.000000e+00
     vertex  1.484854e+02  0.000000e+00  0.000000e+00
   endloop
 endfacet
 facet normal -0.000000e+00 -1.000000e+00  0.000000e+00
   outer loop
     vertex  1.484854e+02  0.000000e+00  2.000000e+01
     vertex  0.000000e+00  0.000000e+00  2.000000e+01
     vertex  0.000000e+00  0.000000e+00  0.000000e+00
   endloop
 endfacet
 facet normal  0.000000e+00  0.000000e+00  1.000000e+00
   outer loop
     vertex  2.936847e+01  3.336422e+01  2.000000e+01
     vertex  2.610376e+01  3.625649e+01  2.000000e+01
     vertex  0.000000e+00  0.000000e+00  2.000000e+01
   endloop
 endfacet
 facet normal  0.000000e+00  0.000000e+00  1.000000e+00
   outer loop
     vertex  2.362609e+01  3.984602e+01  2.000000e+01
     vertex  0.000000e+00  0.000000e+00  2.000000e+01
     vertex  2.610376e+01  3.625649e+01  2.000000e+01
   endloop
 endfacet
 facet normal  0.000000e+00  0.000000e+00  1.000000e+00
   outer loop
     vertex  3.323048e+01  3.133728e+01  2.000000e+01
     vertex  2.936847e+01  3.336422e+01  2.000000e+01
     vertex  0.000000e+00  0.000000e+00  2.000000e+01
   endloop
 endfacet
 facet normal  0.000000e+00  0.000000e+00  1.000000e+00
   outer loop
     vertex  2.207944e+01  4.392419e+01  2.000000e+01
     vertex  0.000000e+00  0.000000e+00  2.000000e+01
     vertex  2.362609e+01  3.984602e+01  2.000000e+01
   endloop
 endfacet
 facet normal  0.000000e+00  0.000000e+00  1.000000e+00
   outer loop
     vertex  3.746534e+01  3.029348e+01  2.000000e+01
     vertex  3.323048e+01  3.133728e+01  2.000000e+01
     vertex  0.000000e+00  0.000000e+00  2.000000e+01
   endloop
 endfacet
 facet normal  0.000000e+00  0.000000e+00  1.000000e+00
   outer loop
     vertex  2.155371e+01  4.825399e+01  2.000000e+01
     vertex  0.000000e+00  0.000000e+00  2.000000e+01
     vertex  2.207944e+01  4.392419e+01  2.000000e+01
   endloop
 endfacet
 facet normal  0.000000e+00  0.000000e+00  1.000000e+00
   outer loop
     vertex  4.182694e+01  3.029348e+01  2.000000e+01
     vertex  3.746534e+01  3.029348e+01  2.000000e+01
     vertex  0.000000e+00  0.000000e+00  2.000000e+01
   endloop
 endfacet
 facet normal  0.000000e+00  0.000000e+00  1.000000e+00
   outer loop
     vertex  4.606180e+01  3.133728e+01  2.000000e+01
     vertex  4.182694e+01  3.029348e+01  2.000000e+01
     vertex  0.000000e+00  0.000000e+00  2.000000e+01
   endloop
 endfacet
 facet normal  0.000000e+00  0.000000e+00  1.000000e+00
   outer loop
     vertex  0.000000e+00  1.028491e+02  2.000000e+01
     vertex  2.936847e+01  6.314377e+01  2.000000e+01
     vertex  3.323048e+01  6.517071e+01  2.000000e+01
   endloop
 endfacet
 facet normal  0.000000e+00  0.000000e+00  1.000000e+00
   outer loop
     vertex  0.000000e+00  1.028491e+02  2.000000e+01
     vertex  2.610376e+01  6.025149e+01  2.000000e+01
     vertex  2.936847e+01  6.314377e+01  2.000000e+01
   endloop
 endfacet
 facet normal  0.000000e+00  0.000000e+00  1.000000e+00
   outer loop
     vertex  0.000000e+00  1.028491e+02  2.000000e+01
     vertex  2.362609e+01  5.666197e+01  2.000000e+01
     vertex  2.610376e+01  6.025149e+01  2.000000e+01
   endloop
 endfacet
 facet normal  0.000000e+00  0.000000e+00  1.000000e+00
   outer loop
     vertex  0.000000e+00  1.028491e+02  2.000000e+01
     vertex  2.207944e+01  5.258380e+01  2.000000e+01
     vertex  2.362609e+01  5.666197e+01  2.000000e+01
   endloop
 endfacet
 facet normal  0.000000e+00  0.000000e+00  1.000000e+00
   outer loop
     vertex  0.000000e+00  1.028491e+02  2.000000e+01
     vertex  2.155371e+01  4.825399e+01  2.000000e+01
     vertex  2.207944e+01  5.258380e+01  2.000000e+01
   endloop
 endfacet
 facet normal  0.000000e+00  0.000000e+00  1.000000e+00
   outer loop
     vertex  0.000000e+00  1.028491e+02  2.000000e+01
     vertex  0.000000e+00  0.000000e+00  2.000000e+01
     vertex  2.155371e+01  4.825399e+01  2.000000e+01
   endloop
 endfacet
 facet normal  0.000000e+00  0.000000e+00  1.000000e+00
   outer loop
     vertex  3.746534e+01  6.621451e+01  2.000000e+01
     vertex  0.000000e+00  1.028491e+02  2.000000e+01
     vertex  3.323048e+01  6.517071e+01  2.000000e+01
   endloop
 endfacet
 facet normal  0.000000e+00  0.000000e+00  1.000000e+00
   outer loop
     vertex  4.182694e+01  6.621451e+01  2.000000e+01
     vertex  0.000000e+00  1.028491e+02  2.000000e+01
     vertex  3.746534e+01  6.621451e+01  2.000000e+01
   endloop
 endfacet
 facet normal  0.000000e+00  0.000000e+00  1.000000e+00
   outer loop
     vertex  4.606180e+01  6.517071e+01  2.000000e+01
     vertex  0.000000e+00  1.028491e+02  2.000000e+01
     vertex  4.182694e+01  6.621451e+01  2.000000e+01
   endloop
 endfacet
 facet normal  0.000000e+00  0.000000e+00  1.000000e+00
   outer loop
     vertex  1.484854e+02  0.000000e+00  2.000000e+01
     vertex  4.992381e+01  3.336422e+01  2.000000e+01
     vertex  4.606180e+01  3.133728e+01  2.000000e+01
   endloop
 endfacet
 facet normal  0.000000e+00  0.000000e+00  1.000000e+00
   outer loop
     vertex  1.484854e+02  0.000000e+00  2.000000e+01
     vertex  5.318852e+01  3.625649e+01  2.000000e+01
     vertex  4.992381e+01  3.336422e+01  2.000000e+01
   endloop
 endfacet
 facet normal  0.000000e+00  0.000000e+00  1.000000e+00
   outer loop
     vertex  1.484854e+02  0.000000e+00  2.000000e+01
     vertex  5.566619e+01  3.984602e+01  2.000000e+01
     vertex  5.318852e+01  3.625649e+01  2.000000e+01
   endloop
 endfacet
 facet normal  0.000000e+00  0.000000e+00  1.000000e+00
   outer loop
     vertex  1.484854e+02  0.000000e+00  2.000000e+01
     vertex  5.721284e+01  4.392419e+01  2.000000e+01
     vertex  5.566619e+01  3.984602e+01  2.000000e+01
   endloop
 endfacet
 facet normal  7.461429e-16  1.550453e-15  1.000000e+00
   outer loop
     vertex  1.484854e+02  0.000000e+00  2.000000e+01
     vertex  5.773857e+01  4.825399e+01  2.000000e+01
     vertex  5.721284e+01  4.392419e+01  2.000000e+01
   endloop
 endfacet
 facet normal  0.000000e+00  0.000000e+00  1.000000e+00
   outer loop
     vertex  1.484854e+02  0.000000e+00  2.000000e+01
     vertex  4.606180e+01  3.133728e+01  2.000000e+01
     vertex  0.000000e+00  0.000000e+00  2.000000e+01
   endloop
 endfacet
 facet normal  8.471088e-16 -1.538194e-15  1.000000e+00
   outer loop
     vertex  1.484854e+02  1.028491e+02  2.000000e+01
     vertex  5.721284e+01  5.258380e+01  2.000000e+01
     vertex  5.773857e+01  4.825399e+01  2.000000e+01
   endloop
 endfacet
 facet normal  0.000000e+00  0.000000e+00  1.000000e+00
   outer loop
     vertex  1.484854e+02  1.028491e+02  2.000000e+01
     vertex  5.566619e+01  5.666197e+01  2.000000e+01
     vertex  5.721284e+01  5.258380e+01  2.000000e+01
   endloop
 endfacet
 facet normal  0.000000e+00  0.000000e+00  1.000000e+00
   outer loop
     vertex  1.484854e+02  1.028491e+02  2.000000e+01
     vertex  5.318852e+01  6.025149e+01  2.000000e+01
     vertex  5.566619e+01  5.666197e+01  2.000000e+01
   endloop
 endfacet
 facet normal  0.000000e+00  0.000000e+00  1.000000e+00
   outer loop
     vertex  1.484854e+02  1.028491e+02  2.000000e+01
     vertex  4.992381e+01  6.314377e+01  2.000000e+01
     vertex  5.318852e+01  6.025149e+01  2.000000e+01
   endloop
 endfacet
 facet normal  0.000000e+00  0.000000e+00  1.000000e+00
   outer loop
     vertex  1.484854e+02  1.028491e+02  2.000000e+01
     vertex  4.606180e+01  6.517071e+01  2.000000e+01
     vertex  4.992381e+01  6.314377e+01  2.000000e+01
   endloop
 endfacet
 facet normal -7.829941e-17  0.000000e+00  1.000000e+00
   outer loop
     vertex  1.484854e+02  1.028491e+02  2.000000e+01
     vertex  5.773857e+01  4.825399e+01  2.000000e+01
     vertex  1.484854e+02  0.000000e+00  2.000000e+01
   endloop
 endfacet
 facet normal  0.000000e+00  0.000000e+00  1.000000e+00
   outer loop
     vertex  1.484854e+02  1.028491e+02  2.000000e+01
     vertex  0.000000e+00  1.028491e+02  2.000000e+01
     vertex  4.606180e+01  6.517071e+01  2.000000e+01
   endloop
 endfacet
 facet normal  0.000000e+00  1.000000e+00  0.000000e+00
   outer loop
     vertex  1.484854e+02  1.028491e+02  2.000000e+01
     vertex  1.484854e+02  1.028491e+02  0.000000e+00
     vertex  0.000000e+00  1.028491e+02  0.000000e+00
   endloop
 endfacet
 facet normal  0.000000e+00  1.000000e+00  0.000000e+00
   outer loop
     vertex  1.484854e+02  1.028491e+02  2.000000e+01
     vertex  0.000000e+00  1.028491e+02  0.000000e+00
     vertex  0.000000e+00  1.028491e+02  2.000000e+01
   endloop
 endfacet
 facet normal -0.000000e+00  0.000000e+00 -1.000000e+00
   outer loop
     vertex  3.294462e+01  3.854516e+01  0.000000e+00
     vertex  0.000000e+00  0.000000e+00  0.000000e+00
     vertex  3.081587e+01  4.043106e+01  0.000000e+00
   endloop
 endfacet
 facet normal  0.000000e+00 -0.000000e+00 -1.000000e+00
   outer loop
     vertex  2.920031e+01  4.277160e+01  0.000000e+00
     vertex  3.081587e+01  4.043106e+01  0.000000e+00
     vertex  0.000000e+00  0.000000e+00  0.000000e+00
   endloop
 endfacet
 facet normal -0.000000e+00  0.000000e+00 -1.000000e+00
   outer loop
     vertex  3.546283e+01  3.722350e+01  0.000000e+00
     vertex  0.000000e+00  0.000000e+00  0.000000e+00
     vertex  3.294462e+01  3.854516e+01  0.000000e+00
   endloop
 endfacet
 facet normal  0.000000e+00 -0.000000e+00 -1.000000e+00
   outer loop
     vertex  2.819183e+01  4.543076e+01  0.000000e+00
     vertex  2.920031e+01  4.277160e+01  0.000000e+00
     vertex  0.000000e+00  0.000000e+00  0.000000e+00
   endloop
 endfacet
 facet normal -0.000000e+00  0.000000e+00 -1.000000e+00
   outer loop
     vertex  3.822415e+01  3.654289e+01  0.000000e+00
     vertex  0.000000e+00  0.000000e+00  0.000000e+00
     vertex  3.546283e+01  3.722350e+01  0.000000e+00
   endloop
 endfacet
 facet normal  0.000000e+00 -0.000000e+00 -1.000000e+00
   outer loop
     vertex  2.784903e+01  4.825399e+01  0.000000e+00
     vertex  2.819183e+01  4.543076e+01  0.000000e+00
     vertex  0.000000e+00  0.000000e+00  0.000000e+00
   endloop
 endfacet
 facet normal -0.000000e+00  0.000000e+00 -1.000000e+00
   outer loop
     vertex  4.106812e+01  3.654289e+01  0.000000e+00
     vertex  0.000000e+00  0.000000e+00  0.000000e+00
     vertex  3.822415e+01  3.654289e+01  0.000000e+00
   endloop
 endfacet
 facet normal  0.000000e+00  0.000000e+00 -1.000000e+00
   outer loop
     vertex  4.382945e+01  3.722350e+01  0.000000e+00
     vertex  0.000000e+00  0.000000e+00  0.000000e+00
     vertex  4.106812e+01  3.654289e+01  0.000000e+00
   endloop
 endfacet
 facet normal  0.000000e+00  0.000000e+00 -1.000000e+00
   outer loop
     vertex  0.000000e+00  1.028491e+02  0.000000e+00
     vertex  4.106812e+01  5.996509e+01  0.000000e+00
     vertex  3.822415e+01  5.996509e+01  0.000000e+00
   endloop
 endfacet
 facet normal  0.000000e+00  0.000000e+00 -1.000000e+00
   outer loop
     vertex  0.000000e+00  1.028491e+02  0.000000e+00
     vertex  3.822415e+01  5.996509e+01  0.000000e+00
     vertex  3.546283e+01  5.928449e+01  0.000000e+00
   endloop
 endfacet
 facet normal  0.000000e+00  0.000000e+00 -1.000000e+00
   outer loop
     vertex  0.000000e+00  1.028491e+02  0.000000e+00
     vertex  3.546283e+01  5.928449e+01  0.000000e+00
     vertex  3.294462e+01  5.796283e+01  0.000000e+00
   endloop
 endfacet
 facet normal  0.000000e+00  0.000000e+00 -1.000000e+00
   outer loop
     vertex  0.000000e+00  1.028491e+02  0.000000e+00
     vertex  3.294462e+01  5.796283e+01  0.000000e+00
     vertex  3.081587e+01  5.607693e+01  0.000000e+00
   endloop
 endfacet
 facet normal  0.000000e+00  0.000000e+00 -1.000000e+00
   outer loop
     vertex  0.000000e+00  1.028491e+02  0.000000e+00
     vertex  3.081587e+01  5.607693e+01  0.000000e+00
     vertex  2.920031e+01  5.373639e+01  0.000000e+00
   endloop
 endfacet
 facet normal  0.000000e+00  0.000000e+00 -1.000000e+00
   outer loop
     vertex  0.000000e+00  1.028491e+02  0.000000e+00
     vertex  2.920031e+01  5.373639e+01  0.000000e+00
     vertex  2.819183e+01  5.107723e+01  0.000000e+00
   endloop
 endfacet
 facet normal  0.000000e+00  0.000000e+00 -1.000000e+00
   outer loop
     vertex  0.000000e+00  1.028491e+02  0.000000e+00
     vertex  2.819183e+01  5.107723e+01  0.000000e+00
     vertex  2.784903e+01  4.825399e+01  0.000000e+00
   endloop
 endfacet
 facet normal  0.000000e+00  0.000000e+00 -1.000000e+00
   outer loop
     vertex  0.000000e+00  1.028491e+02  0.000000e+00
     vertex  2.784903e+01  4.825399e+01  0.000000e+00
     vertex  0.000000e+00  0.000000e+00  0.000000e+00
   endloop
 endfacet
 facet normal  0.000000e+00  0.000000e+00 -1.000000e+00
   outer loop
     vertex  4.382945e+01  5.928449e+01  0.000000e+00
     vertex  4.106812e+01  5.996509e+01  0.000000e+00
     vertex  0.000000e+00  1.028491e+02  0.000000e+00
   endloop
 endfacet
 facet normal  0.000000e+00  0.000000e+00 -1.000000e+00
   outer loop
     vertex  1.484854e+02  0.000000e+00  0.000000e+00
     vertex  4.382945e+01  3.722350e+01  0.000000e+00
     vertex  4.634766e+01  3.854516e+01  0.000000e+00
   endloop
 endfacet
 facet normal  0.000000e+00  0.000000e+00 -1.000000e+00
   outer loop
     vertex  1.484854e+02  0.000000e+00  0.000000e+00
     vertex  4.634766e+01  3.854516e+01  0.000000e+00
     vertex  4.847641e+01  4.043106e+01  0.000000e+00
   endloop
 endfacet
 facet normal  0.000000e+00  0.000000e+00 -1.000000e+00
   outer loop
     vertex  1.484854e+02  0.000000e+00  0.000000e+00
     vertex  4.847641e+01  4.043106e+01  0.000000e+00
     vertex  5.009197e+01  4.277160e+01  0.000000e+00
   endloop
 endfacet
 facet normal  0.000000e+00  0.000000e+00 -1.000000e+00
   outer loop
     vertex  1.484854e+02  0.000000e+00  0.000000e+00
     vertex  5.009197e+01  4.277160e+01  0.000000e+00
     vertex  5.110045e+01  4.543076e+01  0.000000e+00
   endloop
 endfacet
 facet normal -5.555747e-16 -1.190925e-15 -1.000000e+00
   outer loop
     vertex  1.484854e+02  0.000000e+00  0.000000e+00
     vertex  5.110045e+01  4.543076e+01  0.000000e+00
     vertex  5.144325e+01  4.825399e+01 -3.552714e-15
   endloop
 endfacet
 facet normal  0.000000e+00  0.000000e+00 -1.000000e+00
   outer loop
     vertex  1.484854e+02  0.000000e+00  0.000000e+00
     vertex  0.000000e+00  0.000000e+00  0.000000e+00
     vertex  4.382945e+01  3.722350e+01  0.000000e+00
   endloop
 endfacet
 facet normal -6.284188e-16  1.182081e-15 -1.000000e+00
   outer loop
     vertex  1.484854e+02  1.028491e+02  0.000000e+00
     vertex  5.144325e+01  4.825399e+01 -3.552714e-15
     vertex  5.110045e+01  5.107723e+01  0.000000e+00
   endloop
 endfacet
 facet normal  0.000000e+00  0.000000e+00 -1.000000e+00
   outer loop
     vertex  1.484854e+02  1.028491e+02  0.000000e+00
     vertex  5.110045e+01  5.107723e+01  0.000000e+00
     vertex  5.009197e+01  5.373639e+01  0.000000e+00
   endloop
 endfacet
 facet normal  0.000000e+00  0.000000e+00 -1.000000e+00
   outer loop
     vertex  1.484854e+02  1.028491e+02  0.000000e+00
     vertex  5.009197e+01  5.373639e+01  0.000000e+00
     vertex  4.847641e+01  5.607693e+01  0.000000e+00
   endloop
 endfacet
 facet normal  0.000000e+00  0.000000e+00 -1.000000e+00
   outer loop
     vertex  1.484854e+02  1.028491e+02  0.000000e+00
     vertex  4.847641e+01  5.607693e+01  0.000000e+00
     vertex  4.634766e+01  5.796283e+01  0.000000e+00
   endloop
 endfacet
 facet normal  0.000000e+00  0.000000e+00 -1.000000e+00
   outer loop
     vertex  1.484854e+02  1.028491e+02  0.000000e+00
     vertex  4.634766e+01  5.796283e+01  0.000000e+00
     vertex  4.382945e+01  5.928449e+01  0.000000e+00
   endloop
 endfacet
 facet normal  3.660999e-17  0.000000e+00 -1.000000e+00
   outer loop
     vertex  1.484854e+02  1.028491e+02  0.000000e+00
     vertex  1.484854e+02  0.000000e+00  0.000000e+00
     vertex  5.144325e+01  4.825399e+01 -3.552714e-15
   endloop
 endfacet
 facet normal -0.000000e+00  0.000000e+00 -1.000000e+00
   outer loop
     vertex  1.484854e+02  1.028491e+02  0.000000e+00
     vertex  4.382945e+01  5.928449e+01  0.000000e+00
     vertex  0.000000e+00  1.028491e+02  0.000000e+00
   endloop
 endfacet
 facet normal  1.000000e+00  0.000000e+00  0.000000e+00
   outer loop
     vertex  1.484854e+02  0.000000e+00  2.000000e+01
     vertex  1.484854e+02  0.000000e+00  0.000000e+00
     vertex  1.484854e+02  1.028491e+02  0.000000e+00
   endloop
 endfacet
 facet normal  1.000000e+00 -0.000000e+00  0.000000e+00
   outer loop
     vertex  1.484854e+02  0.000000e+00  2.000000e+01
     vertex  1.484854e+02  1.028491e+02  0.000000e+00
     vertex  1.484854e+02  1.028491e+02  2.000000e+01
   endloop
 endfacet
 facet normal  9.227335e-01  5.581510e-02  3.813758e-01
   outer loop
     vertex  5.607743e+01  5.024911e+01  2.372711e+01
     vertex  5.619811e+01  4.825399e+01  2.372711e+01
     vertex  5.773857e+01  4.825399e+01  2.000000e+01
   endloop
 endfacet
 facet normal  8.207668e-01  4.964725e-02  5.691019e-01
   outer loop
     vertex  5.607743e+01  5.024911e+01  2.372711e+01
     vertex  5.390014e+01  4.825399e+01  2.704128e+01
     vertex  5.619811e+01  4.825399e+01  2.372711e+01
   endloop
 endfacet
 facet normal  9.286085e-01  1.127535e-01  3.535152e-01
   outer loop
     vertex  5.607743e+01  5.024911e+01  2.372711e+01
     vertex  5.773857e+01  4.825399e+01  2.000000e+01
     vertex  5.721284e+01  5.258380e+01  2.000000e+01
   endloop
 endfacet
 facet normal  8.868472e-01  2.185882e-01  4.070887e-01
   outer loop
     vertex  5.512250e+01  5.412340e+01  2.372711e+01
     vertex  5.607743e+01  5.024911e+01  2.372711e+01
     vertex  5.721284e+01  5.258380e+01  2.000000e+01
   endloop
 endfacet
 facet normal  8.746411e-01  3.317076e-01  3.535152e-01
   outer loop
     vertex  5.512250e+01  5.412340e+01  2.372711e+01
     vertex  5.721284e+01  5.258380e+01  2.000000e+01
     vertex  5.566619e+01  5.666197e+01  2.000000e+01
   endloop
 endfacet
 facet normal  7.698428e-01  5.313841e-01  3.535152e-01
   outer loop
     vertex  5.326815e+01  5.765659e+01  2.372711e+01
     vertex  5.566619e+01  5.666197e+01  2.000000e+01
     vertex  5.318852e+01  6.025149e+01  2.000000e+01
   endloop
 endfacet
 facet normal  8.087655e-01  4.244729e-01  4.070887e-01
   outer loop
     vertex  5.326815e+01  5.765659e+01  2.372711e+01
     vertex  5.512250e+01  5.412340e+01  2.372711e+01
     vertex  5.566619e+01  5.666197e+01  2.000000e+01
   endloop
 endfacet
 facet normal  8.038080e-01  9.759996e-02  5.868279e-01
   outer loop
     vertex  5.348594e+01  5.166520e+01  2.704128e+01
     vertex  5.390014e+01  4.825399e+01  2.704128e+01
     vertex  5.607743e+01  5.024911e+01  2.372711e+01
   endloop
 endfacet
 facet normal  8.114880e-01  2.000138e-01  5.490736e-01
   outer loop
     vertex  5.348594e+01  5.166520e+01  2.704128e+01
     vertex  5.607743e+01  5.024911e+01  2.372711e+01
     vertex  5.512250e+01  5.412340e+01  2.372711e+01
   endloop
 endfacet
 facet normal  6.203040e-01  7.001785e-01  3.535152e-01
   outer loop
     vertex  5.062213e+01  6.064332e+01  2.372711e+01
     vertex  5.318852e+01  6.025149e+01  2.000000e+01
     vertex  4.992381e+01  6.314377e+01  2.000000e+01
   endloop
 endfacet
 facet normal  6.836812e-01  6.056887e-01  4.070887e-01
   outer loop
     vertex  5.062213e+01  6.064332e+01  2.372711e+01
     vertex  5.326815e+01  5.765659e+01  2.372711e+01
     vertex  5.318852e+01  6.025149e+01  2.000000e+01
   endloop
 endfacet
 facet normal  7.400411e-01  3.884036e-01  5.490736e-01
   outer loop
     vertex  5.226743e+01  5.487816e+01  2.704128e+01
     vertex  5.512250e+01  5.412340e+01  2.372711e+01
     vertex  5.326815e+01  5.765659e+01  2.372711e+01
   endloop
 endfacet
 facet normal  7.570936e-01  2.871277e-01  5.868279e-01
   outer loop
     vertex  5.226743e+01  5.487816e+01  2.704128e+01
     vertex  5.348594e+01  5.166520e+01  2.704128e+01
     vertex  5.512250e+01  5.412340e+01  2.372711e+01
   endloop
 endfacet
 facet normal  6.811978e-01  4.120488e-02  7.309389e-01
   outer loop
     vertex  5.086740e+01  4.961650e+01  2.979083e+01
     vertex  5.094982e+01  4.825399e+01  2.979083e+01
     vertex  5.390014e+01  4.825399e+01  2.704128e+01
   endloop
 endfacet
 facet normal  5.103280e-01  3.086915e-02  8.594257e-01
   outer loop
     vertex  5.086740e+01  4.961650e+01  2.979083e+01
     vertex  4.748218e+01  4.825399e+01  3.184992e+01
     vertex  5.094982e+01  4.825399e+01  2.979083e+01
   endloop
 endfacet
 facet normal  6.896998e-01  8.374472e-02  7.192364e-01
   outer loop
     vertex  5.086740e+01  4.961650e+01  2.979083e+01
     vertex  5.390014e+01  4.825399e+01  2.704128e+01
     vertex  5.348594e+01  5.166520e+01  2.704128e+01
   endloop
 endfacet
 facet normal  5.188639e-01  7.517041e-01  4.070887e-01
   outer loop
     vertex  4.733822e+01  6.291004e+01  2.372711e+01
     vertex  5.062213e+01  6.064332e+01  2.372711e+01
     vertex  4.992381e+01  6.314377e+01  2.000000e+01
   endloop
 endfacet
 facet normal  4.347154e-01  8.282811e-01  3.535152e-01
   outer loop
     vertex  4.733822e+01  6.291004e+01  2.372711e+01
     vertex  4.992381e+01  6.314377e+01  2.000000e+01
     vertex  4.606180e+01  6.517071e+01  2.000000e+01
   endloop
 endfacet
 facet normal  6.255858e-01  5.542207e-01  5.490736e-01
   outer loop
     vertex  5.031541e+01  5.770614e+01  2.704128e+01
     vertex  5.326815e+01  5.765659e+01  2.372711e+01
     vertex  5.062213e+01  6.064332e+01  2.372711e+01
   endloop
 endfacet
 facet normal  6.663796e-01  4.599687e-01  5.868279e-01
   outer loop
     vertex  5.031541e+01  5.770614e+01  2.704128e+01
     vertex  5.226743e+01  5.487816e+01  2.704128e+01
     vertex  5.326815e+01  5.765659e+01  2.372711e+01
   endloop
 endfacet
 facet normal  6.496169e-01  2.463672e-01  7.192364e-01
   outer loop
     vertex  5.021527e+01  5.226233e+01  2.979083e+01
     vertex  5.348594e+01  5.166520e+01  2.704128e+01
     vertex  5.226743e+01  5.487816e+01  2.704128e+01
   endloop
 endfacet
 facet normal  6.521535e-01  1.607414e-01  7.408496e-01
   outer loop
     vertex  5.021527e+01  5.226233e+01  2.979083e+01
     vertex  5.086740e+01  4.961650e+01  2.979083e+01
     vertex  5.348594e+01  5.166520e+01  2.704128e+01
   endloop
 endfacet
 facet normal  2.238628e-01  9.082469e-01  3.535152e-01
   outer loop
     vertex  4.360729e+01  6.432500e+01  2.372711e+01
     vertex  4.606180e+01  6.517071e+01  2.000000e+01
     vertex  4.182694e+01  6.621451e+01  2.000000e+01
   endloop
 endfacet
 facet normal  3.238921e-01  8.540332e-01  4.070887e-01
   outer loop
     vertex  4.360729e+01  6.432500e+01  2.372711e+01
     vertex  4.733822e+01  6.291004e+01  2.372711e+01
     vertex  4.606180e+01  6.517071e+01  2.000000e+01
   endloop
 endfacet
 facet normal  5.369382e-01  6.060779e-01  5.868279e-01
   outer loop
     vertex  4.774333e+01  5.998481e+01  2.704128e+01
     vertex  5.031541e+01  5.770614e+01  2.704128e+01
     vertex  5.062213e+01  6.064332e+01  2.372711e+01
   endloop
 endfacet
 facet normal  4.747738e-01  6.878285e-01  5.490736e-01
   outer loop
     vertex  4.774333e+01  5.998481e+01  2.704128e+01
     vertex  5.062213e+01  6.064332e+01  2.372711e+01
     vertex  4.733822e+01  6.291004e+01  2.372711e+01
   endloop
 endfacet
 facet normal  5.947351e-01  3.121411e-01  7.408496e-01
   outer loop
     vertex  4.894889e+01  5.467522e+01  2.979083e+01
     vertex  5.021527e+01  5.226233e+01  2.979083e+01
     vertex  5.226743e+01  5.487816e+01  2.704128e+01
   endloop
 endfacet
 facet normal  5.717807e-01  3.946717e-01  7.192364e-01
   outer loop
     vertex  4.894889e+01  5.467522e+01  2.979083e+01
     vertex  5.226743e+01  5.487816e+01  2.704128e+01
     vertex  5.031541e+01  5.770614e+01  2.704128e+01
   endloop
 endfacet
 facet normal  5.045732e-01  1.243661e-01  8.543646e-01
   outer loop
     vertex  4.725448e+01  5.012928e+01  3.184992e+01
     vertex  5.086740e+01  4.961650e+01  2.979083e+01
     vertex  5.021527e+01  5.226233e+01  2.979083e+01
   endloop
 endfacet
 facet normal  5.007362e-01  6.080038e-02  8.634620e-01
   outer loop
     vertex  4.725448e+01  5.012928e+01  3.184992e+01
     vertex  4.748218e+01  4.825399e+01  3.184992e+01
     vertex  5.086740e+01  4.961650e+01  2.979083e+01
   endloop
 endfacet
 facet normal  0.000000e+00  9.354288e-01  3.535152e-01
   outer loop
     vertex  3.964614e+01  6.480597e+01  2.372711e+01
     vertex  4.182694e+01  6.621451e+01  2.000000e+01
     vertex  3.746534e+01  6.621451e+01  2.000000e+01
   endloop
 endfacet
 facet normal  1.100968e-01  9.067290e-01  4.070887e-01
   outer loop
     vertex  3.964614e+01  6.480597e+01  2.372711e+01
     vertex  4.360729e+01  6.432500e+01  2.372711e+01
     vertex  4.182694e+01  6.621451e+01  2.000000e+01
   endloop
 endfacet
 facet normal  3.762918e-01  7.169641e-01  5.868279e-01
   outer loop
     vertex  4.470068e+01  6.158172e+01  2.704128e+01
     vertex  4.774333e+01  5.998481e+01  2.704128e+01
     vertex  4.733822e+01  6.291004e+01  2.372711e+01
   endloop
 endfacet
 facet normal  2.963696e-01  7.814623e-01  5.490736e-01
   outer loop
     vertex  4.470068e+01  6.158172e+01  2.704128e+01
     vertex  4.733822e+01  6.291004e+01  2.372711e+01
     vertex  4.360729e+01  6.432500e+01  2.372711e+01
   endloop
 endfacet
 facet normal  5.027530e-01  4.454003e-01  7.408496e-01
   outer loop
     vertex  4.714187e+01  5.671492e+01  2.979083e+01
     vertex  4.894889e+01  5.467522e+01  2.979083e+01
     vertex  5.031541e+01  5.770614e+01  2.704128e+01
   endloop
 endfacet
 facet normal  4.607147e-01  5.200394e-01  7.192364e-01
   outer loop
     vertex  4.714187e+01  5.671492e+01  2.979083e+01
     vertex  5.031541e+01  5.770614e+01  2.704128e+01
     vertex  4.774333e+01  5.998481e+01  2.704128e+01
   endloop
 endfacet
 facet normal  4.601485e-01  2.415045e-01  8.543646e-01
   outer loop
     vertex  4.658461e+01  5.189558e+01  3.184992e+01
     vertex  5.021527e+01  5.226233e+01  2.979083e+01
     vertex  4.894889e+01  5.467522e+01  2.979083e+01
   endloop
 endfacet
 facet normal  4.716352e-01  1.788676e-01  8.634620e-01
   outer loop
     vertex  4.658461e+01  5.189558e+01  3.184992e+01
     vertex  4.725448e+01  5.012928e+01  3.184992e+01
     vertex  5.021527e+01  5.226233e+01  2.979083e+01
   endloop
 endfacet
 facet normal  3.159413e-01  1.911093e-02  9.485862e-01
   outer loop
     vertex  4.362668e+01  4.873732e+01  3.312431e+01
     vertex  4.365592e+01  4.825399e+01  3.312431e+01
     vertex  4.748218e+01  4.825399e+01  3.184992e+01
   endloop
 endfacet
 facet normal  1.069625e-01  6.470042e-03  9.942420e-01
   outer loop
     vertex  4.362668e+01  4.873732e+01  3.312431e+01
     vertex  3.964614e+01  4.825399e+01  3.355569e+01
     vertex  4.365592e+01  4.825399e+01  3.312431e+01
   endloop
 endfacet
 facet normal  3.179655e-01  3.860801e-02  9.473159e-01
   outer loop
     vertex  4.362668e+01  4.873732e+01  3.312431e+01
     vertex  4.748218e+01  4.825399e+01  3.184992e+01
     vertex  4.725448e+01  5.012928e+01  3.184992e+01
   endloop
 endfacet
 facet normal -2.238628e-01  9.082469e-01  3.535152e-01
   outer loop
     vertex  3.568499e+01  6.432500e+01  2.372711e+01
     vertex  3.746534e+01  6.621451e+01  2.000000e+01
     vertex  3.323048e+01  6.517071e+01  2.000000e+01
   endloop
 endfacet
 facet normal -1.100968e-01  9.067290e-01  4.070887e-01
   outer loop
     vertex  3.568499e+01  6.432500e+01  2.372711e+01
     vertex  3.964614e+01  6.480597e+01  2.372711e+01
     vertex  3.746534e+01  6.621451e+01  2.000000e+01
   endloop
 endfacet
 facet normal  1.937767e-01  7.861829e-01  5.868279e-01
   outer loop
     vertex  4.136427e+01  6.240407e+01  2.704128e+01
     vertex  4.470068e+01  6.158172e+01  2.704128e+01
     vertex  4.360729e+01  6.432500e+01  2.372711e+01
   endloop
 endfacet
 facet normal  1.007414e-01  8.296803e-01  5.490736e-01
   outer loop
     vertex  4.136427e+01  6.240407e+01  2.704128e+01
     vertex  4.360729e+01  6.432500e+01  2.372711e+01
     vertex  3.964614e+01  6.480597e+01  2.372711e+01
   endloop
 endfacet
 facet normal  3.228736e-01  6.151842e-01  7.192364e-01
   outer loop
     vertex  4.489922e+01  5.826291e+01  2.979083e+01
     vertex  4.774333e+01  5.998481e+01  2.704128e+01
     vertex  4.470068e+01  6.158172e+01  2.704128e+01
   endloop
 endfacet
 facet normal  3.815526e-01  5.527744e-01  7.408496e-01
   outer loop
     vertex  4.489922e+01  5.826291e+01  2.979083e+01
     vertex  4.714187e+01  5.671492e+01  2.979083e+01
     vertex  4.774333e+01  5.998481e+01  2.704128e+01
   endloop
 endfacet
 facet normal  3.889816e-01  3.446076e-01  8.543646e-01
   outer loop
     vertex  4.551150e+01  5.345025e+01  3.184992e+01
     vertex  4.894889e+01  5.467522e+01  2.979083e+01
     vertex  4.714187e+01  5.671492e+01  2.979083e+01
   endloop
 endfacet
 facet normal  4.151245e-01  2.865398e-01  8.634620e-01
   outer loop
     vertex  4.551150e+01  5.345025e+01  3.184992e+01
     vertex  4.658461e+01  5.189558e+01  3.184992e+01
     vertex  4.894889e+01  5.467522e+01  2.979083e+01
   endloop
 endfacet
 facet normal  2.994865e-01  1.135803e-01  9.473159e-01
   outer loop
     vertex  4.339534e+01  4.967588e+01  3.312431e+01
     vertex  4.725448e+01  5.012928e+01  3.184992e+01
     vertex  4.658461e+01  5.189558e+01  3.184992e+01
   endloop
 endfacet
 facet normal  1.046106e-01  2.578419e-02  9.941790e-01
   outer loop
     vertex  4.339534e+01  4.967588e+01  3.312431e+01
     vertex  3.964614e+01  4.825399e+01  3.355569e+01
     vertex  4.362668e+01  4.873732e+01  3.312431e+01
   endloop
 endfacet
 facet normal  3.047201e-01  7.510675e-02  9.494760e-01
   outer loop
     vertex  4.339534e+01  4.967588e+01  3.312431e+01
     vertex  4.362668e+01  4.873732e+01  3.312431e+01
     vertex  4.725448e+01  5.012928e+01  3.184992e+01
   endloop
 endfacet
 facet normal -4.347154e-01  8.282811e-01  3.535152e-01
   outer loop
     vertex  3.195405e+01  6.291004e+01  2.372711e+01
     vertex  3.323048e+01  6.517071e+01  2.000000e+01
     vertex  2.936847e+01  6.314377e+01  2.000000e+01
   endloop
 endfacet
 facet normal -3.238921e-01  8.540332e-01  4.070887e-01
   outer loop
     vertex  3.195405e+01  6.291004e+01  2.372711e+01
     vertex  3.568499e+01  6.432500e+01  2.372711e+01
     vertex  3.323048e+01  6.517071e+01  2.000000e+01
   endloop
 endfacet
 facet normal -0.000000e+00  8.097117e-01  5.868279e-01
   outer loop
     vertex  3.792801e+01  6.240407e+01  2.704128e+01
     vertex  4.136427e+01  6.240407e+01  2.704128e+01
     vertex  3.964614e+01  6.480597e+01  2.372711e+01
   endloop
 endfacet
 facet normal -1.007414e-01  8.296803e-01  5.490736e-01
   outer loop
     vertex  3.792801e+01  6.240407e+01  2.704128e+01
     vertex  3.964614e+01  6.480597e+01  2.372711e+01
     vertex  3.568499e+01  6.432500e+01  2.372711e+01
   endloop
 endfacet
 facet normal  2.381778e-01  6.280233e-01  7.408496e-01
   outer loop
     vertex  4.235129e+01  5.922921e+01  2.979083e+01
     vertex  4.489922e+01  5.826291e+01  2.979083e+01
     vertex  4.470068e+01  6.158172e+01  2.704128e+01
   endloop
 endfacet
 facet normal  1.662682e-01  6.745768e-01  7.192364e-01
   outer loop
     vertex  4.235129e+01  5.922921e+01  2.979083e+01
     vertex  4.470068e+01  6.158172e+01  2.704128e+01
     vertex  4.136427e+01  6.240407e+01  2.704128e+01
   endloop
 endfacet
 facet normal  3.344883e-01  3.775592e-01  8.634620e-01
   outer loop
     vertex  4.409752e+01  5.470293e+01  3.184992e+01
     vertex  4.551150e+01  5.345025e+01  3.184992e+01
     vertex  4.714187e+01  5.671492e+01  2.979083e+01
   endloop
 endfacet
 facet normal  2.952085e-01  4.276833e-01  8.543646e-01
   outer loop
     vertex  4.409752e+01  5.470293e+01  3.184992e+01
     vertex  4.714187e+01  5.671492e+01  2.979083e+01
     vertex  4.489922e+01  5.826291e+01  2.979083e+01
   endloop
 endfacet
 facet normal  9.540020e-02  5.006989e-02  9.941790e-01
   outer loop
     vertex  4.294612e+01  5.053181e+01  3.312431e+01
     vertex  3.964614e+01  4.825399e+01  3.355569e+01
     vertex  4.339534e+01  4.967588e+01  3.312431e+01
   endloop
 endfacet
 facet normal  2.636025e-01  1.819516e-01  9.473159e-01
   outer loop
     vertex  4.294612e+01  5.053181e+01  3.312431e+01
     vertex  4.658461e+01  5.189558e+01  3.184992e+01
     vertex  4.551150e+01  5.345025e+01  3.184992e+01
   endloop
 endfacet
 facet normal  2.778912e-01  1.458486e-01  9.494760e-01
   outer loop
     vertex  4.294612e+01  5.053181e+01  3.312431e+01
     vertex  4.339534e+01  4.967588e+01  3.312431e+01
     vertex  4.658461e+01  5.189558e+01  3.184992e+01
   endloop
 endfacet
 facet normal -6.203040e-01  7.001785e-01  3.535152e-01
   outer loop
     vertex  2.867015e+01  6.064332e+01  2.372711e+01
     vertex  2.936847e+01  6.314377e+01  2.000000e+01
     vertex  2.610376e+01  6.025149e+01  2.000000e+01
   endloop
 endfacet
 facet normal -5.188639e-01  7.517041e-01  4.070887e-01
   outer loop
     vertex  2.867015e+01  6.064332e+01  2.372711e+01
     vertex  3.195405e+01  6.291004e+01  2.372711e+01
     vertex  2.936847e+01  6.314377e+01  2.000000e+01
   endloop
 endfacet
 facet normal -2.963696e-01  7.814623e-01  5.490736e-01
   outer loop
     vertex  3.459160e+01  6.158172e+01  2.704128e+01
     vertex  3.568499e+01  6.432500e+01  2.372711e+01
     vertex  3.195405e+01  6.291004e+01  2.372711e+01
   endloop
 endfacet
 facet normal -1.937767e-01  7.861829e-01  5.868279e-01
   outer loop
     vertex  3.459160e+01  6.158172e+01  2.704128e+01
     vertex  3.792801e+01  6.240407e+01  2.704128e+01
     vertex  3.568499e+01  6.432500e+01  2.372711e+01
   endloop
 endfacet
 facet normal  0.000000e+00  6.947654e-01  7.192364e-01
   outer loop
     vertex  3.964614e+01  5.955768e+01  2.979083e+01
     vertex  4.136427e+01  6.240407e+01  2.704128e+01
     vertex  3.792801e+01  6.240407e+01  2.704128e+01
   endloop
 endfacet
 facet normal  8.096099e-02  6.667738e-01  7.408496e-01
   outer loop
     vertex  3.964614e+01  5.955768e+01  2.979083e+01
     vertex  4.235129e+01  5.922921e+01  2.979083e+01
     vertex  4.136427e+01  6.240407e+01  2.704128e+01
   endloop
 endfacet
 facet normal  1.842789e-01  4.859036e-01  8.543646e-01
   outer loop
     vertex  4.242484e+01  5.558082e+01  3.184992e+01
     vertex  4.489922e+01  5.826291e+01  2.979083e+01
     vertex  4.235129e+01  5.922921e+01  2.979083e+01
   endloop
 endfacet
 facet normal  2.344128e-01  4.466363e-01  8.634620e-01
   outer loop
     vertex  4.242484e+01  5.558082e+01  3.184992e+01
     vertex  4.409752e+01  5.470293e+01  3.184992e+01
     vertex  4.489922e+01  5.826291e+01  2.979083e+01
   endloop
 endfacet
 facet normal  2.123988e-01  2.397487e-01  9.473159e-01
   outer loop
     vertex  4.230511e+01  5.125535e+01  3.312431e+01
     vertex  4.551150e+01  5.345025e+01  3.184992e+01
     vertex  4.409752e+01  5.470293e+01  3.184992e+01
   endloop
 endfacet
 facet normal  2.349124e-01  2.081142e-01  9.494760e-01
   outer loop
     vertex  4.230511e+01  5.125535e+01  3.312431e+01
     vertex  4.294612e+01  5.053181e+01  3.312431e+01
     vertex  4.551150e+01  5.345025e+01  3.184992e+01
   endloop
 endfacet
 facet normal  8.064554e-02  7.144571e-02  9.941790e-01
   outer loop
     vertex  4.230511e+01  5.125535e+01  3.312431e+01
     vertex  3.964614e+01  4.825399e+01  3.355569e+01
     vertex  4.294612e+01  5.053181e+01  3.312431e+01
   endloop
 endfacet
 facet normal -7.698428e-01  5.313841e-01  3.535152e-01
   outer loop
     vertex  2.602413e+01  5.765659e+01  2.372711e+01
     vertex  2.610376e+01  6.025149e+01  2.000000e+01
     vertex  2.362609e+01  5.666197e+01  2.000000e+01
   endloop
 endfacet
 facet normal -6.836812e-01  6.056887e-01  4.070887e-01
   outer loop
     vertex  2.602413e+01  5.765659e+01  2.372711e+01
     vertex  2.867015e+01  6.064332e+01  2.372711e+01
     vertex  2.610376e+01  6.025149e+01  2.000000e+01
   endloop
 endfacet
 facet normal -4.747738e-01  6.878285e-01  5.490736e-01
   outer loop
     vertex  3.154894e+01  5.998481e+01  2.704128e+01
     vertex  3.195405e+01  6.291004e+01  2.372711e+01
     vertex  2.867015e+01  6.064332e+01  2.372711e+01
   endloop
 endfacet
 facet normal -3.762918e-01  7.169641e-01  5.868279e-01
   outer loop
     vertex  3.154894e+01  5.998481e+01  2.704128e+01
     vertex  3.459160e+01  6.158172e+01  2.704128e+01
     vertex  3.195405e+01  6.291004e+01  2.372711e+01
   endloop
 endfacet
 facet normal -1.662682e-01  6.745768e-01  7.192364e-01
   outer loop
     vertex  3.694099e+01  5.922921e+01  2.979083e+01
     vertex  3.792801e+01  6.240407e+01  2.704128e+01
     vertex  3.459160e+01  6.158172e+01  2.704128e+01
   endloop
 endfacet
 facet normal -8.096099e-02  6.667738e-01  7.408496e-01
   outer loop
     vertex  3.694099e+01  5.922921e+01  2.979083e+01
     vertex  3.964614e+01  5.955768e+01  2.979083e+01
     vertex  3.792801e+01  6.240407e+01  2.704128e+01
   endloop
 endfacet
 facet normal  6.263978e-02  5.158850e-01  8.543646e-01
   outer loop
     vertex  4.059067e+01  5.603290e+01  3.184992e+01
     vertex  4.235129e+01  5.922921e+01  2.979083e+01
     vertex  3.964614e+01  5.955768e+01  2.979083e+01
   endloop
 endfacet
 facet normal  1.207142e-01  4.897566e-01  8.634620e-01
   outer loop
     vertex  4.059067e+01  5.603290e+01  3.184992e+01
     vertex  4.242484e+01  5.558082e+01  3.184992e+01
     vertex  4.235129e+01  5.922921e+01  2.979083e+01
   endloop
 endfacet
 facet normal  6.120405e-02  8.866937e-02  9.941790e-01
   outer loop
     vertex  4.150958e+01  5.180447e+01  3.312431e+01
     vertex  3.964614e+01  4.825399e+01  3.355569e+01
     vertex  4.230511e+01  5.125535e+01  3.312431e+01
   endloop
 endfacet
 facet normal  1.488512e-01  2.836124e-01  9.473159e-01
   outer loop
     vertex  4.150958e+01  5.180447e+01  3.312431e+01
     vertex  4.409752e+01  5.470293e+01  3.184992e+01
     vertex  4.242484e+01  5.558082e+01  3.184992e+01
   endloop
 endfacet
 facet normal  1.782812e-01  2.582850e-01  9.494760e-01
   outer loop
     vertex  4.150958e+01  5.180447e+01  3.312431e+01
     vertex  4.230511e+01  5.125535e+01  3.312431e+01
     vertex  4.409752e+01  5.470293e+01  3.184992e+01
   endloop
 endfacet
 facet normal -8.746411e-01  3.317076e-01  3.535152e-01
   outer loop
     vertex  2.416978e+01  5.412340e+01  2.372711e+01
     vertex  2.362609e+01  5.666197e+01  2.000000e+01
     vertex  2.207944e+01  5.258380e+01  2.000000e+01
   endloop
 endfacet
 facet normal -8.087655e-01  4.244729e-01  4.070887e-01
   outer loop
     vertex  2.416978e+01  5.412340e+01  2.372711e+01
     vertex  2.602413e+01  5.765659e+01  2.372711e+01
     vertex  2.362609e+01  5.666197e+01  2.000000e+01
   endloop
 endfacet
 facet normal -6.255858e-01  5.542207e-01  5.490736e-01
   outer loop
     vertex  2.897687e+01  5.770614e+01  2.704128e+01
     vertex  2.867015e+01  6.064332e+01  2.372711e+01
     vertex  2.602413e+01  5.765659e+01  2.372711e+01
   endloop
 endfacet
 facet normal -5.369382e-01  6.060779e-01  5.868279e-01
   outer loop
     vertex  2.897687e+01  5.770614e+01  2.704128e+01
     vertex  3.154894e+01  5.998481e+01  2.704128e+01
     vertex  2.867015e+01  6.064332e+01  2.372711e+01
   endloop
 endfacet
 facet normal -2.381778e-01  6.280233e-01  7.408496e-01
   outer loop
     vertex  3.439306e+01  5.826291e+01  2.979083e+01
     vertex  3.694099e+01  5.922921e+01  2.979083e+01
     vertex  3.459160e+01  6.158172e+01  2.704128e+01
   endloop
 endfacet
 facet normal -3.228736e-01  6.151842e-01  7.192364e-01
   outer loop
     vertex  3.439306e+01  5.826291e+01  2.979083e+01
     vertex  3.459160e+01  6.158172e+01  2.704128e+01
     vertex  3.154894e+01  5.998481e+01  2.704128e+01
   endloop
 endfacet
 facet normal -6.263978e-02  5.158850e-01  8.543646e-01
   outer loop
     vertex  3.870161e+01  5.603290e+01  3.184992e+01
     vertex  3.964614e+01  5.955768e+01  2.979083e+01
     vertex  3.694099e+01  5.922921e+01  2.979083e+01
   endloop
 endfacet
 facet normal -0.000000e+00  5.044139e-01  8.634620e-01
   outer loop
     vertex  3.870161e+01  5.603290e+01  3.184992e+01
     vertex  4.059067e+01  5.603290e+01  3.184992e+01
     vertex  3.964614e+01  5.955768e+01  2.979083e+01
   endloop
 endfacet
 facet normal  7.665302e-02  3.109935e-01  9.473159e-01
   outer loop
     vertex  4.060574e+01  5.214725e+01  3.312431e+01
     vertex  4.242484e+01  5.558082e+01  3.184992e+01
     vertex  4.059067e+01  5.603290e+01  3.184992e+01
   endloop
 endfacet
 facet normal  3.820560e-02  1.007399e-01  9.941790e-01
   outer loop
     vertex  4.060574e+01  5.214725e+01  3.312431e+01
     vertex  3.964614e+01  4.825399e+01  3.355569e+01
     vertex  4.150958e+01  5.180447e+01  3.312431e+01
   endloop
 endfacet
 facet normal  1.112891e-01  2.934452e-01  9.494760e-01
   outer loop
     vertex  4.060574e+01  5.214725e+01  3.312431e+01
     vertex  4.150958e+01  5.180447e+01  3.312431e+01
     vertex  4.242484e+01  5.558082e+01  3.184992e+01
   endloop
 endfacet
 facet normal -9.286085e-01  1.127535e-01  3.535152e-01
   outer loop
     vertex  2.321485e+01  5.024911e+01  2.372711e+01
     vertex  2.207944e+01  5.258380e+01  2.000000e+01
     vertex  2.155371e+01  4.825399e+01  2.000000e+01
   endloop
 endfacet
 facet normal -8.868472e-01  2.185882e-01  4.070887e-01
   outer loop
     vertex  2.321485e+01  5.024911e+01  2.372711e+01
     vertex  2.416978e+01  5.412340e+01  2.372711e+01
     vertex  2.207944e+01  5.258380e+01  2.000000e+01
   endloop
 endfacet
 facet normal -7.400411e-01  3.884036e-01  5.490736e-01
   outer loop
     vertex  2.702485e+01  5.487816e+01  2.704128e+01
     vertex  2.602413e+01  5.765659e+01  2.372711e+01
     vertex  2.416978e+01  5.412340e+01  2.372711e+01
   endloop
 endfacet
 facet normal -6.663796e-01  4.599687e-01  5.868279e-01
   outer loop
     vertex  2.702485e+01  5.487816e+01  2.704128e+01
     vertex  2.897687e+01  5.770614e+01  2.704128e+01
     vertex  2.602413e+01  5.765659e+01  2.372711e+01
   endloop
 endfacet
 facet normal -4.607147e-01  5.200394e-01  7.192364e-01
   outer loop
     vertex  3.215041e+01  5.671492e+01  2.979083e+01
     vertex  3.154894e+01  5.998481e+01  2.704128e+01
     vertex  2.897687e+01  5.770614e+01  2.704128e+01
   endloop
 endfacet
 facet normal -3.815526e-01  5.527744e-01  7.408496e-01
   outer loop
     vertex  3.215041e+01  5.671492e+01  2.979083e+01
     vertex  3.439306e+01  5.826291e+01  2.979083e+01
     vertex  3.154894e+01  5.998481e+01  2.704128e+01
   endloop
 endfacet
 facet normal -1.842789e-01  4.859036e-01  8.543646e-01
   outer loop
     vertex  3.686744e+01  5.558082e+01  3.184992e+01
     vertex  3.694099e+01  5.922921e+01  2.979083e+01
     vertex  3.439306e+01  5.826291e+01  2.979083e+01
   endloop
 endfacet
 facet normal -1.207142e-01  4.897566e-01  8.634620e-01
   outer loop
     vertex  3.686744e+01  5.558082e+01  3.184992e+01
     vertex  3.870161e+01  5.603290e+01  3.184992e+01
     vertex  3.694099e+01  5.922921e+01  2.979083e+01
   endloop
 endfacet
 facet normal  3.782919e-02  3.115514e-01  9.494760e-01
   outer loop
     vertex  3.964614e+01  5.226377e+01  3.312431e+01
     vertex  4.060574e+01  5.214725e+01  3.312431e+01
     vertex  4.059067e+01  5.603290e+01  3.184992e+01
   endloop
 endfacet
 facet normal  0.000000e+00  3.203009e-01  9.473159e-01
   outer loop
     vertex  3.964614e+01  5.226377e+01  3.312431e+01
     vertex  4.059067e+01  5.603290e+01  3.184992e+01
     vertex  3.870161e+01  5.603290e+01  3.184992e+01
   endloop
 endfacet
 facet normal  1.298678e-02  1.069558e-01  9.941790e-01
   outer loop
     vertex  3.964614e+01  5.226377e+01  3.312431e+01
     vertex  3.964614e+01  4.825399e+01  3.355569e+01
     vertex  4.060574e+01  5.214725e+01  3.312431e+01
   endloop
 endfacet
 facet normal -9.133886e-01  8.132365e-16  4.070887e-01
   outer loop
     vertex  2.321485e+01  4.625887e+01  2.372711e+01
     vertex  2.321485e+01  5.024911e+01  2.372711e+01
     vertex  2.155371e+01  4.825399e+01  2.000000e+01
   endloop
 endfacet
 facet normal -9.286085e-01 -1.127535e-01  3.535152e-01
   outer loop
     vertex  2.321485e+01  4.625887e+01  2.372711e+01
     vertex  2.155371e+01  4.825399e+01  2.000000e+01
     vertex  2.207944e+01  4.392419e+01  2.000000e+01
   endloop
 endfacet
 facet normal -8.114880e-01  2.000138e-01  5.490736e-01
   outer loop
     vertex  2.580633e+01  5.166520e+01  2.704128e+01
     vertex  2.416978e+01  5.412340e+01  2.372711e+01
     vertex  2.321485e+01  5.024911e+01  2.372711e+01
   endloop
 endfacet
 facet normal -7.570936e-01  2.871277e-01  5.868279e-01
   outer loop
     vertex  2.580633e+01  5.166520e+01  2.704128e+01
     vertex  2.702485e+01  5.487816e+01  2.704128e+01
     vertex  2.416978e+01  5.412340e+01  2.372711e+01
   endloop
 endfacet
 facet normal -5.717807e-01  3.946717e-01  7.192364e-01
   outer loop
     vertex  3.034339e+01  5.467522e+01  2.979083e+01
     vertex  2.897687e+01  5.770614e+01  2.704128e+01
     vertex  2.702485e+01  5.487816e+01  2.704128e+01
   endloop
 endfacet
 facet normal -5.027530e-01  4.454003e-01  7.408496e-01
   outer loop
     vertex  3.034339e+01  5.467522e+01  2.979083e+01
     vertex  3.215041e+01  5.671492e+01  2.979083e+01
     vertex  2.897687e+01  5.770614e+01  2.704128e+01
   endloop
 endfacet
 facet normal -2.952085e-01  4.276833e-01  8.543646e-01
   outer loop
     vertex  3.519476e+01  5.470293e+01  3.184992e+01
     vertex  3.439306e+01  5.826291e+01  2.979083e+01
     vertex  3.215041e+01  5.671492e+01  2.979083e+01
   endloop
 endfacet
 facet normal -2.344128e-01  4.466363e-01  8.634620e-01
   outer loop
     vertex  3.519476e+01  5.470293e+01  3.184992e+01
     vertex  3.686744e+01  5.558082e+01  3.184992e+01
     vertex  3.439306e+01  5.826291e+01  2.979083e+01
   endloop
 endfacet
 facet normal -7.665302e-02  3.109935e-01  9.473159e-01
   outer loop
     vertex  3.868654e+01  5.214725e+01  3.312431e+01
     vertex  3.870161e+01  5.603290e+01  3.184992e+01
     vertex  3.686744e+01  5.558082e+01  3.184992e+01
   endloop
 endfacet
 facet normal -1.298678e-02  1.069558e-01  9.941790e-01
   outer loop
     vertex  3.868654e+01  5.214725e+01  3.312431e+01
     vertex  3.964614e+01  4.825399e+01  3.355569e+01
     vertex  3.964614e+01  5.226377e+01  3.312431e+01
   endloop
 endfacet
 facet normal -3.782919e-02  3.115514e-01  9.494760e-01
   outer loop
     vertex  3.868654e+01  5.214725e+01  3.312431e+01
     vertex  3.964614e+01  5.226377e+01  3.312431e+01
     vertex  3.870161e+01  5.603290e+01  3.184992e+01
   endloop
 endfacet
 facet normal -8.868472e-01 -2.185882e-01  4.070887e-01
   outer loop
     vertex  2.416978e+01  4.238458e+01  2.372711e+01
     vertex  2.321485e+01  4.625887e+01  2.372711e+01
     vertex  2.207944e+01  4.392419e+01  2.000000e+01
   endloop
 endfacet
 facet normal -8.746411e-01 -3.317076e-01  3.535152e-01
   outer loop
     vertex  2.416978e+01  4.238458e+01  2.372711e+01
     vertex  2.207944e+01  4.392419e+01  2.000000e+01
     vertex  2.362609e+01  3.984602e+01  2.000000e+01
   endloop
 endfacet
 facet normal -8.357740e-01  7.858571e-16  5.490736e-01
   outer loop
     vertex  2.539214e+01  4.825399e+01  2.704128e+01
     vertex  2.321485e+01  5.024911e+01  2.372711e+01
     vertex  2.321485e+01  4.625887e+01  2.372711e+01
   endloop
 endfacet
 facet normal -8.038080e-01  9.759996e-02  5.868279e-01
   outer loop
     vertex  2.539214e+01  4.825399e+01  2.704128e+01
     vertex  2.580633e+01  5.166520e+01  2.704128e+01
     vertex  2.321485e+01  5.024911e+01  2.372711e+01
   endloop
 endfacet
 facet normal -6.496169e-01  2.463672e-01  7.192364e-01
   outer loop
     vertex  2.907701e+01  5.226233e+01  2.979083e+01
     vertex  2.702485e+01  5.487816e+01  2.704128e+01
     vertex  2.580633e+01  5.166520e+01  2.704128e+01
   endloop
 endfacet
 facet normal -5.947351e-01  3.121411e-01  7.408496e-01
   outer loop
     vertex  2.907701e+01  5.226233e+01  2.979083e+01
     vertex  3.034339e+01  5.467522e+01  2.979083e+01
     vertex  2.702485e+01  5.487816e+01  2.704128e+01
   endloop
 endfacet
 facet normal -3.889816e-01  3.446076e-01  8.543646e-01
   outer loop
     vertex  3.378078e+01  5.345025e+01  3.184992e+01
     vertex  3.215041e+01  5.671492e+01  2.979083e+01
     vertex  3.034339e+01  5.467522e+01  2.979083e+01
   endloop
 endfacet
 facet normal -3.344883e-01  3.775592e-01  8.634620e-01
   outer loop
     vertex  3.378078e+01  5.345025e+01  3.184992e+01
     vertex  3.519476e+01  5.470293e+01  3.184992e+01
     vertex  3.215041e+01  5.671492e+01  2.979083e+01
   endloop
 endfacet
 facet normal -3.820560e-02  1.007399e-01  9.941790e-01
   outer loop
     vertex  3.778270e+01  5.180447e+01  3.312431e+01
     vertex  3.964614e+01  4.825399e+01  3.355569e+01
     vertex  3.868654e+01  5.214725e+01  3.312431e+01
   endloop
 endfacet
 facet normal -1.488512e-01  2.836124e-01  9.473159e-01
   outer loop
     vertex  3.778270e+01  5.180447e+01  3.312431e+01
     vertex  3.686744e+01  5.558082e+01  3.184992e+01
     vertex  3.519476e+01  5.470293e+01  3.184992e+01
   endloop
 endfacet
 facet normal -1.112891e-01  2.934452e-01  9.494760e-01
   outer loop
     vertex  3.778270e+01  5.180447e+01  3.312431e+01
     vertex  3.868654e+01  5.214725e+01  3.312431e+01
     vertex  3.686744e+01  5.558082e+01  3.184992e+01
   endloop
 endfacet
 facet normal -8.087655e-01 -4.244729e-01  4.070887e-01
   outer loop
     vertex  2.602413e+01  3.885140e+01  2.372711e+01
     vertex  2.416978e+01  4.238458e+01  2.372711e+01
     vertex  2.362609e+01  3.984602e+01  2.000000e+01
   endloop
 endfacet
 facet normal -7.698428e-01 -5.313841e-01  3.535152e-01
   outer loop
     vertex  2.602413e+01  3.885140e+01  2.372711e+01
     vertex  2.362609e+01  3.984602e+01  2.000000e+01
     vertex  2.610376e+01  3.625649e+01  2.000000e+01
   endloop
 endfacet
 facet normal -8.038080e-01 -9.759996e-02  5.868279e-01
   outer loop
     vertex  2.580633e+01  4.484279e+01  2.704128e+01
     vertex  2.539214e+01  4.825399e+01  2.704128e+01
     vertex  2.321485e+01  4.625887e+01  2.372711e+01
   endloop
 endfacet
 facet normal -8.114880e-01 -2.000138e-01  5.490736e-01
   outer loop
     vertex  2.580633e+01  4.484279e+01  2.704128e+01
     vertex  2.321485e+01  4.625887e+01  2.372711e+01
     vertex  2.416978e+01  4.238458e+01  2.372711e+01
   endloop
 endfacet
 facet normal -6.521535e-01  1.607414e-01  7.408496e-01
   outer loop
     vertex  2.842487e+01  4.961650e+01  2.979083e+01
     vertex  2.907701e+01  5.226233e+01  2.979083e+01
     vertex  2.580633e+01  5.166520e+01  2.704128e+01
   endloop
 endfacet
 facet normal -6.896998e-01  8.374472e-02  7.192364e-01
   outer loop
     vertex  2.842487e+01  4.961650e+01  2.979083e+01
     vertex  2.580633e+01  5.166520e+01  2.704128e+01
     vertex  2.539214e+01  4.825399e+01  2.704128e+01
   endloop
 endfacet
 facet normal -4.151245e-01  2.865398e-01  8.634620e-01
   outer loop
     vertex  3.270767e+01  5.189558e+01  3.184992e+01
     vertex  3.378078e+01  5.345025e+01  3.184992e+01
     vertex  3.034339e+01  5.467522e+01  2.979083e+01
   endloop
 endfacet
 facet normal -4.601485e-01  2.415045e-01  8.543646e-01
   outer loop
     vertex  3.270767e+01  5.189558e+01  3.184992e+01
     vertex  3.034339e+01  5.467522e+01  2.979083e+01
     vertex  2.907701e+01  5.226233e+01  2.979083e+01
   endloop
 endfacet
 facet normal -6.120405e-02  8.866937e-02  9.941790e-01
   outer loop
     vertex  3.698717e+01  5.125535e+01  3.312431e+01
     vertex  3.964614e+01  4.825399e+01  3.355569e+01
     vertex  3.778270e+01  5.180447e+01  3.312431e+01
   endloop
 endfacet
 facet normal -1.782812e-01  2.582850e-01  9.494760e-01
   outer loop
     vertex  3.698717e+01  5.125535e+01  3.312431e+01
     vertex  3.778270e+01  5.180447e+01  3.312431e+01
     vertex  3.519476e+01  5.470293e+01  3.184992e+01
   endloop
 endfacet
 facet normal -2.123988e-01  2.397487e-01  9.473159e-01
   outer loop
     vertex  3.698717e+01  5.125535e+01  3.312431e+01
     vertex  3.519476e+01  5.470293e+01  3.184992e+01
     vertex  3.378078e+01  5.345025e+01  3.184992e+01
   endloop
 endfacet
 facet normal -6.203040e-01 -7.001785e-01  3.535152e-01
   outer loop
     vertex  2.867015e+01  3.586466e+01  2.372711e+01
     vertex  2.610376e+01  3.625649e+01  2.000000e+01
     vertex  2.936847e+01  3.336422e+01  2.000000e+01
   endloop
 endfacet
 facet normal -6.836812e-01 -6.056887e-01  4.070887e-01
   outer loop
     vertex  2.867015e+01  3.586466e+01  2.372711e+01
     vertex  2.602413e+01  3.885140e+01  2.372711e+01
     vertex  2.610376e+01  3.625649e+01  2.000000e+01
   endloop
 endfacet
 facet normal -7.400411e-01 -3.884036e-01  5.490736e-01
   outer loop
     vertex  2.702485e+01  4.162983e+01  2.704128e+01
     vertex  2.416978e+01  4.238458e+01  2.372711e+01
     vertex  2.602413e+01  3.885140e+01  2.372711e+01
   endloop
 endfacet
 facet normal -7.570936e-01 -2.871277e-01  5.868279e-01
   outer loop
     vertex  2.702485e+01  4.162983e+01  2.704128e+01
     vertex  2.580633e+01  4.484279e+01  2.704128e+01
     vertex  2.416978e+01  4.238458e+01  2.372711e+01
   endloop
 endfacet
 facet normal -6.716710e-01  0.000000e+00  7.408496e-01
   outer loop
     vertex  2.842487e+01  4.689149e+01  2.979083e+01
     vertex  2.842487e+01  4.961650e+01  2.979083e+01
     vertex  2.539214e+01  4.825399e+01  2.704128e+01
   endloop
 endfacet
 facet normal -6.896998e-01 -8.374472e-02  7.192364e-01
   outer loop
     vertex  2.842487e+01  4.689149e+01  2.979083e+01
     vertex  2.539214e+01  4.825399e+01  2.704128e+01
     vertex  2.580633e+01  4.484279e+01  2.704128e+01
   endloop
 endfacet
 facet normal -5.045732e-01  1.243661e-01  8.543646e-01
   outer loop
     vertex  3.203780e+01  5.012928e+01  3.184992e+01
     vertex  2.907701e+01  5.226233e+01  2.979083e+01
     vertex  2.842487e+01  4.961650e+01  2.979083e+01
   endloop
 endfacet
 facet normal -4.716352e-01  1.788676e-01  8.634620e-01
   outer loop
     vertex  3.203780e+01  5.012928e+01  3.184992e+01
     vertex  3.270767e+01  5.189558e+01  3.184992e+01
     vertex  2.907701e+01  5.226233e+01  2.979083e+01
   endloop
 endfacet
 facet normal -8.064554e-02  7.144571e-02  9.941790e-01
   outer loop
     vertex  3.634616e+01  5.053181e+01  3.312431e+01
     vertex  3.964614e+01  4.825399e+01  3.355569e+01
     vertex  3.698717e+01  5.125535e+01  3.312431e+01
   endloop
 endfacet
 facet normal -2.636025e-01  1.819516e-01  9.473159e-01
   outer loop
     vertex  3.634616e+01  5.053181e+01  3.312431e+01
     vertex  3.378078e+01  5.345025e+01  3.184992e+01
     vertex  3.270767e+01  5.189558e+01  3.184992e+01
   endloop
 endfacet
 facet normal -2.349124e-01  2.081142e-01  9.494760e-01
   outer loop
     vertex  3.634616e+01  5.053181e+01  3.312431e+01
     vertex  3.698717e+01  5.125535e+01  3.312431e+01
     vertex  3.378078e+01  5.345025e+01  3.184992e+01
   endloop
 endfacet
 facet normal -5.188639e-01 -7.517041e-01  4.070887e-01
   outer loop
     vertex  3.195405e+01  3.359795e+01  2.372711e+01
     vertex  2.867015e+01  3.586466e+01  2.372711e+01
     vertex  2.936847e+01  3.336422e+01  2.000000e+01
   endloop
 endfacet
 facet normal -4.347154e-01 -8.282811e-01  3.535152e-01
   outer loop
     vertex  3.195405e+01  3.359795e+01  2.372711e+01
     vertex  2.936847e+01  3.336422e+01  2.000000e+01
     vertex  3.323048e+01  3.133728e+01  2.000000e+01
   endloop
 endfacet
 facet normal -6.663796e-01 -4.599687e-01  5.868279e-01
   outer loop
     vertex  2.897687e+01  3.880184e+01  2.704128e+01
     vertex  2.702485e+01  4.162983e+01  2.704128e+01
     vertex  2.602413e+01  3.885140e+01  2.372711e+01
   endloop
 endfacet
 facet normal -6.255858e-01 -5.542207e-01  5.490736e-01
   outer loop
     vertex  2.897687e+01  3.880184e+01  2.704128e+01
     vertex  2.602413e+01  3.885140e+01  2.372711e+01
     vertex  2.867015e+01  3.586466e+01  2.372711e+01
   endloop
 endfacet
 facet normal -6.496169e-01 -2.463672e-01  7.192364e-01
   outer loop
     vertex  2.907701e+01  4.424565e+01  2.979083e+01
     vertex  2.580633e+01  4.484279e+01  2.704128e+01
     vertex  2.702485e+01  4.162983e+01  2.704128e+01
   endloop
 endfacet
 facet normal -6.521535e-01 -1.607414e-01  7.408496e-01
   outer loop
     vertex  2.907701e+01  4.424565e+01  2.979083e+01
     vertex  2.842487e+01  4.689149e+01  2.979083e+01
     vertex  2.580633e+01  4.484279e+01  2.704128e+01
   endloop
 endfacet
 facet normal -5.007362e-01  6.080038e-02  8.634620e-01
   outer loop
     vertex  3.181010e+01  4.825399e+01  3.184992e+01
     vertex  3.203780e+01  5.012928e+01  3.184992e+01
     vertex  2.842487e+01  4.961650e+01  2.979083e+01
   endloop
 endfacet
 facet normal -5.196740e-01  0.000000e+00  8.543646e-01
   outer loop
     vertex  3.181010e+01  4.825399e+01  3.184992e+01
     vertex  2.842487e+01  4.961650e+01  2.979083e+01
     vertex  2.842487e+01  4.689149e+01  2.979083e+01
   endloop
 endfacet
 facet normal -9.540020e-02  5.006989e-02  9.941790e-01
   outer loop
     vertex  3.589693e+01  4.967588e+01  3.312431e+01
     vertex  3.964614e+01  4.825399e+01  3.355569e+01
     vertex  3.634616e+01  5.053181e+01  3.312431e+01
   endloop
 endfacet
 facet normal -2.994865e-01  1.135803e-01  9.473159e-01
   outer loop
     vertex  3.589693e+01  4.967588e+01  3.312431e+01
     vertex  3.270767e+01  5.189558e+01  3.184992e+01
     vertex  3.203780e+01  5.012928e+01  3.184992e+01
   endloop
 endfacet
 facet normal -2.778912e-01  1.458486e-01  9.494760e-01
   outer loop
     vertex  3.589693e+01  4.967588e+01  3.312431e+01
     vertex  3.634616e+01  5.053181e+01  3.312431e+01
     vertex  3.270767e+01  5.189558e+01  3.184992e+01
   endloop
 endfacet
 facet normal -2.238628e-01 -9.082469e-01  3.535152e-01
   outer loop
     vertex  3.568499e+01  3.218299e+01  2.372711e+01
     vertex  3.323048e+01  3.133728e+01  2.000000e+01
     vertex  3.746534e+01  3.029348e+01  2.000000e+01
   endloop
 endfacet
 facet normal -3.238921e-01 -8.540332e-01  4.070887e-01
   outer loop
     vertex  3.568499e+01  3.218299e+01  2.372711e+01
     vertex  3.195405e+01  3.359795e+01  2.372711e+01
     vertex  3.323048e+01  3.133728e+01  2.000000e+01
   endloop
 endfacet
 facet normal -4.747738e-01 -6.878285e-01  5.490736e-01
   outer loop
     vertex  3.154894e+01  3.652318e+01  2.704128e+01
     vertex  2.867015e+01  3.586466e+01  2.372711e+01
     vertex  3.195405e+01  3.359795e+01  2.372711e+01
   endloop
 endfacet
 facet normal -5.369382e-01 -6.060779e-01  5.868279e-01
   outer loop
     vertex  3.154894e+01  3.652318e+01  2.704128e+01
     vertex  2.897687e+01  3.880184e+01  2.704128e+01
     vertex  2.867015e+01  3.586466e+01  2.372711e+01
   endloop
 endfacet
 facet normal -5.717807e-01 -3.946717e-01  7.192364e-01
   outer loop
     vertex  3.034339e+01  4.183277e+01  2.979083e+01
     vertex  2.702485e+01  4.162983e+01  2.704128e+01
     vertex  2.897687e+01  3.880184e+01  2.704128e+01
   endloop
 endfacet
 facet normal -5.947351e-01 -3.121411e-01  7.408496e-01
   outer loop
     vertex  3.034339e+01  4.183277e+01  2.979083e+01
     vertex  2.907701e+01  4.424565e+01  2.979083e+01
     vertex  2.702485e+01  4.162983e+01  2.704128e+01
   endloop
 endfacet
 facet normal -5.045732e-01 -1.243661e-01  8.543646e-01
   outer loop
     vertex  3.203780e+01  4.637871e+01  3.184992e+01
     vertex  2.842487e+01  4.689149e+01  2.979083e+01
     vertex  2.907701e+01  4.424565e+01  2.979083e+01
   endloop
 endfacet
 facet normal -5.007362e-01 -6.080038e-02  8.634620e-01
   outer loop
     vertex  3.203780e+01  4.637871e+01  3.184992e+01
     vertex  3.181010e+01  4.825399e+01  3.184992e+01
     vertex  2.842487e+01  4.689149e+01  2.979083e+01
   endloop
 endfacet
 facet normal -3.179655e-01  3.860801e-02  9.473159e-01
   outer loop
     vertex  3.566560e+01  4.873732e+01  3.312431e+01
     vertex  3.203780e+01  5.012928e+01  3.184992e+01
     vertex  3.181010e+01  4.825399e+01  3.184992e+01
   endloop
 endfacet
 facet normal -3.047201e-01  7.510675e-02  9.494760e-01
   outer loop
     vertex  3.566560e+01  4.873732e+01  3.312431e+01
     vertex  3.589693e+01  4.967588e+01  3.312431e+01
     vertex  3.203780e+01  5.012928e+01  3.184992e+01
   endloop
 endfacet
 facet normal -1.046106e-01  2.578419e-02  9.941790e-01
   outer loop
     vertex  3.566560e+01  4.873732e+01  3.312431e+01
     vertex  3.964614e+01  4.825399e+01  3.355569e+01
     vertex  3.589693e+01  4.967588e+01  3.312431e+01
   endloop
 endfacet
 facet normal -1.100968e-01 -9.067290e-01  4.070887e-01
   outer loop
     vertex  3.964614e+01  3.170202e+01  2.372711e+01
     vertex  3.568499e+01  3.218299e+01  2.372711e+01
     vertex  3.746534e+01  3.029348e+01  2.000000e+01
   endloop
 endfacet
 facet normal -2.299877e-15 -9.354288e-01  3.535152e-01
   outer loop
     vertex  3.964614e+01  3.170202e+01  2.372711e+01
     vertex  3.746534e+01  3.029348e+01  2.000000e+01
     vertex  4.182694e+01  3.029348e+01  2.000000e+01
   endloop
 endfacet
 facet normal -2.963696e-01 -7.814623e-01  5.490736e-01
   outer loop
     vertex  3.459160e+01  3.492627e+01  2.704128e+01
     vertex  3.195405e+01  3.359795e+01  2.372711e+01
     vertex  3.568499e+01  3.218299e+01  2.372711e+01
   endloop
 endfacet
 facet normal -3.762918e-01 -7.169641e-01  5.868279e-01
   outer loop
     vertex  3.459160e+01  3.492627e+01  2.704128e+01
     vertex  3.154894e+01  3.652318e+01  2.704128e+01
     vertex  3.195405e+01  3.359795e+01  2.372711e+01
   endloop
 endfacet
 facet normal -4.607147e-01 -5.200394e-01  7.192364e-01
   outer loop
     vertex  3.215041e+01  3.979307e+01  2.979083e+01
     vertex  2.897687e+01  3.880184e+01  2.704128e+01
     vertex  3.154894e+01  3.652318e+01  2.704128e+01
   endloop
 endfacet
 facet normal -5.027530e-01 -4.454003e-01  7.408496e-01
   outer loop
     vertex  3.215041e+01  3.979307e+01  2.979083e+01
     vertex  3.034339e+01  4.183277e+01  2.979083e+01
     vertex  2.897687e+01  3.880184e+01  2.704128e+01
   endloop
 endfacet
 facet normal -4.716352e-01 -1.788676e-01  8.634620e-01
   outer loop
     vertex  3.270767e+01  4.461240e+01  3.184992e+01
     vertex  3.203780e+01  4.637871e+01  3.184992e+01
     vertex  2.907701e+01  4.424565e+01  2.979083e+01
   endloop
 endfacet
 facet normal -4.601485e-01 -2.415045e-01  8.543646e-01
   outer loop
     vertex  3.270767e+01  4.461240e+01  3.184992e+01
     vertex  2.907701e+01  4.424565e+01  2.979083e+01
     vertex  3.034339e+01  4.183277e+01  2.979083e+01
   endloop
 endfacet
 facet normal -3.179655e-01 -3.860801e-02  9.473159e-01
   outer loop
     vertex  3.566560e+01  4.777067e+01  3.312431e+01
     vertex  3.181010e+01  4.825399e+01  3.184992e+01
     vertex  3.203780e+01  4.637871e+01  3.184992e+01
   endloop
 endfacet
 facet normal -1.077413e-01  0.000000e+00  9.941790e-01
   outer loop
     vertex  3.566560e+01  4.777067e+01  3.312431e+01
     vertex  3.964614e+01  4.825399e+01  3.355569e+01
     vertex  3.566560e+01  4.873732e+01  3.312431e+01
   endloop
 endfacet
 facet normal  0.000000e+00  0.000000e+00  0.000000e+00
   outer loop
     vertex  3.566560e+01  4.777067e+01  3.312431e+01
     vertex  3.964614e+01  4.825399e+01  3.355569e+01
     vertex  3.964614e+01  4.825399e+01  3.355569e+01
   endloop
 endfacet
 facet normal -3.138397e-01  0.000000e+00  9.494760e-01
   outer loop
     vertex  3.566560e+01  4.777067e+01  3.312431e+01
     vertex  3.566560e+01  4.873732e+01  3.312431e+01
     vertex  3.181010e+01  4.825399e+01  3.184992e+01
   endloop
 endfacet
 facet normal  2.238628e-01 -9.082469e-01  3.535152e-01
   outer loop
     vertex  4.360729e+01  3.218299e+01  2.372711e+01
     vertex  4.182694e+01  3.029348e+01  2.000000e+01
     vertex  4.606180e+01  3.133728e+01  2.000000e+01
   endloop
 endfacet
 facet normal  1.100968e-01 -9.067290e-01  4.070887e-01
   outer loop
     vertex  4.360729e+01  3.218299e+01  2.372711e+01
     vertex  3.964614e+01  3.170202e+01  2.372711e+01
     vertex  4.182694e+01  3.029348e+01  2.000000e+01
   endloop
 endfacet
 facet normal -1.937767e-01 -7.861829e-01  5.868279e-01
   outer loop
     vertex  3.792801e+01  3.410392e+01  2.704128e+01
     vertex  3.459160e+01  3.492627e+01  2.704128e+01
     vertex  3.568499e+01  3.218299e+01  2.372711e+01
   endloop
 endfacet
 facet normal -1.007414e-01 -8.296803e-01  5.490736e-01
   outer loop
     vertex  3.792801e+01  3.410392e+01  2.704128e+01
     vertex  3.568499e+01  3.218299e+01  2.372711e+01
     vertex  3.964614e+01  3.170202e+01  2.372711e+01
   endloop
 endfacet
 facet normal -3.228736e-01 -6.151842e-01  7.192364e-01
   outer loop
     vertex  3.439306e+01  3.824508e+01  2.979083e+01
     vertex  3.154894e+01  3.652318e+01  2.704128e+01
     vertex  3.459160e+01  3.492627e+01  2.704128e+01
   endloop
 endfacet
 facet normal -3.815526e-01 -5.527744e-01  7.408496e-01
   outer loop
     vertex  3.439306e+01  3.824508e+01  2.979083e+01
     vertex  3.215041e+01  3.979307e+01  2.979083e+01
     vertex  3.154894e+01  3.652318e+01  2.704128e+01
   endloop
 endfacet
 facet normal -3.889816e-01 -3.446076e-01  8.543646e-01
   outer loop
     vertex  3.378078e+01  4.305774e+01  3.184992e+01
     vertex  3.034339e+01  4.183277e+01  2.979083e+01
     vertex  3.215041e+01  3.979307e+01  2.979083e+01
   endloop
 endfacet
 facet normal -4.151245e-01 -2.865398e-01  8.634620e-01
   outer loop
     vertex  3.378078e+01  4.305774e+01  3.184992e+01
     vertex  3.270767e+01  4.461240e+01  3.184992e+01
     vertex  3.034339e+01  4.183277e+01  2.979083e+01
   endloop
 endfacet
 facet normal -1.046106e-01 -2.578419e-02  9.941790e-01
   outer loop
     vertex  3.589693e+01  4.683211e+01  3.312431e+01
     vertex  3.964614e+01  4.825399e+01  3.355569e+01
     vertex  3.566560e+01  4.777067e+01  3.312431e+01
   endloop
 endfacet
 facet normal -2.994865e-01 -1.135803e-01  9.473159e-01
   outer loop
     vertex  3.589693e+01  4.683211e+01  3.312431e+01
     vertex  3.203780e+01  4.637871e+01  3.184992e+01
     vertex  3.270767e+01  4.461240e+01  3.184992e+01
   endloop
 endfacet
 facet normal -3.047201e-01 -7.510675e-02  9.494760e-01
   outer loop
     vertex  3.589693e+01  4.683211e+01  3.312431e+01
     vertex  3.566560e+01  4.777067e+01  3.312431e+01
     vertex  3.203780e+01  4.637871e+01  3.184992e+01
   endloop
 endfacet
 facet normal  3.238921e-01 -8.540332e-01  4.070887e-01
   outer loop
     vertex  4.733822e+01  3.359795e+01  2.372711e+01
     vertex  4.360729e+01  3.218299e+01  2.372711e+01
     vertex  4.606180e+01  3.133728e+01  2.000000e+01
   endloop
 endfacet
 facet normal  4.347154e-01 -8.282811e-01  3.535152e-01
   outer loop
     vertex  4.733822e+01  3.359795e+01  2.372711e+01
     vertex  4.606180e+01  3.133728e+01  2.000000e+01
     vertex  4.992381e+01  3.336422e+01  2.000000e+01
   endloop
 endfacet
 facet normal -3.348610e-15 -8.097117e-01  5.868279e-01
   outer loop
     vertex  4.136427e+01  3.410392e+01  2.704128e+01
     vertex  3.792801e+01  3.410392e+01  2.704128e+01
     vertex  3.964614e+01  3.170202e+01  2.372711e+01
   endloop
 endfacet
 facet normal  1.007414e-01 -8.296803e-01  5.490736e-01
   outer loop
     vertex  4.136427e+01  3.410392e+01  2.704128e+01
     vertex  3.964614e+01  3.170202e+01  2.372711e+01
     vertex  4.360729e+01  3.218299e+01  2.372711e+01
   endloop
 endfacet
 facet normal -1.662682e-01 -6.745768e-01  7.192364e-01
   outer loop
     vertex  3.694099e+01  3.727878e+01  2.979083e+01
     vertex  3.459160e+01  3.492627e+01  2.704128e+01
     vertex  3.792801e+01  3.410392e+01  2.704128e+01
   endloop
 endfacet
 facet normal -2.381778e-01 -6.280233e-01  7.408496e-01
   outer loop
     vertex  3.694099e+01  3.727878e+01  2.979083e+01
     vertex  3.439306e+01  3.824508e+01  2.979083e+01
     vertex  3.459160e+01  3.492627e+01  2.704128e+01
   endloop
 endfacet
 facet normal -3.344883e-01 -3.775592e-01  8.634620e-01
   outer loop
     vertex  3.519476e+01  4.180506e+01  3.184992e+01
     vertex  3.378078e+01  4.305774e+01  3.184992e+01
     vertex  3.215041e+01  3.979307e+01  2.979083e+01
   endloop
 endfacet
 facet normal -2.952085e-01 -4.276833e-01  8.543646e-01
   outer loop
     vertex  3.519476e+01  4.180506e+01  3.184992e+01
     vertex  3.215041e+01  3.979307e+01  2.979083e+01
     vertex  3.439306e+01  3.824508e+01  2.979083e+01
   endloop
 endfacet
 facet normal -9.540020e-02 -5.006989e-02  9.941790e-01
   outer loop
     vertex  3.634616e+01  4.597618e+01  3.312431e+01
     vertex  3.964614e+01  4.825399e+01  3.355569e+01
     vertex  3.589693e+01  4.683211e+01  3.312431e+01
   endloop
 endfacet
 facet normal -2.636025e-01 -1.819516e-01  9.473159e-01
   outer loop
     vertex  3.634616e+01  4.597618e+01  3.312431e+01
     vertex  3.270767e+01  4.461240e+01  3.184992e+01
     vertex  3.378078e+01  4.305774e+01  3.184992e+01
   endloop
 endfacet
 facet normal -2.778912e-01 -1.458486e-01  9.494760e-01
   outer loop
     vertex  3.634616e+01  4.597618e+01  3.312431e+01
     vertex  3.589693e+01  4.683211e+01  3.312431e+01
     vertex  3.270767e+01  4.461240e+01  3.184992e+01
   endloop
 endfacet
 facet normal  6.203040e-01 -7.001785e-01  3.535152e-01
   outer loop
     vertex  5.062213e+01  3.586466e+01  2.372711e+01
     vertex  4.992381e+01  3.336422e+01  2.000000e+01
     vertex  5.318852e+01  3.625649e+01  2.000000e+01
   endloop
 endfacet
 facet normal  5.188639e-01 -7.517041e-01  4.070887e-01
   outer loop
     vertex  5.062213e+01  3.586466e+01  2.372711e+01
     vertex  4.733822e+01  3.359795e+01  2.372711e+01
     vertex  4.992381e+01  3.336422e+01  2.000000e+01
   endloop
 endfacet
 facet normal  2.963696e-01 -7.814623e-01  5.490736e-01
   outer loop
     vertex  4.470068e+01  3.492627e+01  2.704128e+01
     vertex  4.360729e+01  3.218299e+01  2.372711e+01
     vertex  4.733822e+01  3.359795e+01  2.372711e+01
   endloop
 endfacet
 facet normal  1.937767e-01 -7.861829e-01  5.868279e-01
   outer loop
     vertex  4.470068e+01  3.492627e+01  2.704128e+01
     vertex  4.136427e+01  3.410392e+01  2.704128e+01
     vertex  4.360729e+01  3.218299e+01  2.372711e+01
   endloop
 endfacet
 facet normal -8.096099e-02 -6.667738e-01  7.408496e-01
   outer loop
     vertex  3.964614e+01  3.695031e+01  2.979083e+01
     vertex  3.694099e+01  3.727878e+01  2.979083e+01
     vertex  3.792801e+01  3.410392e+01  2.704128e+01
   endloop
 endfacet
 facet normal -2.873717e-15 -6.947654e-01  7.192364e-01
   outer loop
     vertex  3.964614e+01  3.695031e+01  2.979083e+01
     vertex  3.792801e+01  3.410392e+01  2.704128e+01
     vertex  4.136427e+01  3.410392e+01  2.704128e+01
   endloop
 endfacet
 facet normal -1.842789e-01 -4.859036e-01  8.543646e-01
   outer loop
     vertex  3.686744e+01  4.092717e+01  3.184992e+01
     vertex  3.439306e+01  3.824508e+01  2.979083e+01
     vertex  3.694099e+01  3.727878e+01  2.979083e+01
   endloop
 endfacet
 facet normal -2.344128e-01 -4.466363e-01  8.634620e-01
   outer loop
     vertex  3.686744e+01  4.092717e+01  3.184992e+01
     vertex  3.519476e+01  4.180506e+01  3.184992e+01
     vertex  3.439306e+01  3.824508e+01  2.979083e+01
   endloop
 endfacet
 facet normal -2.123988e-01 -2.397487e-01  9.473159e-01
   outer loop
     vertex  3.698717e+01  4.525263e+01  3.312431e+01
     vertex  3.378078e+01  4.305774e+01  3.184992e+01
     vertex  3.519476e+01  4.180506e+01  3.184992e+01
   endloop
 endfacet
 facet normal -2.349124e-01 -2.081142e-01  9.494760e-01
   outer loop
     vertex  3.698717e+01  4.525263e+01  3.312431e+01
     vertex  3.634616e+01  4.597618e+01  3.312431e+01
     vertex  3.378078e+01  4.305774e+01  3.184992e+01
   endloop
 endfacet
 facet normal -8.064554e-02 -7.144571e-02  9.941790e-01
   outer loop
     vertex  3.698717e+01  4.525263e+01  3.312431e+01
     vertex  3.964614e+01  4.825399e+01  3.355569e+01
     vertex  3.634616e+01  4.597618e+01  3.312431e+01
   endloop
 endfacet
 facet normal  7.698428e-01 -5.313841e-01  3.535152e-01
   outer loop
     vertex  5.326815e+01  3.885140e+01  2.372711e+01
     vertex  5.318852e+01  3.625649e+01  2.000000e+01
     vertex  5.566619e+01  3.984602e+01  2.000000e+01
   endloop
 endfacet
 facet normal  6.836812e-01 -6.056887e-01  4.070887e-01
   outer loop
     vertex  5.326815e+01  3.885140e+01  2.372711e+01
     vertex  5.062213e+01  3.586466e+01  2.372711e+01
     vertex  5.318852e+01  3.625649e+01  2.000000e+01
   endloop
 endfacet
 facet normal  4.747738e-01 -6.878285e-01  5.490736e-01
   outer loop
     vertex  4.774333e+01  3.652318e+01  2.704128e+01
     vertex  4.733822e+01  3.359795e+01  2.372711e+01
     vertex  5.062213e+01  3.586466e+01  2.372711e+01
   endloop
 endfacet
 facet normal  3.762918e-01 -7.169641e-01  5.868279e-01
   outer loop
     vertex  4.774333e+01  3.652318e+01  2.704128e+01
     vertex  4.470068e+01  3.492627e+01  2.704128e+01
     vertex  4.733822e+01  3.359795e+01  2.372711e+01
   endloop
 endfacet
 facet normal  1.662682e-01 -6.745768e-01  7.192364e-01
   outer loop
     vertex  4.235129e+01  3.727878e+01  2.979083e+01
     vertex  4.136427e+01  3.410392e+01  2.704128e+01
     vertex  4.470068e+01  3.492627e+01  2.704128e+01
   endloop
 endfacet
 facet normal  8.096099e-02 -6.667738e-01  7.408496e-01
   outer loop
     vertex  4.235129e+01  3.727878e+01  2.979083e+01
     vertex  3.964614e+01  3.695031e+01  2.979083e+01
     vertex  4.136427e+01  3.410392e+01  2.704128e+01
   endloop
 endfacet
 facet normal -1.207142e-01 -4.897566e-01  8.634620e-01
   outer loop
     vertex  3.870161e+01  4.047509e+01  3.184992e+01
     vertex  3.686744e+01  4.092717e+01  3.184992e+01
     vertex  3.694099e+01  3.727878e+01  2.979083e+01
   endloop
 endfacet
 facet normal -6.263978e-02 -5.158850e-01  8.543646e-01
   outer loop
     vertex  3.870161e+01  4.047509e+01  3.184992e+01
     vertex  3.694099e+01  3.727878e+01  2.979083e+01
     vertex  3.964614e+01  3.695031e+01  2.979083e+01
   endloop
 endfacet
 facet normal -1.782812e-01 -2.582850e-01  9.494760e-01
   outer loop
     vertex  3.778270e+01  4.470351e+01  3.312431e+01
     vertex  3.698717e+01  4.525263e+01  3.312431e+01
     vertex  3.519476e+01  4.180506e+01  3.184992e+01
   endloop
 endfacet
 facet normal -1.488512e-01 -2.836124e-01  9.473159e-01
   outer loop
     vertex  3.778270e+01  4.470351e+01  3.312431e+01
     vertex  3.519476e+01  4.180506e+01  3.184992e+01
     vertex  3.686744e+01  4.092717e+01  3.184992e+01
   endloop
 endfacet
 facet normal -6.120405e-02 -8.866937e-02  9.941790e-01
   outer loop
     vertex  3.778270e+01  4.470351e+01  3.312431e+01
     vertex  3.964614e+01  4.825399e+01  3.355569e+01
     vertex  3.698717e+01  4.525263e+01  3.312431e+01
   endloop
 endfacet
 facet normal  8.746411e-01 -3.317076e-01  3.535152e-01
   outer loop
     vertex  5.512250e+01  4.238458e+01  2.372711e+01
     vertex  5.566619e+01  3.984602e+01  2.000000e+01
     vertex  5.721284e+01  4.392419e+01  2.000000e+01
   endloop
 endfacet
 facet normal  8.087655e-01 -4.244729e-01  4.070887e-01
   outer loop
     vertex  5.512250e+01  4.238458e+01  2.372711e+01
     vertex  5.326815e+01  3.885140e+01  2.372711e+01
     vertex  5.566619e+01  3.984602e+01  2.000000e+01
   endloop
 endfacet
 facet normal  5.369382e-01 -6.060779e-01  5.868279e-01
   outer loop
     vertex  5.031541e+01  3.880184e+01  2.704128e+01
     vertex  4.774333e+01  3.652318e+01  2.704128e+01
     vertex  5.062213e+01  3.586466e+01  2.372711e+01
   endloop
 endfacet
 facet normal  6.255858e-01 -5.542207e-01  5.490736e-01
   outer loop
     vertex  5.031541e+01  3.880184e+01  2.704128e+01
     vertex  5.062213e+01  3.586466e+01  2.372711e+01
     vertex  5.326815e+01  3.885140e+01  2.372711e+01
   endloop
 endfacet
 facet normal  3.228736e-01 -6.151842e-01  7.192364e-01
   outer loop
     vertex  4.489922e+01  3.824508e+01  2.979083e+01
     vertex  4.470068e+01  3.492627e+01  2.704128e+01
     vertex  4.774333e+01  3.652318e+01  2.704128e+01
   endloop
 endfacet
 facet normal  2.381778e-01 -6.280233e-01  7.408496e-01
   outer loop
     vertex  4.489922e+01  3.824508e+01  2.979083e+01
     vertex  4.235129e+01  3.727878e+01  2.979083e+01
     vertex  4.470068e+01  3.492627e+01  2.704128e+01
   endloop
 endfacet
 facet normal  6.263978e-02 -5.158850e-01  8.543646e-01
   outer loop
     vertex  4.059067e+01  4.047509e+01  3.184992e+01
     vertex  3.964614e+01  3.695031e+01  2.979083e+01
     vertex  4.235129e+01  3.727878e+01  2.979083e+01
   endloop
 endfacet
 facet normal  0.000000e+00 -5.044139e-01  8.634620e-01
   outer loop
     vertex  4.059067e+01  4.047509e+01  3.184992e+01
     vertex  3.870161e+01  4.047509e+01  3.184992e+01
     vertex  3.964614e+01  3.695031e+01  2.979083e+01
   endloop
 endfacet
 facet normal -7.665302e-02 -3.109935e-01  9.473159e-01
   outer loop
     vertex  3.868654e+01  4.436074e+01  3.312431e+01
     vertex  3.686744e+01  4.092717e+01  3.184992e+01
     vertex  3.870161e+01  4.047509e+01  3.184992e+01
   endloop
 endfacet
 facet normal -1.112891e-01 -2.934452e-01  9.494760e-01
   outer loop
     vertex  3.868654e+01  4.436074e+01  3.312431e+01
     vertex  3.778270e+01  4.470351e+01  3.312431e+01
     vertex  3.686744e+01  4.092717e+01  3.184992e+01
   endloop
 endfacet
 facet normal -3.820560e-02 -1.007399e-01  9.941790e-01
   outer loop
     vertex  3.868654e+01  4.436074e+01  3.312431e+01
     vertex  3.964614e+01  4.825399e+01  3.355569e+01
     vertex  3.778270e+01  4.470351e+01  3.312431e+01
   endloop
 endfacet
 facet normal  9.227335e-01 -5.581510e-02  3.813758e-01
   outer loop
     vertex  5.607743e+01  4.625887e+01  2.372711e+01
     vertex  5.773857e+01  4.825399e+01  2.000000e+01
     vertex  5.619811e+01  4.825399e+01  2.372711e+01
   endloop
 endfacet
 facet normal  8.207668e-01 -4.964725e-02  5.691019e-01
   outer loop
     vertex  5.607743e+01  4.625887e+01  2.372711e+01
     vertex  5.619811e+01  4.825399e+01  2.372711e+01
     vertex  5.390014e+01  4.825399e+01  2.704128e+01
   endloop
 endfacet
 facet normal  9.286085e-01 -1.127535e-01  3.535152e-01
   outer loop
     vertex  5.607743e+01  4.625887e+01  2.372711e+01
     vertex  5.721284e+01  4.392419e+01  2.000000e+01
     vertex  5.773857e+01  4.825399e+01  2.000000e+01
   endloop
 endfacet
 facet normal  8.868472e-01 -2.185882e-01  4.070887e-01
   outer loop
     vertex  5.607743e+01  4.625887e+01  2.372711e+01
     vertex  5.512250e+01  4.238458e+01  2.372711e+01
     vertex  5.721284e+01  4.392419e+01  2.000000e+01
   endloop
 endfacet
 facet normal  7.400411e-01 -3.884036e-01  5.490736e-01
   outer loop
     vertex  5.226743e+01  4.162983e+01  2.704128e+01
     vertex  5.326815e+01  3.885140e+01  2.372711e+01
     vertex  5.512250e+01  4.238458e+01  2.372711e+01
   endloop
 endfacet
 facet normal  6.663796e-01 -4.599687e-01  5.868279e-01
   outer loop
     vertex  5.226743e+01  4.162983e+01  2.704128e+01
     vertex  5.031541e+01  3.880184e+01  2.704128e+01
     vertex  5.326815e+01  3.885140e+01  2.372711e+01
   endloop
 endfacet
 facet normal  4.607147e-01 -5.200394e-01  7.192364e-01
   outer loop
     vertex  4.714187e+01  3.979307e+01  2.979083e+01
     vertex  4.774333e+01  3.652318e+01  2.704128e+01
     vertex  5.031541e+01  3.880184e+01  2.704128e+01
   endloop
 endfacet
 facet normal  3.815526e-01 -5.527744e-01  7.408496e-01
   outer loop
     vertex  4.714187e+01  3.979307e+01  2.979083e+01
     vertex  4.489922e+01  3.824508e+01  2.979083e+01
     vertex  4.774333e+01  3.652318e+01  2.704128e+01
   endloop
 endfacet
 facet normal  1.842789e-01 -4.859036e-01  8.543646e-01
   outer loop
     vertex  4.242484e+01  4.092717e+01  3.184992e+01
     vertex  4.235129e+01  3.727878e+01  2.979083e+01
     vertex  4.489922e+01  3.824508e+01  2.979083e+01
   endloop
 endfacet
 facet normal  1.207142e-01 -4.897566e-01  8.634620e-01
   outer loop
     vertex  4.242484e+01  4.092717e+01  3.184992e+01
     vertex  4.059067e+01  4.047509e+01  3.184992e+01
     vertex  4.235129e+01  3.727878e+01  2.979083e+01
   endloop
 endfacet
 facet normal -1.298678e-02 -1.069558e-01  9.941790e-01
   outer loop
     vertex  3.964614e+01  4.424422e+01  3.312431e+01
     vertex  3.964614e+01  4.825399e+01  3.355569e+01
     vertex  3.868654e+01  4.436074e+01  3.312431e+01
   endloop
 endfacet
 facet normal  0.000000e+00 -3.203009e-01  9.473159e-01
   outer loop
     vertex  3.964614e+01  4.424422e+01  3.312431e+01
     vertex  3.870161e+01  4.047509e+01  3.184992e+01
     vertex  4.059067e+01  4.047509e+01  3.184992e+01
   endloop
 endfacet
 facet normal -3.782919e-02 -3.115514e-01  9.494760e-01
   outer loop
     vertex  3.964614e+01  4.424422e+01  3.312431e+01
     vertex  3.868654e+01  4.436074e+01  3.312431e+01
     vertex  3.870161e+01  4.047509e+01  3.184992e+01
   endloop
 endfacet
 facet normal  8.114880e-01 -2.000138e-01  5.490736e-01
   outer loop
     vertex  5.348594e+01  4.484279e+01  2.704128e+01
     vertex  5.512250e+01  4.238458e+01  2.372711e+01
     vertex  5.607743e+01  4.625887e+01  2.372711e+01
   endloop
 endfacet
 facet normal  7.570936e-01 -2.871277e-01  5.868279e-01
   outer loop
     vertex  5.348594e+01  4.484279e+01  2.704128e+01
     vertex  5.226743e+01  4.162983e+01  2.704128e+01
     vertex  5.512250e+01  4.238458e+01  2.372711e+01
   endloop
 endfacet
 facet normal  8.038080e-01 -9.759996e-02  5.868279e-01
   outer loop
     vertex  5.348594e+01  4.484279e+01  2.704128e+01
     vertex  5.607743e+01  4.625887e+01  2.372711e+01
     vertex  5.390014e+01  4.825399e+01  2.704128e+01
   endloop
 endfacet
 facet normal  5.027530e-01 -4.454003e-01  7.408496e-01
   outer loop
     vertex  4.894889e+01  4.183277e+01  2.979083e+01
     vertex  4.714187e+01  3.979307e+01  2.979083e+01
     vertex  5.031541e+01  3.880184e+01  2.704128e+01
   endloop
 endfacet
 facet normal  5.717807e-01 -3.946717e-01  7.192364e-01
   outer loop
     vertex  4.894889e+01  4.183277e+01  2.979083e+01
     vertex  5.031541e+01  3.880184e+01  2.704128e+01
     vertex  5.226743e+01  4.162983e+01  2.704128e+01
   endloop
 endfacet
 facet normal  2.952085e-01 -4.276833e-01  8.543646e-01
   outer loop
     vertex  4.409752e+01  4.180506e+01  3.184992e+01
     vertex  4.489922e+01  3.824508e+01  2.979083e+01
     vertex  4.714187e+01  3.979307e+01  2.979083e+01
   endloop
 endfacet
 facet normal  2.344128e-01 -4.466363e-01  8.634620e-01
   outer loop
     vertex  4.409752e+01  4.180506e+01  3.184992e+01
     vertex  4.242484e+01  4.092717e+01  3.184992e+01
     vertex  4.489922e+01  3.824508e+01  2.979083e+01
   endloop
 endfacet
 facet normal  3.782919e-02 -3.115514e-01  9.494760e-01
   outer loop
     vertex  4.060574e+01  4.436074e+01  3.312431e+01
     vertex  3.964614e+01  4.424422e+01  3.312431e+01
     vertex  4.059067e+01  4.047509e+01  3.184992e+01
   endloop
 endfacet
 facet normal  7.665302e-02 -3.109935e-01  9.473159e-01
   outer loop
     vertex  4.060574e+01  4.436074e+01  3.312431e+01
     vertex  4.059067e+01  4.047509e+01  3.184992e+01
     vertex  4.242484e+01  4.092717e+01  3.184992e+01
   endloop
 endfacet
 facet normal  1.298678e-02 -1.069558e-01  9.941790e-01
   outer loop
     vertex  4.060574e+01  4.436074e+01  3.312431e+01
     vertex  3.964614e+01  4.825399e+01  3.355569e+01
     vertex  3.964614e+01  4.424422e+01  3.312431e+01
   endloop
 endfacet
 facet normal  6.496169e-01 -2.463672e-01  7.192364e-01
   outer loop
     vertex  5.021527e+01  4.424565e+01  2.979083e+01
     vertex  5.226743e+01  4.162983e+01  2.704128e+01
     vertex  5.348594e+01  4.484279e+01  2.704128e+01
   endloop
 endfacet
 facet normal  5.947351e-01 -3.121411e-01  7.408496e-01
   outer loop
     vertex  5.021527e+01  4.424565e+01  2.979083e+01
     vertex  4.894889e+01  4.183277e+01  2.979083e+01
     vertex  5.226743e+01  4.162983e+01  2.704128e+01
   endloop
 endfacet
 facet normal  3.344883e-01 -3.775592e-01  8.634620e-01
   outer loop
     vertex  4.551150e+01  4.305774e+01  3.184992e+01
     vertex  4.409752e+01  4.180506e+01  3.184992e+01
     vertex  4.714187e+01  3.979307e+01  2.979083e+01
   endloop
 endfacet
 facet normal  3.889816e-01 -3.446076e-01  8.543646e-01
   outer loop
     vertex  4.551150e+01  4.305774e+01  3.184992e+01
     vertex  4.714187e+01  3.979307e+01  2.979083e+01
     vertex  4.894889e+01  4.183277e+01  2.979083e+01
   endloop
 endfacet
 facet normal  1.488512e-01 -2.836124e-01  9.473159e-01
   outer loop
     vertex  4.150958e+01  4.470351e+01  3.312431e+01
     vertex  4.242484e+01  4.092717e+01  3.184992e+01
     vertex  4.409752e+01  4.180506e+01  3.184992e+01
   endloop
 endfacet
 facet normal  1.112891e-01 -2.934452e-01  9.494760e-01
   outer loop
     vertex  4.150958e+01  4.470351e+01  3.312431e+01
     vertex  4.060574e+01  4.436074e+01  3.312431e+01
     vertex  4.242484e+01  4.092717e+01  3.184992e+01
   endloop
 endfacet
 facet normal  3.820560e-02 -1.007399e-01  9.941790e-01
   outer loop
     vertex  4.150958e+01  4.470351e+01  3.312431e+01
     vertex  3.964614e+01  4.825399e+01  3.355569e+01
     vertex  4.060574e+01  4.436074e+01  3.312431e+01
   endloop
 endfacet
 facet normal  6.811978e-01 -4.120488e-02  7.309389e-01
   outer loop
     vertex  5.086740e+01  4.689149e+01  2.979083e+01
     vertex  5.390014e+01  4.825399e+01  2.704128e+01
     vertex  5.094982e+01  4.825399e+01  2.979083e+01
   endloop
 endfacet
 facet normal  5.103280e-01 -3.086915e-02  8.594257e-01
   outer loop
     vertex  5.086740e+01  4.689149e+01  2.979083e+01
     vertex  5.094982e+01  4.825399e+01  2.979083e+01
     vertex  4.748218e+01  4.825399e+01  3.184992e+01
   endloop
 endfacet
 facet normal  6.896998e-01 -8.374472e-02  7.192364e-01
   outer loop
     vertex  5.086740e+01  4.689149e+01  2.979083e+01
     vertex  5.348594e+01  4.484279e+01  2.704128e+01
     vertex  5.390014e+01  4.825399e+01  2.704128e+01
   endloop
 endfacet
 facet normal  6.521535e-01 -1.607414e-01  7.408496e-01
   outer loop
     vertex  5.086740e+01  4.689149e+01  2.979083e+01
     vertex  5.021527e+01  4.424565e+01  2.979083e+01
     vertex  5.348594e+01  4.484279e+01  2.704128e+01
   endloop
 endfacet
 facet normal  4.601485e-01 -2.415045e-01  8.543646e-01
   outer loop
     vertex  4.658461e+01  4.461240e+01  3.184992e+01
     vertex  4.894889e+01  4.183277e+01  2.979083e+01
     vertex  5.021527e+01  4.424565e+01  2.979083e+01
   endloop
 endfacet
 facet normal  4.151245e-01 -2.865398e-01  8.634620e-01
   outer loop
     vertex  4.658461e+01  4.461240e+01  3.184992e+01
     vertex  4.551150e+01  4.305774e+01  3.184992e+01
     vertex  4.894889e+01  4.183277e+01  2.979083e+01
   endloop
 endfacet
 facet normal  6.120405e-02 -8.866937e-02  9.941790e-01
   outer loop
     vertex  4.230511e+01  4.525263e+01  3.312431e+01
     vertex  3.964614e+01  4.825399e+01  3.355569e+01
     vertex  4.150958e+01  4.470351e+01  3.312431e+01
   endloop
 endfacet
 facet normal  2.123988e-01 -2.397487e-01  9.473159e-01
   outer loop
     vertex  4.230511e+01  4.525263e+01  3.312431e+01
     vertex  4.409752e+01  4.180506e+01  3.184992e+01
     vertex  4.551150e+01  4.305774e+01  3.184992e+01
   endloop
 endfacet
 facet normal  1.782812e-01 -2.582850e-01  9.494760e-01
   outer loop
     vertex  4.230511e+01  4.525263e+01  3.312431e+01
     vertex  4.150958e+01  4.470351e+01  3.312431e+01
     vertex  4.409752e+01  4.180506e+01  3.184992e+01
   endloop
 endfacet
 facet normal  5.007362e-01 -6.080038e-02  8.634620e-01
   outer loop
     vertex  4.725448e+01  4.637871e+01  3.184992e+01
     vertex  5.086740e+01  4.689149e+01  2.979083e+01
     vertex  4.748218e+01  4.825399e+01  3.184992e+01
   endloop
 endfacet
 facet normal  5.045732e-01 -1.243661e-01  8.543646e-01
   outer loop
     vertex  4.725448e+01  4.637871e+01  3.184992e+01
     vertex  5.021527e+01  4.424565e+01  2.979083e+01
     vertex  5.086740e+01  4.689149e+01  2.979083e+01
   endloop
 endfacet
 facet normal  4.716352e-01 -1.788676e-01  8.634620e-01
   outer loop
     vertex  4.725448e+01  4.637871e+01  3.184992e+01
     vertex  4.658461e+01  4.461240e+01  3.184992e+01
     vertex  5.021527e+01  4.424565e+01  2.979083e+01
   endloop
 endfacet
 facet normal  2.636025e-01 -1.819516e-01  9.473159e-01
   outer loop
     vertex  4.294612e+01  4.597618e+01  3.312431e+01
     vertex  4.551150e+01  4.305774e+01  3.184992e+01
     vertex  4.658461e+01  4.461240e+01  3.184992e+01
   endloop
 endfacet
 facet normal  8.064554e-02 -7.144571e-02  9.941790e-01
   outer loop
     vertex  4.294612e+01  4.597618e+01  3.312431e+01
     vertex  3.964614e+01  4.825399e+01  3.355569e+01
     vertex  4.230511e+01  4.525263e+01  3.312431e+01
   endloop
 endfacet
 facet normal  2.349124e-01 -2.081142e-01  9.494760e-01
   outer loop
     vertex  4.294612e+01  4.597618e+01  3.312431e+01
     vertex  4.230511e+01  4.525263e+01  3.312431e+01
     vertex  4.551150e+01  4.305774e+01  3.184992e+01
   endloop
 endfacet
 facet normal  2.994865e-01 -1.135803e-01  9.473159e-01
   outer loop
     vertex  4.339534e+01  4.683211e+01  3.312431e+01
     vertex  4.658461e+01  4.461240e+01  3.184992e+01
     vertex  4.725448e+01  4.637871e+01  3.184992e+01
   endloop
 endfacet
 facet normal  9.540020e-02 -5.006989e-02  9.941790e-01
   outer loop
     vertex  4.339534e+01  4.683211e+01  3.312431e+01
     vertex  3.964614e+01  4.825399e+01  3.355569e+01
     vertex  4.294612e+01  4.597618e+01  3.312431e+01
   endloop
 endfacet
 facet normal  2.778912e-01 -1.458486e-01  9.494760e-01
   outer loop
     vertex  4.339534e+01  4.683211e+01  3.312431e+01
     vertex  4.294612e+01  4.597618e+01  3.312431e+01
     vertex  4.658461e+01  4.461240e+01  3.184992e+01
   endloop
 endfacet
 facet normal  3.159413e-01 -1.911093e-02  9.485862e-01
   outer loop
     vertex  4.362668e+01  4.777067e+01  3.312431e+01
     vertex  4.748218e+01  4.825399e+01  3.184992e+01
     vertex  4.365592e+01  4.825399e+01  3.312431e+01
   endloop
 endfacet
 facet normal  1.069625e-01 -6.470042e-03  9.942420e-01
   outer loop
     vertex  4.362668e+01  4.777067e+01  3.312431e+01
     vertex  4.365592e+01  4.825399e+01  3.312431e+01
     vertex  3.964614e+01  4.825399e+01  3.355569e+01
   endloop
 endfacet
 facet normal  1.046106e-01 -2.578419e-02  9.941790e-01
   outer loop
     vertex  4.362668e+01  4.777067e+01  3.312431e+01
     vertex  3.964614e+01  4.825399e+01  3.355569e+01
     vertex  4.339534e+01  4.683211e+01  3.312431e+01
   endloop
 endfacet
 facet normal  3.179655e-01 -3.860801e-02  9.473159e-01
   outer loop
     vertex  4.362668e+01  4.777067e+01  3.312431e+01
     vertex  4.725448e+01  4.637871e+01  3.184992e+01
     vertex  4.748218e+01  4.825399e+01  3.184992e+01
   endloop
 endfacet
 facet normal  3.047201e-01 -7.510675e-02  9.494760e-01
   outer loop
     vertex  4.362668e+01  4.777067e+01  3.312431e+01
     vertex  4.339534e+01  4.683211e+01  3.312431e+01
     vertex  4.725448e+01  4.637871e+01  3.184992e+01
   endloop
 endfacet
 facet normal  5.329880e-01 -6.471647e-02 -8.436442e-01
   outer loop
     vertex  5.144325e+01  4.825399e+01 -3.552714e-15
     vertex  5.110045e+01  4.543076e+01  0.000000e+00
     vertex  4.785886e+01  4.825399e+01 -2.264510e+00
   endloop
 endfacet
 facet normal  1.124494e-01  6.801937e-03 -9.936342e-01
   outer loop
     vertex  4.382833e+01  4.876180e+01 -3.670716e+00
     vertex  4.385905e+01  4.825399e+01 -3.670716e+00
     vertex  3.964614e+01  4.825399e+01 -4.147490e+00
   endloop
 endfacet
 facet normal  3.316013e-01  2.005818e-02 -9.432064e-01
   outer loop
     vertex  4.382833e+01  4.876180e+01 -3.670716e+00
     vertex  4.785886e+01  4.825399e+01 -2.264510e+00
     vertex  4.385905e+01  4.825399e+01 -3.670716e+00
   endloop
 endfacet
 facet normal  1.099760e-01  2.710666e-02 -9.935645e-01
   outer loop
     vertex  4.358528e+01  4.974791e+01 -3.670716e+00
     vertex  4.382833e+01  4.876180e+01 -3.670716e+00
     vertex  3.964614e+01  4.825399e+01 -4.147490e+00
   endloop
 endfacet
 facet normal  1.002933e-01  5.263798e-02 -9.935645e-01
   outer loop
     vertex  4.311329e+01  5.064720e+01 -3.670716e+00
     vertex  4.358528e+01  4.974791e+01 -3.670716e+00
     vertex  3.964614e+01  4.825399e+01 -4.147490e+00
   endloop
 endfacet
 facet normal  8.478186e-02  7.511017e-02 -9.935645e-01
   outer loop
     vertex  4.243981e+01  5.140740e+01 -3.670716e+00
     vertex  4.311329e+01  5.064720e+01 -3.670716e+00
     vertex  3.964614e+01  4.825399e+01 -4.147490e+00
   endloop
 endfacet
 facet normal  5.329880e-01  6.471647e-02 -8.436442e-01
   outer loop
     vertex  4.762021e+01  5.021943e+01 -2.264510e+00
     vertex  5.110045e+01  5.107723e+01  0.000000e+00
     vertex  5.144325e+01  4.825399e+01 -3.552714e-15
   endloop
 endfacet
 facet normal  5.020127e-01  1.903883e-01 -8.436442e-01
   outer loop
     vertex  4.762021e+01  5.021943e+01 -2.264510e+00
     vertex  5.009197e+01  5.373639e+01  0.000000e+00
     vertex  5.110045e+01  5.107723e+01  0.000000e+00
   endloop
 endfacet
 facet normal  5.329880e-01  6.471647e-02 -8.436442e-01
   outer loop
     vertex  4.762021e+01  5.021943e+01 -2.264510e+00
     vertex  5.144325e+01  4.825399e+01 -3.552714e-15
     vertex  4.785886e+01  4.825399e+01 -2.264510e+00
   endloop
 endfacet
 facet normal  3.336922e-01  4.051757e-02 -9.418109e-01
   outer loop
     vertex  4.762021e+01  5.021943e+01 -2.264510e+00
     vertex  4.785886e+01  4.825399e+01 -2.264510e+00
     vertex  4.382833e+01  4.876180e+01 -3.670716e+00
   endloop
 endfacet
 facet normal  3.198434e-01  7.883432e-02 -9.441850e-01
   outer loop
     vertex  4.762021e+01  5.021943e+01 -2.264510e+00
     vertex  4.382833e+01  4.876180e+01 -3.670716e+00
     vertex  4.358528e+01  4.974791e+01 -3.670716e+00
   endloop
 endfacet
 facet normal  6.434321e-02  9.321724e-02 -9.935645e-01
   outer loop
     vertex  4.160398e+01  5.198434e+01 -3.670716e+00
     vertex  4.243981e+01  5.140740e+01 -3.670716e+00
     vertex  3.964614e+01  4.825399e+01 -4.147490e+00
   endloop
 endfacet
 facet normal  3.142992e-01  1.191980e-01 -9.418109e-01
   outer loop
     vertex  4.691814e+01  5.207063e+01 -2.264510e+00
     vertex  4.762021e+01  5.021943e+01 -2.264510e+00
     vertex  4.358528e+01  4.974791e+01 -3.670716e+00
   endloop
 endfacet
 facet normal  5.020127e-01  1.903883e-01 -8.436442e-01
   outer loop
     vertex  4.691814e+01  5.207063e+01 -2.264510e+00
     vertex  5.009197e+01  5.373639e+01  0.000000e+00
     vertex  4.762021e+01  5.021943e+01 -2.264510e+00
   endloop
 endfacet
 facet normal  2.916830e-01  1.530871e-01 -9.441850e-01
   outer loop
     vertex  4.691814e+01  5.207063e+01 -2.264510e+00
     vertex  4.358528e+01  4.974791e+01 -3.670716e+00
     vertex  4.311329e+01  5.064720e+01 -3.670716e+00
   endloop
 endfacet
 facet normal  4.016517e-02  1.059069e-01 -9.935645e-01
   outer loop
     vertex  4.065435e+01  5.234448e+01 -3.670716e+00
     vertex  4.160398e+01  5.198434e+01 -3.670716e+00
     vertex  3.964614e+01  4.825399e+01 -4.147490e+00
   endloop
 endfacet
 facet normal  4.418622e-01  3.049955e-01 -8.436442e-01
   outer loop
     vertex  4.579345e+01  5.370003e+01 -2.264510e+00
     vertex  4.847641e+01  5.607693e+01  0.000000e+00
     vertex  5.009197e+01  5.373639e+01  0.000000e+00
   endloop
 endfacet
 facet normal  3.560323e-01  4.018774e-01 -8.436442e-01
   outer loop
     vertex  4.579345e+01  5.370003e+01 -2.264510e+00
     vertex  4.634766e+01  5.796283e+01  0.000000e+00
     vertex  4.847641e+01  5.607693e+01  0.000000e+00
   endloop
 endfacet
 facet normal  2.766403e-01  1.909510e-01 -9.418109e-01
   outer loop
     vertex  4.579345e+01  5.370003e+01 -2.264510e+00
     vertex  4.691814e+01  5.207063e+01 -2.264510e+00
     vertex  4.311329e+01  5.064720e+01 -3.670716e+00
   endloop
 endfacet
 facet normal  2.465711e-01  2.184430e-01 -9.441850e-01
   outer loop
     vertex  4.579345e+01  5.370003e+01 -2.264510e+00
     vertex  4.311329e+01  5.064720e+01 -3.670716e+00
     vertex  4.243981e+01  5.140740e+01 -3.670716e+00
   endloop
 endfacet
 facet normal  4.418622e-01  3.049955e-01 -8.436442e-01
   outer loop
     vertex  4.579345e+01  5.370003e+01 -2.264510e+00
     vertex  5.009197e+01  5.373639e+01  0.000000e+00
     vertex  4.691814e+01  5.207063e+01 -2.264510e+00
   endloop
 endfacet
 facet normal  1.365288e-02  1.124415e-01 -9.935645e-01
   outer loop
     vertex  3.964614e+01  5.246690e+01 -3.670716e+00
     vertex  4.065435e+01  5.234448e+01 -3.670716e+00
     vertex  3.964614e+01  4.825399e+01 -4.147490e+00
   endloop
 endfacet
 facet normal  1.871294e-01  2.711037e-01 -9.441850e-01
   outer loop
     vertex  4.431150e+01  5.501293e+01 -2.264510e+00
     vertex  4.243981e+01  5.140740e+01 -3.670716e+00
     vertex  4.160398e+01  5.198434e+01 -3.670716e+00
   endloop
 endfacet
 facet normal  3.560323e-01  4.018774e-01 -8.436442e-01
   outer loop
     vertex  4.431150e+01  5.501293e+01 -2.264510e+00
     vertex  4.634766e+01  5.796283e+01  0.000000e+00
     vertex  4.579345e+01  5.370003e+01 -2.264510e+00
   endloop
 endfacet
 facet normal  2.229041e-01  2.516067e-01 -9.418109e-01
   outer loop
     vertex  4.431150e+01  5.501293e+01 -2.264510e+00
     vertex  4.579345e+01  5.370003e+01 -2.264510e+00
     vertex  4.243981e+01  5.140740e+01 -3.670716e+00
   endloop
 endfacet
 facet normal -1.365288e-02  1.124415e-01 -9.935645e-01
   outer loop
     vertex  3.863792e+01  5.234448e+01 -3.670716e+00
     vertex  3.964614e+01  5.246690e+01 -3.670716e+00
     vertex  3.964614e+01  4.825399e+01 -4.147490e+00
   endloop
 endfacet
 facet normal  2.495111e-01  4.754037e-01 -8.436442e-01
   outer loop
     vertex  4.255841e+01  5.593302e+01 -2.264510e+00
     vertex  4.382945e+01  5.928449e+01  0.000000e+00
     vertex  4.634766e+01  5.796283e+01  0.000000e+00
   endloop
 endfacet
 facet normal  1.284892e-01  5.213013e-01 -8.436442e-01
   outer loop
     vertex  4.255841e+01  5.593302e+01 -2.264510e+00
     vertex  4.106812e+01  5.996509e+01  0.000000e+00
     vertex  4.382945e+01  5.928449e+01  0.000000e+00
   endloop
 endfacet
 facet normal  1.562135e-01  2.976399e-01 -9.418109e-01
   outer loop
     vertex  4.255841e+01  5.593302e+01 -2.264510e+00
     vertex  4.431150e+01  5.501293e+01 -2.264510e+00
     vertex  4.160398e+01  5.198434e+01 -3.670716e+00
   endloop
 endfacet
 facet normal  2.495111e-01  4.754037e-01 -8.436442e-01
   outer loop
     vertex  4.255841e+01  5.593302e+01 -2.264510e+00
     vertex  4.634766e+01  5.796283e+01  0.000000e+00
     vertex  4.431150e+01  5.501293e+01 -2.264510e+00
   endloop
 endfacet
 facet normal  1.168124e-01  3.080090e-01 -9.441850e-01
   outer loop
     vertex  4.255841e+01  5.593302e+01 -2.264510e+00
     vertex  4.160398e+01  5.198434e+01 -3.670716e+00
     vertex  4.065435e+01  5.234448e+01 -3.670716e+00
   endloop
 endfacet
 facet normal -4.016517e-02  1.059069e-01 -9.935645e-01
   outer loop
     vertex  3.768830e+01  5.198434e+01 -3.670716e+00
     vertex  3.863792e+01  5.234448e+01 -3.670716e+00
     vertex  3.964614e+01  4.825399e+01 -4.147490e+00
   endloop
 endfacet
 facet normal  3.970667e-02  3.270138e-01 -9.441850e-01
   outer loop
     vertex  4.063607e+01  5.640683e+01 -2.264510e+00
     vertex  4.065435e+01  5.234448e+01 -3.670716e+00
     vertex  3.964614e+01  5.246690e+01 -3.670716e+00
   endloop
 endfacet
 facet normal  8.044429e-02  3.263753e-01 -9.418109e-01
   outer loop
     vertex  4.063607e+01  5.640683e+01 -2.264510e+00
     vertex  4.255841e+01  5.593302e+01 -2.264510e+00
     vertex  4.065435e+01  5.234448e+01 -3.670716e+00
   endloop
 endfacet
 facet normal  1.284892e-01  5.213013e-01 -8.436442e-01
   outer loop
     vertex  4.063607e+01  5.640683e+01 -2.264510e+00
     vertex  4.106812e+01  5.996509e+01  0.000000e+00
     vertex  4.255841e+01  5.593302e+01 -2.264510e+00
   endloop
 endfacet
 facet normal -6.434321e-02  9.321724e-02 -9.935645e-01
   outer loop
     vertex  3.685247e+01  5.140740e+01 -3.670716e+00
     vertex  3.768830e+01  5.198434e+01 -3.670716e+00
     vertex  3.964614e+01  4.825399e+01 -4.147490e+00
   endloop
 endfacet
 facet normal  0.000000e+00  3.361430e-01 -9.418109e-01
   outer loop
     vertex  3.865621e+01  5.640683e+01 -2.264510e+00
     vertex  4.063607e+01  5.640683e+01 -2.264510e+00
     vertex  3.964614e+01  5.246690e+01 -3.670716e+00
   endloop
 endfacet
 facet normal  0.000000e+00  5.369027e-01 -8.436442e-01
   outer loop
     vertex  3.865621e+01  5.640683e+01 -2.264510e+00
     vertex  3.822415e+01  5.996509e+01  0.000000e+00
     vertex  4.106812e+01  5.996509e+01  0.000000e+00
   endloop
 endfacet
 facet normal -1.284892e-01  5.213013e-01 -8.436442e-01
   outer loop
     vertex  3.865621e+01  5.640683e+01 -2.264510e+00
     vertex  3.546283e+01  5.928449e+01  0.000000e+00
     vertex  3.822415e+01  5.996509e+01  0.000000e+00
   endloop
 endfacet
 facet normal  0.000000e+00  5.369027e-01 -8.436442e-01
   outer loop
     vertex  3.865621e+01  5.640683e+01 -2.264510e+00
     vertex  4.106812e+01  5.996509e+01  0.000000e+00
     vertex  4.063607e+01  5.640683e+01 -2.264510e+00
   endloop
 endfacet
 facet normal -3.970667e-02  3.270138e-01 -9.441850e-01
   outer loop
     vertex  3.865621e+01  5.640683e+01 -2.264510e+00
     vertex  3.964614e+01  5.246690e+01 -3.670716e+00
     vertex  3.863792e+01  5.234448e+01 -3.670716e+00
   endloop
 endfacet
 facet normal -8.478186e-02  7.511017e-02 -9.935645e-01
   outer loop
     vertex  3.617899e+01  5.064720e+01 -3.670716e+00
     vertex  3.685247e+01  5.140740e+01 -3.670716e+00
     vertex  3.964614e+01  4.825399e+01 -4.147490e+00
   endloop
 endfacet
 facet normal -1.168124e-01  3.080090e-01 -9.441850e-01
   outer loop
     vertex  3.673387e+01  5.593302e+01 -2.264510e+00
     vertex  3.863792e+01  5.234448e+01 -3.670716e+00
     vertex  3.768830e+01  5.198434e+01 -3.670716e+00
   endloop
 endfacet
 facet normal -1.284892e-01  5.213013e-01 -8.436442e-01
   outer loop
     vertex  3.673387e+01  5.593302e+01 -2.264510e+00
     vertex  3.546283e+01  5.928449e+01  0.000000e+00
     vertex  3.865621e+01  5.640683e+01 -2.264510e+00
   endloop
 endfacet
 facet normal -8.044429e-02  3.263753e-01 -9.418109e-01
   outer loop
     vertex  3.673387e+01  5.593302e+01 -2.264510e+00
     vertex  3.865621e+01  5.640683e+01 -2.264510e+00
     vertex  3.863792e+01  5.234448e+01 -3.670716e+00
   endloop
 endfacet
 facet normal -1.002933e-01  5.263798e-02 -9.935645e-01
   outer loop
     vertex  3.570700e+01  4.974791e+01 -3.670716e+00
     vertex  3.617899e+01  5.064720e+01 -3.670716e+00
     vertex  3.964614e+01  4.825399e+01 -4.147490e+00
   endloop
 endfacet
 facet normal -2.495111e-01  4.754037e-01 -8.436442e-01
   outer loop
     vertex  3.498078e+01  5.501293e+01 -2.264510e+00
     vertex  3.546283e+01  5.928449e+01  0.000000e+00
     vertex  3.673387e+01  5.593302e+01 -2.264510e+00
   endloop
 endfacet
 facet normal -1.871294e-01  2.711037e-01 -9.441850e-01
   outer loop
     vertex  3.498078e+01  5.501293e+01 -2.264510e+00
     vertex  3.768830e+01  5.198434e+01 -3.670716e+00
     vertex  3.685247e+01  5.140740e+01 -3.670716e+00
   endloop
 endfacet
 facet normal -2.495111e-01  4.754037e-01 -8.436442e-01
   outer loop
     vertex  3.498078e+01  5.501293e+01 -2.264510e+00
     vertex  3.294462e+01  5.796283e+01  0.000000e+00
     vertex  3.546283e+01  5.928449e+01  0.000000e+00
   endloop
 endfacet
 facet normal -1.562135e-01  2.976399e-01 -9.418109e-01
   outer loop
     vertex  3.498078e+01  5.501293e+01 -2.264510e+00
     vertex  3.673387e+01  5.593302e+01 -2.264510e+00
     vertex  3.768830e+01  5.198434e+01 -3.670716e+00
   endloop
 endfacet
 facet normal -1.099760e-01  2.710666e-02 -9.935645e-01
   outer loop
     vertex  3.546395e+01  4.876180e+01 -3.670716e+00
     vertex  3.570700e+01  4.974791e+01 -3.670716e+00
     vertex  3.964614e+01  4.825399e+01 -4.147490e+00
   endloop
 endfacet
 facet normal -3.560323e-01  4.018774e-01 -8.436442e-01
   outer loop
     vertex  3.349883e+01  5.370003e+01 -2.264510e+00
     vertex  3.081587e+01  5.607693e+01  0.000000e+00
     vertex  3.294462e+01  5.796283e+01  0.000000e+00
   endloop
 endfacet
 facet normal -2.465711e-01  2.184430e-01 -9.441850e-01
   outer loop
     vertex  3.349883e+01  5.370003e+01 -2.264510e+00
     vertex  3.685247e+01  5.140740e+01 -3.670716e+00
     vertex  3.617899e+01  5.064720e+01 -3.670716e+00
   endloop
 endfacet
 facet normal -2.229041e-01  2.516067e-01 -9.418109e-01
   outer loop
     vertex  3.349883e+01  5.370003e+01 -2.264510e+00
     vertex  3.498078e+01  5.501293e+01 -2.264510e+00
     vertex  3.685247e+01  5.140740e+01 -3.670716e+00
   endloop
 endfacet
 facet normal -3.560323e-01  4.018774e-01 -8.436442e-01
   outer loop
     vertex  3.349883e+01  5.370003e+01 -2.264510e+00
     vertex  3.294462e+01  5.796283e+01  0.000000e+00
     vertex  3.498078e+01  5.501293e+01 -2.264510e+00
   endloop
 endfacet
 facet normal  0.000000e+00  0.000000e+00  0.000000e+00
   outer loop
     vertex  3.546395e+01  4.774618e+01 -3.670716e+00
     vertex  3.964614e+01  4.825399e+01 -4.147490e+00
     vertex  3.964614e+01  4.825399e+01 -4.147490e+00
   endloop
 endfacet
 facet normal -1.132674e-01  7.924356e-16 -9.935645e-01
   outer loop
     vertex  3.546395e+01  4.774618e+01 -3.670716e+00
     vertex  3.546395e+01  4.876180e+01 -3.670716e+00
     vertex  3.964614e+01  4.825399e+01 -4.147490e+00
   endloop
 endfacet
 facet normal -4.418622e-01  3.049955e-01 -8.436442e-01
   outer loop
     vertex  3.237414e+01  5.207063e+01 -2.264510e+00
     vertex  2.920031e+01  5.373639e+01  0.000000e+00
     vertex  3.081587e+01  5.607693e+01  0.000000e+00
   endloop
 endfacet
 facet normal -2.766403e-01  1.909510e-01 -9.418109e-01
   outer loop
     vertex  3.237414e+01  5.207063e+01 -2.264510e+00
     vertex  3.349883e+01  5.370003e+01 -2.264510e+00
     vertex  3.617899e+01  5.064720e+01 -3.670716e+00
   endloop
 endfacet
 facet normal -2.916830e-01  1.530871e-01 -9.441850e-01
   outer loop
     vertex  3.237414e+01  5.207063e+01 -2.264510e+00
     vertex  3.617899e+01  5.064720e+01 -3.670716e+00
     vertex  3.570700e+01  4.974791e+01 -3.670716e+00
   endloop
 endfacet
 facet normal -4.418622e-01  3.049955e-01 -8.436442e-01
   outer loop
     vertex  3.237414e+01  5.207063e+01 -2.264510e+00
     vertex  3.081587e+01  5.607693e+01  0.000000e+00
     vertex  3.349883e+01  5.370003e+01 -2.264510e+00
   endloop
 endfacet
 facet normal -1.099760e-01 -2.710666e-02 -9.935645e-01
   outer loop
     vertex  3.570700e+01  4.676008e+01 -3.670716e+00
     vertex  3.546395e+01  4.774618e+01 -3.670716e+00
     vertex  3.964614e+01  4.825399e+01 -4.147490e+00
   endloop
 endfacet
 facet normal -5.020127e-01  1.903883e-01 -8.436442e-01
   outer loop
     vertex  3.167207e+01  5.021943e+01 -2.264510e+00
     vertex  2.819183e+01  5.107723e+01  0.000000e+00
     vertex  2.920031e+01  5.373639e+01  0.000000e+00
   endloop
 endfacet
 facet normal -5.329880e-01  6.471647e-02 -8.436442e-01
   outer loop
     vertex  3.167207e+01  5.021943e+01 -2.264510e+00
     vertex  2.784903e+01  4.825399e+01  0.000000e+00
     vertex  2.819183e+01  5.107723e+01  0.000000e+00
   endloop
 endfacet
 facet normal -5.020127e-01  1.903883e-01 -8.436442e-01
   outer loop
     vertex  3.167207e+01  5.021943e+01 -2.264510e+00
     vertex  2.920031e+01  5.373639e+01  0.000000e+00
     vertex  3.237414e+01  5.207063e+01 -2.264510e+00
   endloop
 endfacet
 facet normal -3.198434e-01  7.883432e-02 -9.441850e-01
   outer loop
     vertex  3.167207e+01  5.021943e+01 -2.264510e+00
     vertex  3.570700e+01  4.974791e+01 -3.670716e+00
     vertex  3.546395e+01  4.876180e+01 -3.670716e+00
   endloop
 endfacet
 facet normal -3.142992e-01  1.191980e-01 -9.418109e-01
   outer loop
     vertex  3.167207e+01  5.021943e+01 -2.264510e+00
     vertex  3.237414e+01  5.207063e+01 -2.264510e+00
     vertex  3.570700e+01  4.974791e+01 -3.670716e+00
   endloop
 endfacet
 facet normal -1.002933e-01 -5.263798e-02 -9.935645e-01
   outer loop
     vertex  3.617899e+01  4.586079e+01 -3.670716e+00
     vertex  3.570700e+01  4.676008e+01 -3.670716e+00
     vertex  3.964614e+01  4.825399e+01 -4.147490e+00
   endloop
 endfacet
 facet normal -5.329880e-01  6.471647e-02 -8.436442e-01
   outer loop
     vertex  3.143342e+01  4.825399e+01 -2.264510e+00
     vertex  2.784903e+01  4.825399e+01  0.000000e+00
     vertex  3.167207e+01  5.021943e+01 -2.264510e+00
   endloop
 endfacet
 facet normal -3.336922e-01  4.051757e-02 -9.418109e-01
   outer loop
     vertex  3.143342e+01  4.825399e+01 -2.264510e+00
     vertex  3.167207e+01  5.021943e+01 -2.264510e+00
     vertex  3.546395e+01  4.876180e+01 -3.670716e+00
   endloop
 endfacet
 facet normal -3.294156e-01  2.253497e-15 -9.441850e-01
   outer loop
     vertex  3.143342e+01  4.825399e+01 -2.264510e+00
     vertex  3.546395e+01  4.876180e+01 -3.670716e+00
     vertex  3.546395e+01  4.774618e+01 -3.670716e+00
   endloop
 endfacet
 facet normal -8.478186e-02 -7.511017e-02 -9.935645e-01
   outer loop
     vertex  3.685247e+01  4.510059e+01 -3.670716e+00
     vertex  3.617899e+01  4.586079e+01 -3.670716e+00
     vertex  3.964614e+01  4.825399e+01 -4.147490e+00
   endloop
 endfacet
 facet normal -5.329880e-01 -6.471647e-02 -8.436442e-01
   outer loop
     vertex  3.167207e+01  4.628856e+01 -2.264510e+00
     vertex  2.819183e+01  4.543076e+01  0.000000e+00
     vertex  2.784903e+01  4.825399e+01  0.000000e+00
   endloop
 endfacet
 facet normal -3.336922e-01 -4.051757e-02 -9.418109e-01
   outer loop
     vertex  3.167207e+01  4.628856e+01 -2.264510e+00
     vertex  3.143342e+01  4.825399e+01 -2.264510e+00
     vertex  3.546395e+01  4.774618e+01 -3.670716e+00
   endloop
 endfacet
 facet normal -3.198434e-01 -7.883432e-02 -9.441850e-01
   outer loop
     vertex  3.167207e+01  4.628856e+01 -2.264510e+00
     vertex  3.546395e+01  4.774618e+01 -3.670716e+00
     vertex  3.570700e+01  4.676008e+01 -3.670716e+00
   endloop
 endfacet
 facet normal -5.329880e-01 -6.471647e-02 -8.436442e-01
   outer loop
     vertex  3.167207e+01  4.628856e+01 -2.264510e+00
     vertex  2.784903e+01  4.825399e+01  0.000000e+00
     vertex  3.143342e+01  4.825399e+01 -2.264510e+00
   endloop
 endfacet
 facet normal -6.434321e-02 -9.321724e-02 -9.935645e-01
   outer loop
     vertex  3.768830e+01  4.452365e+01 -3.670716e+00
     vertex  3.685247e+01  4.510059e+01 -3.670716e+00
     vertex  3.964614e+01  4.825399e+01 -4.147490e+00
   endloop
 endfacet
 facet normal -5.020127e-01 -1.903883e-01 -8.436442e-01
   outer loop
     vertex  3.237414e+01  4.443735e+01 -2.264510e+00
     vertex  2.920031e+01  4.277160e+01  0.000000e+00
     vertex  2.819183e+01  4.543076e+01  0.000000e+00
   endloop
 endfacet
 facet normal -4.418622e-01 -3.049955e-01 -8.436442e-01
   outer loop
     vertex  3.237414e+01  4.443735e+01 -2.264510e+00
     vertex  3.081587e+01  4.043106e+01  0.000000e+00
     vertex  2.920031e+01  4.277160e+01  0.000000e+00
   endloop
 endfacet
 facet normal -5.020127e-01 -1.903883e-01 -8.436442e-01
   outer loop
     vertex  3.237414e+01  4.443735e+01 -2.264510e+00
     vertex  2.819183e+01  4.543076e+01  0.000000e+00
     vertex  3.167207e+01  4.628856e+01 -2.264510e+00
   endloop
 endfacet
 facet normal -2.916830e-01 -1.530871e-01 -9.441850e-01
   outer loop
     vertex  3.237414e+01  4.443735e+01 -2.264510e+00
     vertex  3.570700e+01  4.676008e+01 -3.670716e+00
     vertex  3.617899e+01  4.586079e+01 -3.670716e+00
   endloop
 endfacet
 facet normal -3.142992e-01 -1.191980e-01 -9.418109e-01
   outer loop
     vertex  3.237414e+01  4.443735e+01 -2.264510e+00
     vertex  3.167207e+01  4.628856e+01 -2.264510e+00
     vertex  3.570700e+01  4.676008e+01 -3.670716e+00
   endloop
 endfacet
 facet normal -4.016517e-02 -1.059069e-01 -9.935645e-01
   outer loop
     vertex  3.863792e+01  4.416351e+01 -3.670716e+00
     vertex  3.768830e+01  4.452365e+01 -3.670716e+00
     vertex  3.964614e+01  4.825399e+01 -4.147490e+00
   endloop
 endfacet
 facet normal -2.465711e-01 -2.184430e-01 -9.441850e-01
   outer loop
     vertex  3.349883e+01  4.280795e+01 -2.264510e+00
     vertex  3.617899e+01  4.586079e+01 -3.670716e+00
     vertex  3.685247e+01  4.510059e+01 -3.670716e+00
   endloop
 endfacet
 facet normal -4.418622e-01 -3.049955e-01 -8.436442e-01
   outer loop
     vertex  3.349883e+01  4.280795e+01 -2.264510e+00
     vertex  3.081587e+01  4.043106e+01  0.000000e+00
     vertex  3.237414e+01  4.443735e+01 -2.264510e+00
   endloop
 endfacet
 facet normal -2.766403e-01 -1.909510e-01 -9.418109e-01
   outer loop
     vertex  3.349883e+01  4.280795e+01 -2.264510e+00
     vertex  3.237414e+01  4.443735e+01 -2.264510e+00
     vertex  3.617899e+01  4.586079e+01 -3.670716e+00
   endloop
 endfacet
 facet normal -1.365288e-02 -1.124415e-01 -9.935645e-01
   outer loop
     vertex  3.964614e+01  4.404109e+01 -3.670716e+00
     vertex  3.863792e+01  4.416351e+01 -3.670716e+00
     vertex  3.964614e+01  4.825399e+01 -4.147490e+00
   endloop
 endfacet
 facet normal -3.560323e-01 -4.018774e-01 -8.436442e-01
   outer loop
     vertex  3.498078e+01  4.149506e+01 -2.264510e+00
     vertex  3.294462e+01  3.854516e+01  0.000000e+00
     vertex  3.081587e+01  4.043106e+01  0.000000e+00
   endloop
 endfacet
 facet normal -2.229041e-01 -2.516067e-01 -9.418109e-01
   outer loop
     vertex  3.498078e+01  4.149506e+01 -2.264510e+00
     vertex  3.349883e+01  4.280795e+01 -2.264510e+00
     vertex  3.685247e+01  4.510059e+01 -3.670716e+00
   endloop
 endfacet
 facet normal -1.871294e-01 -2.711037e-01 -9.441850e-01
   outer loop
     vertex  3.498078e+01  4.149506e+01 -2.264510e+00
     vertex  3.685247e+01  4.510059e+01 -3.670716e+00
     vertex  3.768830e+01  4.452365e+01 -3.670716e+00
   endloop
 endfacet
 facet normal -3.560323e-01 -4.018774e-01 -8.436442e-01
   outer loop
     vertex  3.498078e+01  4.149506e+01 -2.264510e+00
     vertex  3.081587e+01  4.043106e+01  0.000000e+00
     vertex  3.349883e+01  4.280795e+01 -2.264510e+00
   endloop
 endfacet
 facet normal  1.365288e-02 -1.124415e-01 -9.935645e-01
   outer loop
     vertex  4.065435e+01  4.416351e+01 -3.670716e+00
     vertex  3.964614e+01  4.404109e+01 -3.670716e+00
     vertex  3.964614e+01  4.825399e+01 -4.147490e+00
   endloop
 endfacet
 facet normal -2.495111e-01 -4.754037e-01 -8.436442e-01
   outer loop
     vertex  3.673387e+01  4.057497e+01 -2.264510e+00
     vertex  3.546283e+01  3.722350e+01  0.000000e+00
     vertex  3.294462e+01  3.854516e+01  0.000000e+00
   endloop
 endfacet
 facet normal -1.284892e-01 -5.213013e-01 -8.436442e-01
   outer loop
     vertex  3.673387e+01  4.057497e+01 -2.264510e+00
     vertex  3.822415e+01  3.654289e+01  0.000000e+00
     vertex  3.546283e+01  3.722350e+01  0.000000e+00
   endloop
 endfacet
 facet normal -2.495111e-01 -4.754037e-01 -8.436442e-01
   outer loop
     vertex  3.673387e+01  4.057497e+01 -2.264510e+00
     vertex  3.294462e+01  3.854516e+01  0.000000e+00
     vertex  3.498078e+01  4.149506e+01 -2.264510e+00
   endloop
 endfacet
 facet normal -1.168124e-01 -3.080090e-01 -9.441850e-01
   outer loop
     vertex  3.673387e+01  4.057497e+01 -2.264510e+00
     vertex  3.768830e+01  4.452365e+01 -3.670716e+00
     vertex  3.863792e+01  4.416351e+01 -3.670716e+00
   endloop
 endfacet
 facet normal -1.562135e-01 -2.976399e-01 -9.418109e-01
   outer loop
     vertex  3.673387e+01  4.057497e+01 -2.264510e+00
     vertex  3.498078e+01  4.149506e+01 -2.264510e+00
     vertex  3.768830e+01  4.452365e+01 -3.670716e+00
   endloop
 endfacet
 facet normal  4.016517e-02 -1.059069e-01 -9.935645e-01
   outer loop
     vertex  4.160398e+01  4.452365e+01 -3.670716e+00
     vertex  4.065435e+01  4.416351e+01 -3.670716e+00
     vertex  3.964614e+01  4.825399e+01 -4.147490e+00
   endloop
 endfacet
 facet normal -3.970667e-02 -3.270138e-01 -9.441850e-01
   outer loop
     vertex  3.865621e+01  4.010116e+01 -2.264510e+00
     vertex  3.863792e+01  4.416351e+01 -3.670716e+00
     vertex  3.964614e+01  4.404109e+01 -3.670716e+00
   endloop
 endfacet
 facet normal -1.284892e-01 -5.213013e-01 -8.436442e-01
   outer loop
     vertex  3.865621e+01  4.010116e+01 -2.264510e+00
     vertex  3.822415e+01  3.654289e+01  0.000000e+00
     vertex  3.673387e+01  4.057497e+01 -2.264510e+00
   endloop
 endfacet
 facet normal -8.044429e-02 -3.263753e-01 -9.418109e-01
   outer loop
     vertex  3.865621e+01  4.010116e+01 -2.264510e+00
     vertex  3.673387e+01  4.057497e+01 -2.264510e+00
     vertex  3.863792e+01  4.416351e+01 -3.670716e+00
   endloop
 endfacet
 facet normal  6.434321e-02 -9.321724e-02 -9.935645e-01
   outer loop
     vertex  4.243981e+01  4.510059e+01 -3.670716e+00
     vertex  4.160398e+01  4.452365e+01 -3.670716e+00
     vertex  3.964614e+01  4.825399e+01 -4.147490e+00
   endloop
 endfacet
 facet normal -1.332813e-15 -5.369027e-01 -8.436442e-01
   outer loop
     vertex  4.063607e+01  4.010116e+01 -2.264510e+00
     vertex  4.106812e+01  3.654289e+01  0.000000e+00
     vertex  3.822415e+01  3.654289e+01  0.000000e+00
   endloop
 endfacet
 facet normal -1.206364e-15 -3.361430e-01 -9.418109e-01
   outer loop
     vertex  4.063607e+01  4.010116e+01 -2.264510e+00
     vertex  3.865621e+01  4.010116e+01 -2.264510e+00
     vertex  3.964614e+01  4.404109e+01 -3.670716e+00
   endloop
 endfacet
 facet normal -1.926858e-15 -5.369027e-01 -8.436442e-01
   outer loop
     vertex  4.063607e+01  4.010116e+01 -2.264510e+00
     vertex  3.822415e+01  3.654289e+01  0.000000e+00
     vertex  3.865621e+01  4.010116e+01 -2.264510e+00
   endloop
 endfacet
 facet normal  3.970667e-02 -3.270138e-01 -9.441850e-01
   outer loop
     vertex  4.063607e+01  4.010116e+01 -2.264510e+00
     vertex  3.964614e+01  4.404109e+01 -3.670716e+00
     vertex  4.065435e+01  4.416351e+01 -3.670716e+00
   endloop
 endfacet
 facet normal  8.478186e-02 -7.511017e-02 -9.935645e-01
   outer loop
     vertex  4.311329e+01  4.586079e+01 -3.670716e+00
     vertex  4.243981e+01  4.510059e+01 -3.670716e+00
     vertex  3.964614e+01  4.825399e+01 -4.147490e+00
   endloop
 endfacet
 facet normal  1.284892e-01 -5.213013e-01 -8.436442e-01
   outer loop
     vertex  4.255841e+01  4.057497e+01 -2.264510e+00
     vertex  4.382945e+01  3.722350e+01  0.000000e+00
     vertex  4.106812e+01  3.654289e+01  0.000000e+00
   endloop
 endfacet
 facet normal  1.284892e-01 -5.213013e-01 -8.436442e-01
   outer loop
     vertex  4.255841e+01  4.057497e+01 -2.264510e+00
     vertex  4.106812e+01  3.654289e+01  0.000000e+00
     vertex  4.063607e+01  4.010116e+01 -2.264510e+00
   endloop
 endfacet
 facet normal  1.168124e-01 -3.080090e-01 -9.441850e-01
   outer loop
     vertex  4.255841e+01  4.057497e+01 -2.264510e+00
     vertex  4.065435e+01  4.416351e+01 -3.670716e+00
     vertex  4.160398e+01  4.452365e+01 -3.670716e+00
   endloop
 endfacet
 facet normal  8.044429e-02 -3.263753e-01 -9.418109e-01
   outer loop
     vertex  4.255841e+01  4.057497e+01 -2.264510e+00
     vertex  4.063607e+01  4.010116e+01 -2.264510e+00
     vertex  4.065435e+01  4.416351e+01 -3.670716e+00
   endloop
 endfacet
 facet normal  1.002933e-01 -5.263798e-02 -9.935645e-01
   outer loop
     vertex  4.358528e+01  4.676008e+01 -3.670716e+00
     vertex  4.311329e+01  4.586079e+01 -3.670716e+00
     vertex  3.964614e+01  4.825399e+01 -4.147490e+00
   endloop
 endfacet
 facet normal  2.495111e-01 -4.754037e-01 -8.436442e-01
   outer loop
     vertex  4.431150e+01  4.149506e+01 -2.264510e+00
     vertex  4.634766e+01  3.854516e+01  0.000000e+00
     vertex  4.382945e+01  3.722350e+01  0.000000e+00
   endloop
 endfacet
 facet normal  2.495111e-01 -4.754037e-01 -8.436442e-01
   outer loop
     vertex  4.431150e+01  4.149506e+01 -2.264510e+00
     vertex  4.382945e+01  3.722350e+01  0.000000e+00
     vertex  4.255841e+01  4.057497e+01 -2.264510e+00
   endloop
 endfacet
 facet normal  1.871294e-01 -2.711037e-01 -9.441850e-01
   outer loop
     vertex  4.431150e+01  4.149506e+01 -2.264510e+00
     vertex  4.160398e+01  4.452365e+01 -3.670716e+00
     vertex  4.243981e+01  4.510059e+01 -3.670716e+00
   endloop
 endfacet
 facet normal  1.562135e-01 -2.976399e-01 -9.418109e-01
   outer loop
     vertex  4.431150e+01  4.149506e+01 -2.264510e+00
     vertex  4.255841e+01  4.057497e+01 -2.264510e+00
     vertex  4.160398e+01  4.452365e+01 -3.670716e+00
   endloop
 endfacet
 facet normal  1.124494e-01 -6.801937e-03 -9.936342e-01
   outer loop
     vertex  4.382833e+01  4.774618e+01 -3.670716e+00
     vertex  3.964614e+01  4.825399e+01 -4.147490e+00
     vertex  4.385905e+01  4.825399e+01 -3.670716e+00
   endloop
 endfacet
 facet normal  3.316013e-01 -2.005818e-02 -9.432064e-01
   outer loop
     vertex  4.382833e+01  4.774618e+01 -3.670716e+00
     vertex  4.385905e+01  4.825399e+01 -3.670716e+00
     vertex  4.785886e+01  4.825399e+01 -2.264510e+00
   endloop
 endfacet
 facet normal  1.099760e-01 -2.710666e-02 -9.935645e-01
   outer loop
     vertex  4.382833e+01  4.774618e+01 -3.670716e+00
     vertex  4.358528e+01  4.676008e+01 -3.670716e+00
     vertex  3.964614e+01  4.825399e+01 -4.147490e+00
   endloop
 endfacet
 facet normal  3.560323e-01 -4.018774e-01 -8.436442e-01
   outer loop
     vertex  4.579345e+01  4.280795e+01 -2.264510e+00
     vertex  4.847641e+01  4.043106e+01  0.000000e+00
     vertex  4.634766e+01  3.854516e+01  0.000000e+00
   endloop
 endfacet
 facet normal  3.560323e-01 -4.018774e-01 -8.436442e-01
   outer loop
     vertex  4.579345e+01  4.280795e+01 -2.264510e+00
     vertex  4.634766e+01  3.854516e+01  0.000000e+00
     vertex  4.431150e+01  4.149506e+01 -2.264510e+00
   endloop
 endfacet
 facet normal  2.465711e-01 -2.184430e-01 -9.441850e-01
   outer loop
     vertex  4.579345e+01  4.280795e+01 -2.264510e+00
     vertex  4.243981e+01  4.510059e+01 -3.670716e+00
     vertex  4.311329e+01  4.586079e+01 -3.670716e+00
   endloop
 endfacet
 facet normal  2.229041e-01 -2.516067e-01 -9.418109e-01
   outer loop
     vertex  4.579345e+01  4.280795e+01 -2.264510e+00
     vertex  4.431150e+01  4.149506e+01 -2.264510e+00
     vertex  4.243981e+01  4.510059e+01 -3.670716e+00
   endloop
 endfacet
 facet normal  4.418622e-01 -3.049955e-01 -8.436442e-01
   outer loop
     vertex  4.691814e+01  4.443735e+01 -2.264510e+00
     vertex  4.847641e+01  4.043106e+01  0.000000e+00
     vertex  4.579345e+01  4.280795e+01 -2.264510e+00
   endloop
 endfacet
 facet normal  2.766403e-01 -1.909510e-01 -9.418109e-01
   outer loop
     vertex  4.691814e+01  4.443735e+01 -2.264510e+00
     vertex  4.579345e+01  4.280795e+01 -2.264510e+00
     vertex  4.311329e+01  4.586079e+01 -3.670716e+00
   endloop
 endfacet
 facet normal  4.418622e-01 -3.049955e-01 -8.436442e-01
   outer loop
     vertex  4.691814e+01  4.443735e+01 -2.264510e+00
     vertex  5.009197e+01  4.277160e+01  0.000000e+00
     vertex  4.847641e+01  4.043106e+01  0.000000e+00
   endloop
 endfacet
 facet normal  5.020127e-01 -1.903883e-01 -8.436442e-01
   outer loop
     vertex  4.691814e+01  4.443735e+01 -2.264510e+00
     vertex  5.110045e+01  4.543076e+01  0.000000e+00
     vertex  5.009197e+01  4.277160e+01  0.000000e+00
   endloop
 endfacet
 facet normal  2.916830e-01 -1.530871e-01 -9.441850e-01
   outer loop
     vertex  4.691814e+01  4.443735e+01 -2.264510e+00
     vertex  4.311329e+01  4.586079e+01 -3.670716e+00
     vertex  4.358528e+01  4.676008e+01 -3.670716e+00
   endloop
 endfacet
 facet normal  5.329880e-01 -6.471647e-02 -8.436442e-01
   outer loop
     vertex  4.762021e+01  4.628856e+01 -2.264510e+00
     vertex  4.785886e+01  4.825399e+01 -2.264510e+00
     vertex  5.110045e+01  4.543076e+01  0.000000e+00
   endloop
 endfacet
 facet normal  3.336922e-01 -4.051757e-02 -9.418109e-01
   outer loop
     vertex  4.762021e+01  4.628856e+01 -2.264510e+00
     vertex  4.382833e+01  4.774618e+01 -3.670716e+00
     vertex  4.785886e+01  4.825399e+01 -2.264510e+00
   endloop
 endfacet
 facet normal  3.198434e-01 -7.883432e-02 -9.441850e-01
   outer loop
     vertex  4.762021e+01  4.628856e+01 -2.264510e+00
     vertex  4.358528e+01  4.676008e+01 -3.670716e+00
     vertex  4.382833e+01  4.774618e+01 -3.670716e+00
   endloop
 endfacet
 facet normal  3.142992e-01 -1.191980e-01 -9.418109e-01
   outer loop
     vertex  4.762021e+01  4.628856e+01 -2.264510e+00
     vertex  4.691814e+01  4.443735e+01 -2.264510e+00
     vertex  4.358528e+01  4.676008e+01 -3.670716e+00
   endloop
 endfacet
 facet normal  5.020127e-01 -1.903883e-01 -8.436442e-01
   outer loop
     vertex  4.762021e+01  4.628856e+01 -2.264510e+00
     vertex  5.110045e+01  4.543076e+01  0.000000e+00
     vertex  4.691814e+01  4.443735e+01 -2.264510e+00
   endloop
 endfacet
endsolid
