solid 
 facet normal -1.000000e+00  0.000000e+00  0.000000e+00
   outer loop
     vertex  0.000000e+00  0.000000e+00  2.000000e+01
     vertex  0.000000e+00  9.679917e+01  0.000000e+00
     vertex  0.000000e+00  0.000000e+00  0.000000e+00
   endloop
 endfacet
 facet normal -1.000000e+00  0.000000e+00  0.000000e+00
   outer loop
     vertex  0.000000e+00  0.000000e+00  2.000000e+01
     vertex  0.000000e+00  9.679917e+01  2.000000e+01
     vertex  0.000000e+00  9.679917e+01  0.000000e+00
   endloop
 endfacet
 facet normal  0.000000e+00 -1.000000e+00 -0.000000e+00
   outer loop
     vertex  1.197339e+02  0.000000e+00  2.000000e+01
     vertex  0.000000e+00  0.000000e+00  0.000000e+00
     vertex  1.197339e+02  0.000000e+00  0.000000e+00
   endloop
 endfacet
 facet normal -0.000000e+00 -1.000000e+00  0.000000e+00
   outer loop
     vertex  1.197339e+02  0.000000e+00  2.000000e+01
     vertex  0.000000e+00  0.000000e+00  2.000000e+01
     vertex  0.000000e+00  0.000000e+00  0.000000e+00
   endloop
 endfacet
 facet normal  0.000000e+00  0.000000e+00  1.000000e+00
   outer loop
     vertex  5.436141e+01  2.008973e+01  2.000000e+01
     vertex  5.100614e+01  2.306224e+01  2.000000e+01
     vertex  0.000000e+00  0.000000e+00  2.000000e+01
   endloop
 endfacet
 facet normal  0.000000e+00  0.000000e+00  1.000000e+00
   outer loop
     vertex  4.845974e+01  2.675134e+01  2.000000e+01
     vertex  0.000000e+00  0.000000e+00  2.000000e+01
     vertex  5.100614e+01  2.306224e+01  2.000000e+01
   endloop
 endfacet
 facet normal  0.000000e+00  0.000000e+00  1.000000e+00
   outer loop
     vertex  5.833056e+01  1.800656e+01  2.000000e+01
     vertex  5.436141e+01  2.008973e+01  2.000000e+01
     vertex  0.000000e+00  0.000000e+00  2.000000e+01
   endloop
 endfacet
 facet normal  0.000000e+00  0.000000e+00  1.000000e+00
   outer loop
     vertex  4.687019e+01  3.094264e+01  2.000000e+01
     vertex  0.000000e+00  0.000000e+00  2.000000e+01
     vertex  4.845974e+01  2.675134e+01  2.000000e+01
   endloop
 endfacet
 facet normal  0.000000e+00  0.000000e+00  1.000000e+00
   outer loop
     vertex  6.268290e+01  1.693380e+01  2.000000e+01
     vertex  5.833056e+01  1.800656e+01  2.000000e+01
     vertex  0.000000e+00  0.000000e+00  2.000000e+01
   endloop
 endfacet
 facet normal  0.000000e+00  0.000000e+00  1.000000e+00
   outer loop
     vertex  4.632987e+01  3.539256e+01  2.000000e+01
     vertex  0.000000e+00  0.000000e+00  2.000000e+01
     vertex  4.687019e+01  3.094264e+01  2.000000e+01
   endloop
 endfacet
 facet normal  0.000000e+00  0.000000e+00  1.000000e+00
   outer loop
     vertex  4.687019e+01  3.984247e+01  2.000000e+01
     vertex  0.000000e+00  0.000000e+00  2.000000e+01
     vertex  4.632987e+01  3.539256e+01  2.000000e+01
   endloop
 endfacet
 facet normal  0.000000e+00  0.000000e+00  1.000000e+00
   outer loop
     vertex  0.000000e+00  9.679917e+01  2.000000e+01
     vertex  4.687019e+01  3.984247e+01  2.000000e+01
     vertex  4.845974e+01  4.403377e+01  2.000000e+01
   endloop
 endfacet
 facet normal  0.000000e+00  0.000000e+00  1.000000e+00
   outer loop
     vertex  0.000000e+00  9.679917e+01  2.000000e+01
     vertex  0.000000e+00  0.000000e+00  2.000000e+01
     vertex  4.687019e+01  3.984247e+01  2.000000e+01
   endloop
 endfacet
 facet normal  0.000000e+00  0.000000e+00  1.000000e+00
   outer loop
     vertex  5.100614e+01  4.772288e+01  2.000000e+01
     vertex  0.000000e+00  9.679917e+01  2.000000e+01
     vertex  4.845974e+01  4.403377e+01  2.000000e+01
   endloop
 endfacet
 facet normal  0.000000e+00  0.000000e+00  1.000000e+00
   outer loop
     vertex  5.436141e+01  5.069539e+01  2.000000e+01
     vertex  0.000000e+00  9.679917e+01  2.000000e+01
     vertex  5.100614e+01  4.772288e+01  2.000000e+01
   endloop
 endfacet
 facet normal  0.000000e+00  0.000000e+00  1.000000e+00
   outer loop
     vertex  5.833056e+01  5.277855e+01  2.000000e+01
     vertex  0.000000e+00  9.679917e+01  2.000000e+01
     vertex  5.436141e+01  5.069539e+01  2.000000e+01
   endloop
 endfacet
 facet normal  0.000000e+00  0.000000e+00  1.000000e+00
   outer loop
     vertex  6.268290e+01  5.385131e+01  2.000000e+01
     vertex  0.000000e+00  9.679917e+01  2.000000e+01
     vertex  5.833056e+01  5.277855e+01  2.000000e+01
   endloop
 endfacet
 facet normal  0.000000e+00  0.000000e+00  1.000000e+00
   outer loop
     vertex  1.197339e+02  0.000000e+00  2.000000e+01
     vertex  6.716549e+01  1.693380e+01  2.000000e+01
     vertex  6.268290e+01  1.693380e+01  2.000000e+01
   endloop
 endfacet
 facet normal  0.000000e+00  0.000000e+00  1.000000e+00
   outer loop
     vertex  1.197339e+02  0.000000e+00  2.000000e+01
     vertex  7.151783e+01  1.800656e+01  2.000000e+01
     vertex  6.716549e+01  1.693380e+01  2.000000e+01
   endloop
 endfacet
 facet normal  0.000000e+00  0.000000e+00  1.000000e+00
   outer loop
     vertex  1.197339e+02  0.000000e+00  2.000000e+01
     vertex  7.548698e+01  2.008973e+01  2.000000e+01
     vertex  7.151783e+01  1.800656e+01  2.000000e+01
   endloop
 endfacet
 facet normal  0.000000e+00  0.000000e+00  1.000000e+00
   outer loop
     vertex  1.197339e+02  0.000000e+00  2.000000e+01
     vertex  7.884225e+01  2.306224e+01  2.000000e+01
     vertex  7.548698e+01  2.008973e+01  2.000000e+01
   endloop
 endfacet
 facet normal  0.000000e+00  0.000000e+00  1.000000e+00
   outer loop
     vertex  1.197339e+02  0.000000e+00  2.000000e+01
     vertex  8.138865e+01  2.675134e+01  2.000000e+01
     vertex  7.884225e+01  2.306224e+01  2.000000e+01
   endloop
 endfacet
 facet normal  0.000000e+00  0.000000e+00  1.000000e+00
   outer loop
     vertex  1.197339e+02  0.000000e+00  2.000000e+01
     vertex  8.297820e+01  3.094264e+01  2.000000e+01
     vertex  8.138865e+01  2.675134e+01  2.000000e+01
   endloop
 endfacet
 facet normal -1.829341e-15 -2.173012e-15  1.000000e+00
   outer loop
     vertex  1.197339e+02  0.000000e+00  2.000000e+01
     vertex  8.351852e+01  3.539256e+01  2.000000e+01
     vertex  8.297820e+01  3.094264e+01  2.000000e+01
   endloop
 endfacet
 facet normal  0.000000e+00  0.000000e+00  1.000000e+00
   outer loop
     vertex  1.197339e+02  0.000000e+00  2.000000e+01
     vertex  6.268290e+01  1.693380e+01  2.000000e+01
     vertex  0.000000e+00  0.000000e+00  2.000000e+01
   endloop
 endfacet
 facet normal  2.989791e-15  2.758161e-15  1.000000e+00
   outer loop
     vertex  8.297820e+01  3.984247e+01  2.000000e+01
     vertex  8.351852e+01  3.539256e+01  2.000000e+01
     vertex  1.197339e+02  0.000000e+00  2.000000e+01
   endloop
 endfacet
 facet normal  0.000000e+00  0.000000e+00  1.000000e+00
   outer loop
     vertex  1.197339e+02  9.679917e+01  2.000000e+01
     vertex  8.138865e+01  4.403377e+01  2.000000e+01
     vertex  8.297820e+01  3.984247e+01  2.000000e+01
   endloop
 endfacet
 facet normal  0.000000e+00  0.000000e+00  1.000000e+00
   outer loop
     vertex  1.197339e+02  9.679917e+01  2.000000e+01
     vertex  7.884225e+01  4.772288e+01  2.000000e+01
     vertex  8.138865e+01  4.403377e+01  2.000000e+01
   endloop
 endfacet
 facet normal  0.000000e+00  0.000000e+00  1.000000e+00
   outer loop
     vertex  1.197339e+02  9.679917e+01  2.000000e+01
     vertex  7.548698e+01  5.069539e+01  2.000000e+01
     vertex  7.884225e+01  4.772288e+01  2.000000e+01
   endloop
 endfacet
 facet normal  0.000000e+00  0.000000e+00  1.000000e+00
   outer loop
     vertex  1.197339e+02  9.679917e+01  2.000000e+01
     vertex  7.151783e+01  5.277855e+01  2.000000e+01
     vertex  7.548698e+01  5.069539e+01  2.000000e+01
   endloop
 endfacet
 facet normal  0.000000e+00  0.000000e+00  1.000000e+00
   outer loop
     vertex  1.197339e+02  9.679917e+01  2.000000e+01
     vertex  6.716549e+01  5.385131e+01  2.000000e+01
     vertex  7.151783e+01  5.277855e+01  2.000000e+01
   endloop
 endfacet
 facet normal  0.000000e+00  0.000000e+00  1.000000e+00
   outer loop
     vertex  1.197339e+02  9.679917e+01  2.000000e+01
     vertex  6.268290e+01  5.385131e+01  2.000000e+01
     vertex  6.716549e+01  5.385131e+01  2.000000e+01
   endloop
 endfacet
 facet normal  0.000000e+00  0.000000e+00  1.000000e+00
   outer loop
     vertex  1.197339e+02  9.679917e+01  2.000000e+01
     vertex  0.000000e+00  9.679917e+01  2.000000e+01
     vertex  6.268290e+01  5.385131e+01  2.000000e+01
   endloop
 endfacet
 facet normal  0.000000e+00  0.000000e+00  1.000000e+00
   outer loop
     vertex  1.197339e+02  9.679917e+01  2.000000e+01
     vertex  8.297820e+01  3.984247e+01  2.000000e+01
     vertex  1.197339e+02  0.000000e+00  2.000000e+01
   endloop
 endfacet
 facet normal  0.000000e+00  1.000000e+00  0.000000e+00
   outer loop
     vertex  1.197339e+02  9.679917e+01  2.000000e+01
     vertex  1.197339e+02  9.679917e+01  0.000000e+00
     vertex  0.000000e+00  9.679917e+01  0.000000e+00
   endloop
 endfacet
 facet normal  0.000000e+00  1.000000e+00  0.000000e+00
   outer loop
     vertex  1.197339e+02  9.679917e+01  2.000000e+01
     vertex  0.000000e+00  9.679917e+01  0.000000e+00
     vertex  0.000000e+00  9.679917e+01  2.000000e+01
   endloop
 endfacet
 facet normal -0.000000e+00  0.000000e+00 -1.000000e+00
   outer loop
     vertex  6.054100e+01  2.904240e+01  0.000000e+00
     vertex  0.000000e+00  0.000000e+00  0.000000e+00
     vertex  5.914867e+01  3.027589e+01  0.000000e+00
   endloop
 endfacet
 facet normal  0.000000e+00 -0.000000e+00 -1.000000e+00
   outer loop
     vertex  5.809200e+01  3.180674e+01  0.000000e+00
     vertex  5.914867e+01  3.027589e+01  0.000000e+00
     vertex  0.000000e+00  0.000000e+00  0.000000e+00
   endloop
 endfacet
 facet normal -0.000000e+00  0.000000e+00 -1.000000e+00
   outer loop
     vertex  6.218806e+01  2.817795e+01  0.000000e+00
     vertex  0.000000e+00  0.000000e+00  0.000000e+00
     vertex  6.054100e+01  2.904240e+01  0.000000e+00
   endloop
 endfacet
 facet normal  0.000000e+00 -0.000000e+00 -1.000000e+00
   outer loop
     vertex  5.743239e+01  3.354599e+01  0.000000e+00
     vertex  5.809200e+01  3.180674e+01  0.000000e+00
     vertex  0.000000e+00  0.000000e+00  0.000000e+00
   endloop
 endfacet
 facet normal -0.000000e+00  0.000000e+00 -1.000000e+00
   outer loop
     vertex  6.399413e+01  2.773279e+01  0.000000e+00
     vertex  0.000000e+00  0.000000e+00  0.000000e+00
     vertex  6.218806e+01  2.817795e+01  0.000000e+00
   endloop
 endfacet
 facet normal  0.000000e+00 -0.000000e+00 -1.000000e+00
   outer loop
     vertex  5.720817e+01  3.539256e+01  0.000000e+00
     vertex  5.743239e+01  3.354599e+01  0.000000e+00
     vertex  0.000000e+00  0.000000e+00  0.000000e+00
   endloop
 endfacet
 facet normal  0.000000e+00  0.000000e+00 -1.000000e+00
   outer loop
     vertex  5.743239e+01  3.723912e+01  0.000000e+00
     vertex  5.720817e+01  3.539256e+01  0.000000e+00
     vertex  0.000000e+00  0.000000e+00  0.000000e+00
   endloop
 endfacet
 facet normal  0.000000e+00  0.000000e+00 -1.000000e+00
   outer loop
     vertex  0.000000e+00  9.679917e+01  0.000000e+00
     vertex  5.743239e+01  3.723912e+01  0.000000e+00
     vertex  0.000000e+00  0.000000e+00  0.000000e+00
   endloop
 endfacet
 facet normal -0.000000e+00  0.000000e+00 -1.000000e+00
   outer loop
     vertex  5.809200e+01  3.897837e+01  0.000000e+00
     vertex  5.743239e+01  3.723912e+01  0.000000e+00
     vertex  0.000000e+00  9.679917e+01  0.000000e+00
   endloop
 endfacet
 facet normal -0.000000e+00  0.000000e+00 -1.000000e+00
   outer loop
     vertex  5.914867e+01  4.050923e+01  0.000000e+00
     vertex  5.809200e+01  3.897837e+01  0.000000e+00
     vertex  0.000000e+00  9.679917e+01  0.000000e+00
   endloop
 endfacet
 facet normal -0.000000e+00  0.000000e+00 -1.000000e+00
   outer loop
     vertex  6.054100e+01  4.174272e+01  0.000000e+00
     vertex  5.914867e+01  4.050923e+01  0.000000e+00
     vertex  0.000000e+00  9.679917e+01  0.000000e+00
   endloop
 endfacet
 facet normal -0.000000e+00  0.000000e+00 -1.000000e+00
   outer loop
     vertex  6.218806e+01  4.260716e+01  0.000000e+00
     vertex  6.054100e+01  4.174272e+01  0.000000e+00
     vertex  0.000000e+00  9.679917e+01  0.000000e+00
   endloop
 endfacet
 facet normal -0.000000e+00  0.000000e+00 -1.000000e+00
   outer loop
     vertex  6.399413e+01  4.305232e+01  0.000000e+00
     vertex  6.218806e+01  4.260716e+01  0.000000e+00
     vertex  0.000000e+00  9.679917e+01  0.000000e+00
   endloop
 endfacet
 facet normal  1.674130e-15  2.127235e-15 -1.000000e+00
   outer loop
     vertex  1.197339e+02  0.000000e+00  0.000000e+00
     vertex  7.264022e+01  3.539256e+01 -3.552714e-15
     vertex  7.241600e+01  3.723912e+01  0.000000e+00
   endloop
 endfacet
 facet normal  0.000000e+00  0.000000e+00 -1.000000e+00
   outer loop
     vertex  1.197339e+02  0.000000e+00  0.000000e+00
     vertex  6.399413e+01  2.773279e+01  0.000000e+00
     vertex  6.585426e+01  2.773279e+01  0.000000e+00
   endloop
 endfacet
 facet normal  0.000000e+00  0.000000e+00 -1.000000e+00
   outer loop
     vertex  1.197339e+02  0.000000e+00  0.000000e+00
     vertex  6.585426e+01  2.773279e+01  0.000000e+00
     vertex  6.766033e+01  2.817795e+01  0.000000e+00
   endloop
 endfacet
 facet normal  0.000000e+00  0.000000e+00 -1.000000e+00
   outer loop
     vertex  1.197339e+02  0.000000e+00  0.000000e+00
     vertex  6.766033e+01  2.817795e+01  0.000000e+00
     vertex  6.930739e+01  2.904240e+01  0.000000e+00
   endloop
 endfacet
 facet normal  0.000000e+00  0.000000e+00 -1.000000e+00
   outer loop
     vertex  1.197339e+02  0.000000e+00  0.000000e+00
     vertex  6.930739e+01  2.904240e+01  0.000000e+00
     vertex  7.069972e+01  3.027589e+01  0.000000e+00
   endloop
 endfacet
 facet normal  0.000000e+00  0.000000e+00 -1.000000e+00
   outer loop
     vertex  1.197339e+02  0.000000e+00  0.000000e+00
     vertex  7.069972e+01  3.027589e+01  0.000000e+00
     vertex  7.175639e+01  3.180674e+01  0.000000e+00
   endloop
 endfacet
 facet normal  0.000000e+00  0.000000e+00 -1.000000e+00
   outer loop
     vertex  1.197339e+02  0.000000e+00  0.000000e+00
     vertex  7.175639e+01  3.180674e+01  0.000000e+00
     vertex  7.241600e+01  3.354599e+01  0.000000e+00
   endloop
 endfacet
 facet normal -1.255879e-15 -1.771467e-15 -1.000000e+00
   outer loop
     vertex  1.197339e+02  0.000000e+00  0.000000e+00
     vertex  7.241600e+01  3.354599e+01  0.000000e+00
     vertex  7.264022e+01  3.539256e+01 -3.552714e-15
   endloop
 endfacet
 facet normal  0.000000e+00  0.000000e+00 -1.000000e+00
   outer loop
     vertex  1.197339e+02  0.000000e+00  0.000000e+00
     vertex  0.000000e+00  0.000000e+00  0.000000e+00
     vertex  6.399413e+01  2.773279e+01  0.000000e+00
   endloop
 endfacet
 facet normal  0.000000e+00  0.000000e+00 -1.000000e+00
   outer loop
     vertex  1.197339e+02  9.679917e+01  0.000000e+00
     vertex  7.241600e+01  3.723912e+01  0.000000e+00
     vertex  7.175639e+01  3.897837e+01  0.000000e+00
   endloop
 endfacet
 facet normal  0.000000e+00  0.000000e+00 -1.000000e+00
   outer loop
     vertex  1.197339e+02  9.679917e+01  0.000000e+00
     vertex  7.175639e+01  3.897837e+01  0.000000e+00
     vertex  7.069972e+01  4.050923e+01  0.000000e+00
   endloop
 endfacet
 facet normal  0.000000e+00  0.000000e+00 -1.000000e+00
   outer loop
     vertex  1.197339e+02  9.679917e+01  0.000000e+00
     vertex  7.069972e+01  4.050923e+01  0.000000e+00
     vertex  6.930739e+01  4.174272e+01  0.000000e+00
   endloop
 endfacet
 facet normal  0.000000e+00  0.000000e+00 -1.000000e+00
   outer loop
     vertex  1.197339e+02  9.679917e+01  0.000000e+00
     vertex  6.930739e+01  4.174272e+01  0.000000e+00
     vertex  6.766033e+01  4.260716e+01  0.000000e+00
   endloop
 endfacet
 facet normal  0.000000e+00  0.000000e+00 -1.000000e+00
   outer loop
     vertex  1.197339e+02  9.679917e+01  0.000000e+00
     vertex  6.766033e+01  4.260716e+01  0.000000e+00
     vertex  6.585426e+01  4.305232e+01  0.000000e+00
   endloop
 endfacet
 facet normal  0.000000e+00  0.000000e+00 -1.000000e+00
   outer loop
     vertex  1.197339e+02  9.679917e+01  0.000000e+00
     vertex  6.585426e+01  4.305232e+01  0.000000e+00
     vertex  6.399413e+01  4.305232e+01  0.000000e+00
   endloop
 endfacet
 facet normal  0.000000e+00 -0.000000e+00 -1.000000e+00
   outer loop
     vertex  1.197339e+02  9.679917e+01  0.000000e+00
     vertex  1.197339e+02  0.000000e+00  0.000000e+00
     vertex  7.241600e+01  3.723912e+01  0.000000e+00
   endloop
 endfacet
 facet normal -0.000000e+00  0.000000e+00 -1.000000e+00
   outer loop
     vertex  1.197339e+02  9.679917e+01  0.000000e+00
     vertex  6.399413e+01  4.305232e+01  0.000000e+00
     vertex  0.000000e+00  9.679917e+01  0.000000e+00
   endloop
 endfacet
 facet normal  1.000000e+00  0.000000e+00  0.000000e+00
   outer loop
     vertex  1.197339e+02  0.000000e+00  2.000000e+01
     vertex  1.197339e+02  0.000000e+00  0.000000e+00
     vertex  1.197339e+02  9.679917e+01  0.000000e+00
   endloop
 endfacet
 facet normal  1.000000e+00 -0.000000e+00  0.000000e+00
   outer loop
     vertex  1.197339e+02  0.000000e+00  2.000000e+01
     vertex  1.197339e+02  9.679917e+01  0.000000e+00
     vertex  1.197339e+02  9.679917e+01  2.000000e+01
   endloop
 endfacet
 facet normal  9.621216e-01  5.819763e-02  2.663364e-01
   outer loop
     vertex  8.220749e+01  3.749113e+01  2.427745e+01
     vertex  8.233443e+01  3.539256e+01  2.427745e+01
     vertex  8.351852e+01  3.539256e+01  2.000000e+01
   endloop
 endfacet
 facet normal  8.731996e-01  5.281884e-02  4.844922e-01
   outer loop
     vertex  8.220749e+01  3.749113e+01  2.427745e+01
     vertex  8.018109e+01  3.539256e+01  2.815841e+01
     vertex  8.233443e+01  3.539256e+01  2.427745e+01
   endloop
 endfacet
 facet normal  9.641644e-01  1.170708e-01  2.380786e-01
   outer loop
     vertex  8.220749e+01  3.749113e+01  2.427745e+01
     vertex  8.351852e+01  3.539256e+01  2.000000e+01
     vertex  8.297820e+01  3.984247e+01  2.000000e+01
   endloop
 endfacet
 facet normal  9.283167e-01  2.288095e-01  2.930431e-01
   outer loop
     vertex  8.120305e+01  4.156631e+01  2.427745e+01
     vertex  8.220749e+01  3.749113e+01  2.427745e+01
     vertex  8.297820e+01  3.984247e+01  2.000000e+01
   endloop
 endfacet
 facet normal  9.081307e-01  3.444085e-01  2.380786e-01
   outer loop
     vertex  8.120305e+01  4.156631e+01  2.427745e+01
     vertex  8.297820e+01  3.984247e+01  2.000000e+01
     vertex  8.138865e+01  4.403377e+01  2.000000e+01
   endloop
 endfacet
 facet normal  7.993197e-01  5.517305e-01  2.380786e-01
   outer loop
     vertex  7.925254e+01  4.528270e+01  2.427745e+01
     vertex  8.138865e+01  4.403377e+01  2.000000e+01
     vertex  7.884225e+01  4.772288e+01  2.000000e+01
   endloop
 endfacet
 facet normal  8.465838e-01  4.443215e-01  2.930431e-01
   outer loop
     vertex  7.925254e+01  4.528270e+01  2.427745e+01
     vertex  8.120305e+01  4.156631e+01  2.427745e+01
     vertex  8.138865e+01  4.403377e+01  2.000000e+01
   endloop
 endfacet
 facet normal  8.574150e-01  1.041090e-01  5.039849e-01
   outer loop
     vertex  7.973775e+01  3.904377e+01  2.815841e+01
     vertex  8.018109e+01  3.539256e+01  2.815841e+01
     vertex  8.220749e+01  3.749113e+01  2.427745e+01
   endloop
 endfacet
 facet normal  8.606813e-01  2.121389e-01  4.628443e-01
   outer loop
     vertex  7.973775e+01  3.904377e+01  2.815841e+01
     vertex  8.220749e+01  3.749113e+01  2.427745e+01
     vertex  8.120305e+01  4.156631e+01  2.427745e+01
   endloop
 endfacet
 facet normal  6.440551e-01  7.269880e-01  2.380786e-01
   outer loop
     vertex  7.646931e+01  4.842430e+01  2.427745e+01
     vertex  7.884225e+01  4.772288e+01  2.000000e+01
     vertex  7.548698e+01  5.069539e+01  2.000000e+01
   endloop
 endfacet
 facet normal  7.156506e-01  6.340111e-01  2.930431e-01
   outer loop
     vertex  7.646931e+01  4.842430e+01  2.427745e+01
     vertex  7.925254e+01  4.528270e+01  2.427745e+01
     vertex  7.884225e+01  4.772288e+01  2.000000e+01
   endloop
 endfacet
 facet normal  7.849033e-01  4.119490e-01  4.628443e-01
   outer loop
     vertex  7.843351e+01  4.248279e+01  2.815841e+01
     vertex  8.120305e+01  4.156631e+01  2.427745e+01
     vertex  7.925254e+01  4.528270e+01  2.427745e+01
   endloop
 endfacet
 facet normal  8.075852e-01  3.062767e-01  5.039849e-01
   outer loop
     vertex  7.843351e+01  4.248279e+01  2.815841e+01
     vertex  7.973775e+01  3.904377e+01  2.815841e+01
     vertex  8.120305e+01  4.156631e+01  2.427745e+01
   endloop
 endfacet
 facet normal  7.356759e-01  4.450020e-02  6.758703e-01
   outer loop
     vertex  7.708904e+01  3.686964e+01  3.142681e+01
     vertex  7.717839e+01  3.539256e+01  3.142681e+01
     vertex  8.018109e+01  3.539256e+01  2.815841e+01
   endloop
 endfacet
 facet normal  5.570778e-01  3.369700e-02  8.297764e-01
   outer loop
     vertex  7.708904e+01  3.686964e+01  3.142681e+01
     vertex  7.349348e+01  3.539256e+01  3.390070e+01
     vertex  7.717839e+01  3.539256e+01  3.142681e+01
   endloop
 endfacet
 facet normal  7.435148e-01  9.027904e-02  6.625975e-01
   outer loop
     vertex  7.708904e+01  3.686964e+01  3.142681e+01
     vertex  8.018109e+01  3.539256e+01  2.815841e+01
     vertex  7.973775e+01  3.904377e+01  2.815841e+01
   endloop
 endfacet
 facet normal  5.431263e-01  7.868543e-01  2.930431e-01
   outer loop
     vertex  7.301513e+01  5.080855e+01  2.427745e+01
     vertex  7.646931e+01  4.842430e+01  2.427745e+01
     vertex  7.548698e+01  5.069539e+01  2.000000e+01
   endloop
 endfacet
 facet normal  4.513605e-01  8.599955e-01  2.380786e-01
   outer loop
     vertex  7.301513e+01  5.080855e+01  2.427745e+01
     vertex  7.548698e+01  5.069539e+01  2.000000e+01
     vertex  7.151783e+01  5.277855e+01  2.000000e+01
   endloop
 endfacet
 facet normal  6.635096e-01  5.878182e-01  4.628443e-01
   outer loop
     vertex  7.634415e+01  4.550975e+01  2.815841e+01
     vertex  7.925254e+01  4.528270e+01  2.427745e+01
     vertex  7.646931e+01  4.842430e+01  2.427745e+01
   endloop
 endfacet
 facet normal  7.108214e-01  4.906446e-01  5.039849e-01
   outer loop
     vertex  7.634415e+01  4.550975e+01  2.815841e+01
     vertex  7.843351e+01  4.248279e+01  2.815841e+01
     vertex  7.925254e+01  4.528270e+01  2.427745e+01
   endloop
 endfacet
 facet normal  7.003044e-01  2.655904e-01  6.625975e-01
   outer loop
     vertex  7.638207e+01  3.973795e+01  3.142681e+01
     vertex  7.973775e+01  3.904377e+01  2.815841e+01
     vertex  7.843351e+01  4.248279e+01  2.815841e+01
   endloop
 endfacet
 facet normal  7.053244e-01  1.738468e-01  6.872371e-01
   outer loop
     vertex  7.638207e+01  3.973795e+01  3.142681e+01
     vertex  7.708904e+01  3.686964e+01  3.142681e+01
     vertex  7.973775e+01  3.904377e+01  2.815841e+01
   endloop
 endfacet
 facet normal  2.324344e-01  9.430232e-01  2.380786e-01
   outer loop
     vertex  6.909074e+01  5.229688e+01  2.427745e+01
     vertex  7.151783e+01  5.277855e+01  2.000000e+01
     vertex  6.716549e+01  5.385131e+01  2.000000e+01
   endloop
 endfacet
 facet normal  3.390375e-01  8.939683e-01  2.930431e-01
   outer loop
     vertex  6.909074e+01  5.229688e+01  2.427745e+01
     vertex  7.301513e+01  5.080855e+01  2.427745e+01
     vertex  7.151783e+01  5.277855e+01  2.000000e+01
   endloop
 endfacet
 facet normal  5.727473e-01  6.464980e-01  5.039849e-01
   outer loop
     vertex  7.359110e+01  4.794874e+01  2.815841e+01
     vertex  7.634415e+01  4.550975e+01  2.815841e+01
     vertex  7.646931e+01  4.842430e+01  2.427745e+01
   endloop
 endfacet
 facet normal  5.035551e-01  7.295255e-01  4.628443e-01
   outer loop
     vertex  7.359110e+01  4.794874e+01  2.815841e+01
     vertex  7.646931e+01  4.842430e+01  2.427745e+01
     vertex  7.301513e+01  5.080855e+01  2.427745e+01
   endloop
 endfacet
 facet normal  6.432246e-01  3.375903e-01  6.872371e-01
   outer loop
     vertex  7.500920e+01  4.235373e+01  3.142681e+01
     vertex  7.638207e+01  3.973795e+01  3.142681e+01
     vertex  7.843351e+01  4.248279e+01  2.815841e+01
   endloop
 endfacet
 facet normal  6.163949e-01  4.254667e-01  6.625975e-01
   outer loop
     vertex  7.500920e+01  4.235373e+01  3.142681e+01
     vertex  7.843351e+01  4.248279e+01  2.815841e+01
     vertex  7.634415e+01  4.550975e+01  2.815841e+01
   endloop
 endfacet
 facet normal  5.503607e-01  1.356517e-01  8.238335e-01
   outer loop
     vertex  7.324448e+01  3.744332e+01  3.390070e+01
     vertex  7.708904e+01  3.686964e+01  3.142681e+01
     vertex  7.638207e+01  3.973795e+01  3.142681e+01
   endloop
 endfacet
 facet normal  5.469214e-01  6.640829e-02  8.345459e-01
   outer loop
     vertex  7.324448e+01  3.744332e+01  3.390070e+01
     vertex  7.349348e+01  3.539256e+01  3.390070e+01
     vertex  7.708904e+01  3.686964e+01  3.142681e+01
   endloop
 endfacet
 facet normal  0.000000e+00  9.712459e-01  2.380786e-01
   outer loop
     vertex  6.492419e+01  5.280279e+01  2.427745e+01
     vertex  6.716549e+01  5.385131e+01  2.000000e+01
     vertex  6.268290e+01  5.385131e+01  2.000000e+01
   endloop
 endfacet
 facet normal  1.152450e-01  9.491282e-01  2.930431e-01
   outer loop
     vertex  6.492419e+01  5.280279e+01  2.427745e+01
     vertex  6.909074e+01  5.229688e+01  2.427745e+01
     vertex  6.716549e+01  5.385131e+01  2.000000e+01
   endloop
 endfacet
 facet normal  4.013872e-01  7.647794e-01  5.039849e-01
   outer loop
     vertex  7.033436e+01  4.965800e+01  2.815841e+01
     vertex  7.359110e+01  4.794874e+01  2.815841e+01
     vertex  7.301513e+01  5.080855e+01  2.427745e+01
   endloop
 endfacet
 facet normal  3.143358e-01  8.288354e-01  4.628443e-01
   outer loop
     vertex  7.033436e+01  4.965800e+01  2.815841e+01
     vertex  7.301513e+01  5.080855e+01  2.427745e+01
     vertex  6.909074e+01  5.229688e+01  2.427745e+01
   endloop
 endfacet
 facet normal  5.437430e-01  4.817143e-01  6.872371e-01
   outer loop
     vertex  7.305023e+01  4.456495e+01  3.142681e+01
     vertex  7.500920e+01  4.235373e+01  3.142681e+01
     vertex  7.634415e+01  4.550975e+01  2.815841e+01
   endloop
 endfacet
 facet normal  4.966627e-01  5.606163e-01  6.625975e-01
   outer loop
     vertex  7.305023e+01  4.456495e+01  3.142681e+01
     vertex  7.634415e+01  4.550975e+01  2.815841e+01
     vertex  7.359110e+01  4.794874e+01  2.815841e+01
   endloop
 endfacet
 facet normal  5.151364e-01  1.953654e-01  8.345459e-01
   outer loop
     vertex  7.251192e+01  3.937490e+01  3.390070e+01
     vertex  7.324448e+01  3.744332e+01  3.390070e+01
     vertex  7.638207e+01  3.973795e+01  3.142681e+01
   endloop
 endfacet
 facet normal  5.019047e-01  2.634199e-01  8.238335e-01
   outer loop
     vertex  7.251192e+01  3.937490e+01  3.390070e+01
     vertex  7.638207e+01  3.973795e+01  3.142681e+01
     vertex  7.500920e+01  4.235373e+01  3.142681e+01
   endloop
 endfacet
 facet normal -2.324344e-01  9.430232e-01  2.380786e-01
   outer loop
     vertex  6.075765e+01  5.229688e+01  2.427745e+01
     vertex  6.268290e+01  5.385131e+01  2.000000e+01
     vertex  5.833056e+01  5.277855e+01  2.000000e+01
   endloop
 endfacet
 facet normal -1.152450e-01  9.491282e-01  2.930431e-01
   outer loop
     vertex  6.075765e+01  5.229688e+01  2.427745e+01
     vertex  6.492419e+01  5.280279e+01  2.427745e+01
     vertex  6.268290e+01  5.385131e+01  2.000000e+01
   endloop
 endfacet
 facet normal  3.472760e-01  2.100633e-02  9.375277e-01
   outer loop
     vertex  6.929939e+01  3.592380e+01  3.544236e+01
     vertex  6.933152e+01  3.539256e+01  3.544236e+01
     vertex  7.349348e+01  3.539256e+01  3.390070e+01
   endloop
 endfacet
 facet normal  1.179704e-01  7.135897e-03  9.929915e-01
   outer loop
     vertex  6.929939e+01  3.592380e+01  3.544236e+01
     vertex  6.492419e+01  3.539256e+01  3.596597e+01
     vertex  6.933152e+01  3.539256e+01  3.544236e+01
   endloop
 endfacet
 facet normal  3.494285e-01  4.242831e-02  9.360019e-01
   outer loop
     vertex  6.929939e+01  3.592380e+01  3.544236e+01
     vertex  7.349348e+01  3.539256e+01  3.390070e+01
     vertex  7.324448e+01  3.744332e+01  3.390070e+01
   endloop
 endfacet
 facet normal  2.066999e-01  8.386145e-01  5.039849e-01
   outer loop
     vertex  6.676321e+01  5.053821e+01  2.815841e+01
     vertex  7.033436e+01  4.965800e+01  2.815841e+01
     vertex  6.909074e+01  5.229688e+01  2.427745e+01
   endloop
 endfacet
 facet normal  1.068485e-01  8.799764e-01  4.628443e-01
   outer loop
     vertex  6.676321e+01  5.053821e+01  2.815841e+01
     vertex  6.909074e+01  5.229688e+01  2.427745e+01
     vertex  6.492419e+01  5.280279e+01  2.427745e+01
   endloop
 endfacet
 facet normal  3.480664e-01  6.631850e-01  6.625975e-01
   outer loop
     vertex  7.061900e+01  4.624311e+01  3.142681e+01
     vertex  7.359110e+01  4.794874e+01  2.815841e+01
     vertex  7.033436e+01  4.965800e+01  2.815841e+01
   endloop
 endfacet
 facet normal  4.126611e-01  5.978428e-01  6.872371e-01
   outer loop
     vertex  7.061900e+01  4.624311e+01  3.142681e+01
     vertex  7.305023e+01  4.456495e+01  3.142681e+01
     vertex  7.359110e+01  4.794874e+01  2.815841e+01
   endloop
 endfacet
 facet normal  4.242797e-01  3.758790e-01  8.238335e-01
   outer loop
     vertex  7.133840e+01  4.107505e+01  3.390070e+01
     vertex  7.500920e+01  4.235373e+01  3.142681e+01
     vertex  7.305023e+01  4.456495e+01  3.142681e+01
   endloop
 endfacet
 facet normal  4.534134e-01  3.129687e-01  8.345459e-01
   outer loop
     vertex  7.133840e+01  4.107505e+01  3.390070e+01
     vertex  7.251192e+01  3.937490e+01  3.390070e+01
     vertex  7.500920e+01  4.235373e+01  3.142681e+01
   endloop
 endfacet
 facet normal -4.513605e-01  8.599955e-01  2.380786e-01
   outer loop
     vertex  5.683326e+01  5.080855e+01  2.427745e+01
     vertex  5.833056e+01  5.277855e+01  2.000000e+01
     vertex  5.436141e+01  5.069539e+01  2.000000e+01
   endloop
 endfacet
 facet normal -3.390375e-01  8.939683e-01  2.930431e-01
   outer loop
     vertex  5.683326e+01  5.080855e+01  2.427745e+01
     vertex  6.075765e+01  5.229688e+01  2.427745e+01
     vertex  5.833056e+01  5.277855e+01  2.000000e+01
   endloop
 endfacet
 facet normal  1.153748e-01  2.843734e-02  9.929149e-01
   outer loop
     vertex  6.904512e+01  3.695542e+01  3.544236e+01
     vertex  6.492419e+01  3.539256e+01  3.596597e+01
     vertex  6.929939e+01  3.592380e+01  3.544236e+01
   endloop
 endfacet
 facet normal  3.349838e-01  8.256609e-02  9.385993e-01
   outer loop
     vertex  6.904512e+01  3.695542e+01  3.544236e+01
     vertex  6.929939e+01  3.592380e+01  3.544236e+01
     vertex  7.324448e+01  3.744332e+01  3.390070e+01
   endloop
 endfacet
 facet normal  3.291210e-01  1.248191e-01  9.360019e-01
   outer loop
     vertex  6.904512e+01  3.695542e+01  3.544236e+01
     vertex  7.324448e+01  3.744332e+01  3.390070e+01
     vertex  7.251192e+01  3.937490e+01  3.390070e+01
   endloop
 endfacet
 facet normal -0.000000e+00  8.637124e-01  5.039849e-01
   outer loop
     vertex  6.308518e+01  5.053821e+01  2.815841e+01
     vertex  6.676321e+01  5.053821e+01  2.815841e+01
     vertex  6.492419e+01  5.280279e+01  2.427745e+01
   endloop
 endfacet
 facet normal -1.068485e-01  8.799764e-01  4.628443e-01
   outer loop
     vertex  6.308518e+01  5.053821e+01  2.815841e+01
     vertex  6.492419e+01  5.280279e+01  2.427745e+01
     vertex  6.075765e+01  5.229688e+01  2.427745e+01
   endloop
 endfacet
 facet normal  1.792416e-01  7.272118e-01  6.625975e-01
   outer loop
     vertex  6.785682e+01  4.729067e+01  3.142681e+01
     vertex  7.033436e+01  4.965800e+01  2.815841e+01
     vertex  6.676321e+01  5.053821e+01  2.815841e+01
   endloop
 endfacet
 facet normal  2.575968e-01  6.792268e-01  6.872371e-01
   outer loop
     vertex  6.785682e+01  4.729067e+01  3.142681e+01
     vertex  7.061900e+01  4.624311e+01  3.142681e+01
     vertex  7.033436e+01  4.965800e+01  2.815841e+01
   endloop
 endfacet
 facet normal  3.653397e-01  4.123833e-01  8.345459e-01
   outer loop
     vertex  6.979211e+01  4.244494e+01  3.390070e+01
     vertex  7.133840e+01  4.107505e+01  3.390070e+01
     vertex  7.305023e+01  4.456495e+01  3.142681e+01
   endloop
 endfacet
 facet normal  3.219972e-01  4.664935e-01  8.238335e-01
   outer loop
     vertex  6.979211e+01  4.244494e+01  3.390070e+01
     vertex  7.305023e+01  4.456495e+01  3.142681e+01
     vertex  7.061900e+01  4.624311e+01  3.142681e+01
   endloop
 endfacet
 facet normal -6.440551e-01  7.269880e-01  2.380786e-01
   outer loop
     vertex  5.337908e+01  4.842430e+01  2.427745e+01
     vertex  5.436141e+01  5.069539e+01  2.000000e+01
     vertex  5.100614e+01  4.772288e+01  2.000000e+01
   endloop
 endfacet
 facet normal -5.431263e-01  7.868543e-01  2.930431e-01
   outer loop
     vertex  5.337908e+01  4.842430e+01  2.427745e+01
     vertex  5.683326e+01  5.080855e+01  2.427745e+01
     vertex  5.436141e+01  5.069539e+01  2.000000e+01
   endloop
 endfacet
 facet normal  1.052167e-01  5.522200e-02  9.929149e-01
   outer loop
     vertex  6.855135e+01  3.789620e+01  3.544236e+01
     vertex  6.492419e+01  3.539256e+01  3.596597e+01
     vertex  6.904512e+01  3.695542e+01  3.544236e+01
   endloop
 endfacet
 facet normal  2.896862e-01  1.999559e-01  9.360019e-01
   outer loop
     vertex  6.855135e+01  3.789620e+01  3.544236e+01
     vertex  7.251192e+01  3.937490e+01  3.390070e+01
     vertex  7.133840e+01  4.107505e+01  3.390070e+01
   endloop
 endfacet
 facet normal  3.054904e-01  1.603337e-01  9.385993e-01
   outer loop
     vertex  6.855135e+01  3.789620e+01  3.544236e+01
     vertex  6.904512e+01  3.695542e+01  3.544236e+01
     vertex  7.251192e+01  3.937490e+01  3.390070e+01
   endloop
 endfacet
 facet normal -3.143358e-01  8.288354e-01  4.628443e-01
   outer loop
     vertex  5.951403e+01  4.965800e+01  2.815841e+01
     vertex  6.075765e+01  5.229688e+01  2.427745e+01
     vertex  5.683326e+01  5.080855e+01  2.427745e+01
   endloop
 endfacet
 facet normal -2.066999e-01  8.386145e-01  5.039849e-01
   outer loop
     vertex  5.951403e+01  4.965800e+01  2.815841e+01
     vertex  6.308518e+01  5.053821e+01  2.815841e+01
     vertex  6.075765e+01  5.229688e+01  2.427745e+01
   endloop
 endfacet
 facet normal  8.756185e-02  7.211367e-01  6.872371e-01
   outer loop
     vertex  6.492419e+01  4.764675e+01  3.142681e+01
     vertex  6.785682e+01  4.729067e+01  3.142681e+01
     vertex  6.676321e+01  5.053821e+01  2.815841e+01
   endloop
 endfacet
 facet normal  0.000000e+00  7.489757e-01  6.625975e-01
   outer loop
     vertex  6.492419e+01  4.764675e+01  3.142681e+01
     vertex  6.676321e+01  5.053821e+01  2.815841e+01
     vertex  6.308518e+01  5.053821e+01  2.815841e+01
   endloop
 endfacet
 facet normal  2.010013e-01  5.299970e-01  8.238335e-01
   outer loop
     vertex  6.796291e+01  4.340498e+01  3.390070e+01
     vertex  7.061900e+01  4.624311e+01  3.142681e+01
     vertex  6.785682e+01  4.729067e+01  3.142681e+01
   endloop
 endfacet
 facet normal  2.560338e-01  4.878317e-01  8.345459e-01
   outer loop
     vertex  6.796291e+01  4.340498e+01  3.390070e+01
     vertex  6.979211e+01  4.244494e+01  3.390070e+01
     vertex  7.061900e+01  4.624311e+01  3.142681e+01
   endloop
 endfacet
 facet normal -7.993197e-01  5.517305e-01  2.380786e-01
   outer loop
     vertex  5.059585e+01  4.528270e+01  2.427745e+01
     vertex  5.100614e+01  4.772288e+01  2.000000e+01
     vertex  4.845974e+01  4.403377e+01  2.000000e+01
   endloop
 endfacet
 facet normal -7.156506e-01  6.340111e-01  2.930431e-01
   outer loop
     vertex  5.059585e+01  4.528270e+01  2.427745e+01
     vertex  5.337908e+01  4.842430e+01  2.427745e+01
     vertex  5.100614e+01  4.772288e+01  2.000000e+01
   endloop
 endfacet
 facet normal  2.334158e-01  2.634720e-01  9.360019e-01
   outer loop
     vertex  6.784679e+01  3.869149e+01  3.544236e+01
     vertex  7.133840e+01  4.107505e+01  3.390070e+01
     vertex  6.979211e+01  4.244494e+01  3.390070e+01
   endloop
 endfacet
 facet normal  8.894383e-02  7.879736e-02  9.929149e-01
   outer loop
     vertex  6.784679e+01  3.869149e+01  3.544236e+01
     vertex  6.492419e+01  3.539256e+01  3.596597e+01
     vertex  6.855135e+01  3.789620e+01  3.544236e+01
   endloop
 endfacet
 facet normal  2.582430e-01  2.287834e-01  9.385993e-01
   outer loop
     vertex  6.784679e+01  3.869149e+01  3.544236e+01
     vertex  6.855135e+01  3.789620e+01  3.544236e+01
     vertex  7.133840e+01  4.107505e+01  3.390070e+01
   endloop
 endfacet
 facet normal -4.013872e-01  7.647794e-01  5.039849e-01
   outer loop
     vertex  5.625729e+01  4.794874e+01  2.815841e+01
     vertex  5.951403e+01  4.965800e+01  2.815841e+01
     vertex  5.683326e+01  5.080855e+01  2.427745e+01
   endloop
 endfacet
 facet normal -5.035551e-01  7.295255e-01  4.628443e-01
   outer loop
     vertex  5.625729e+01  4.794874e+01  2.815841e+01
     vertex  5.683326e+01  5.080855e+01  2.427745e+01
     vertex  5.337908e+01  4.842430e+01  2.427745e+01
   endloop
 endfacet
 facet normal -8.756185e-02  7.211367e-01  6.872371e-01
   outer loop
     vertex  6.199157e+01  4.729067e+01  3.142681e+01
     vertex  6.492419e+01  4.764675e+01  3.142681e+01
     vertex  6.308518e+01  5.053821e+01  2.815841e+01
   endloop
 endfacet
 facet normal -1.792416e-01  7.272118e-01  6.625975e-01
   outer loop
     vertex  6.199157e+01  4.729067e+01  3.142681e+01
     vertex  6.308518e+01  5.053821e+01  2.815841e+01
     vertex  5.951403e+01  4.965800e+01  2.815841e+01
   endloop
 endfacet
 facet normal  6.832403e-02  5.626990e-01  8.238335e-01
   outer loop
     vertex  6.595711e+01  4.389937e+01  3.390070e+01
     vertex  6.785682e+01  4.729067e+01  3.142681e+01
     vertex  6.492419e+01  4.764675e+01  3.142681e+01
   endloop
 endfacet
 facet normal  1.318482e-01  5.349291e-01  8.345459e-01
   outer loop
     vertex  6.595711e+01  4.389937e+01  3.390070e+01
     vertex  6.796291e+01  4.340498e+01  3.390070e+01
     vertex  6.785682e+01  4.729067e+01  3.142681e+01
   endloop
 endfacet
 facet normal -9.081307e-01  3.444085e-01  2.380786e-01
   outer loop
     vertex  4.864534e+01  4.156631e+01  2.427745e+01
     vertex  4.845974e+01  4.403377e+01  2.000000e+01
     vertex  4.687019e+01  3.984247e+01  2.000000e+01
   endloop
 endfacet
 facet normal -8.465838e-01  4.443215e-01  2.930431e-01
   outer loop
     vertex  4.864534e+01  4.156631e+01  2.427745e+01
     vertex  5.059585e+01  4.528270e+01  2.427745e+01
     vertex  4.845974e+01  4.403377e+01  2.000000e+01
   endloop
 endfacet
 facet normal  6.750184e-02  9.779330e-02  9.929149e-01
   outer loop
     vertex  6.697238e+01  3.929505e+01  3.544236e+01
     vertex  6.492419e+01  3.539256e+01  3.596597e+01
     vertex  6.784679e+01  3.869149e+01  3.544236e+01
   endloop
 endfacet
 facet normal  1.635802e-01  3.116761e-01  9.360019e-01
   outer loop
     vertex  6.697238e+01  3.929505e+01  3.544236e+01
     vertex  6.979211e+01  4.244494e+01  3.390070e+01
     vertex  6.796291e+01  4.340498e+01  3.390070e+01
   endloop
 endfacet
 facet normal  1.959875e-01  2.839370e-01  9.385993e-01
   outer loop
     vertex  6.697238e+01  3.929505e+01  3.544236e+01
     vertex  6.784679e+01  3.869149e+01  3.544236e+01
     vertex  6.979211e+01  4.244494e+01  3.390070e+01
   endloop
 endfacet
 facet normal -5.727473e-01  6.464980e-01  5.039849e-01
   outer loop
     vertex  5.350424e+01  4.550975e+01  2.815841e+01
     vertex  5.625729e+01  4.794874e+01  2.815841e+01
     vertex  5.337908e+01  4.842430e+01  2.427745e+01
   endloop
 endfacet
 facet normal -6.635096e-01  5.878182e-01  4.628443e-01
   outer loop
     vertex  5.350424e+01  4.550975e+01  2.815841e+01
     vertex  5.337908e+01  4.842430e+01  2.427745e+01
     vertex  5.059585e+01  4.528270e+01  2.427745e+01
   endloop
 endfacet
 facet normal -3.480664e-01  6.631850e-01  6.625975e-01
   outer loop
     vertex  5.922939e+01  4.624311e+01  3.142681e+01
     vertex  5.951403e+01  4.965800e+01  2.815841e+01
     vertex  5.625729e+01  4.794874e+01  2.815841e+01
   endloop
 endfacet
 facet normal -2.575968e-01  6.792268e-01  6.872371e-01
   outer loop
     vertex  5.922939e+01  4.624311e+01  3.142681e+01
     vertex  6.199157e+01  4.729067e+01  3.142681e+01
     vertex  5.951403e+01  4.965800e+01  2.815841e+01
   endloop
 endfacet
 facet normal -6.832403e-02  5.626990e-01  8.238335e-01
   outer loop
     vertex  6.389128e+01  4.389937e+01  3.390070e+01
     vertex  6.492419e+01  4.764675e+01  3.142681e+01
     vertex  6.199157e+01  4.729067e+01  3.142681e+01
   endloop
 endfacet
 facet normal -0.000000e+00  5.509384e-01  8.345459e-01
   outer loop
     vertex  6.389128e+01  4.389937e+01  3.390070e+01
     vertex  6.595711e+01  4.389937e+01  3.390070e+01
     vertex  6.492419e+01  4.764675e+01  3.142681e+01
   endloop
 endfacet
 facet normal -9.641644e-01  1.170708e-01  2.380786e-01
   outer loop
     vertex  4.764090e+01  3.749113e+01  2.427745e+01
     vertex  4.687019e+01  3.984247e+01  2.000000e+01
     vertex  4.632987e+01  3.539256e+01  2.000000e+01
   endloop
 endfacet
 facet normal -9.283167e-01  2.288095e-01  2.930431e-01
   outer loop
     vertex  4.764090e+01  3.749113e+01  2.427745e+01
     vertex  4.864534e+01  4.156631e+01  2.427745e+01
     vertex  4.687019e+01  3.984247e+01  2.000000e+01
   endloop
 endfacet
 facet normal  4.213689e-02  1.111059e-01  9.929149e-01
   outer loop
     vertex  6.597894e+01  3.967181e+01  3.544236e+01
     vertex  6.492419e+01  3.539256e+01  3.596597e+01
     vertex  6.697238e+01  3.929505e+01  3.544236e+01
   endloop
 endfacet
 facet normal  8.423791e-02  3.417666e-01  9.360019e-01
   outer loop
     vertex  6.597894e+01  3.967181e+01  3.544236e+01
     vertex  6.796291e+01  4.340498e+01  3.390070e+01
     vertex  6.595711e+01  4.389937e+01  3.390070e+01
   endloop
 endfacet
 facet normal  1.223419e-01  3.225891e-01  9.385993e-01
   outer loop
     vertex  6.597894e+01  3.967181e+01  3.544236e+01
     vertex  6.697238e+01  3.929505e+01  3.544236e+01
     vertex  6.796291e+01  4.340498e+01  3.390070e+01
   endloop
 endfacet
 facet normal -7.849033e-01  4.119490e-01  4.628443e-01
   outer loop
     vertex  5.141488e+01  4.248279e+01  2.815841e+01
     vertex  5.059585e+01  4.528270e+01  2.427745e+01
     vertex  4.864534e+01  4.156631e+01  2.427745e+01
   endloop
 endfacet
 facet normal -7.108214e-01  4.906446e-01  5.039849e-01
   outer loop
     vertex  5.141488e+01  4.248279e+01  2.815841e+01
     vertex  5.350424e+01  4.550975e+01  2.815841e+01
     vertex  5.059585e+01  4.528270e+01  2.427745e+01
   endloop
 endfacet
 facet normal -4.966627e-01  5.606163e-01  6.625975e-01
   outer loop
     vertex  5.679816e+01  4.456495e+01  3.142681e+01
     vertex  5.625729e+01  4.794874e+01  2.815841e+01
     vertex  5.350424e+01  4.550975e+01  2.815841e+01
   endloop
 endfacet
 facet normal -4.126611e-01  5.978428e-01  6.872371e-01
   outer loop
     vertex  5.679816e+01  4.456495e+01  3.142681e+01
     vertex  5.922939e+01  4.624311e+01  3.142681e+01
     vertex  5.625729e+01  4.794874e+01  2.815841e+01
   endloop
 endfacet
 facet normal -2.010013e-01  5.299970e-01  8.238335e-01
   outer loop
     vertex  6.188548e+01  4.340498e+01  3.390070e+01
     vertex  6.199157e+01  4.729067e+01  3.142681e+01
     vertex  5.922939e+01  4.624311e+01  3.142681e+01
   endloop
 endfacet
 facet normal -1.318482e-01  5.349291e-01  8.345459e-01
   outer loop
     vertex  6.188548e+01  4.340498e+01  3.390070e+01
     vertex  6.389128e+01  4.389937e+01  3.390070e+01
     vertex  6.199157e+01  4.729067e+01  3.142681e+01
   endloop
 endfacet
 facet normal -9.641644e-01 -1.170708e-01  2.380786e-01
   outer loop
     vertex  4.764090e+01  3.329398e+01  2.427745e+01
     vertex  4.632987e+01  3.539256e+01  2.000000e+01
     vertex  4.687019e+01  3.094264e+01  2.000000e+01
   endloop
 endfacet
 facet normal -9.560992e-01  0.000000e+00  2.930431e-01
   outer loop
     vertex  4.764090e+01  3.329398e+01  2.427745e+01
     vertex  4.764090e+01  3.749113e+01  2.427745e+01
     vertex  4.632987e+01  3.539256e+01  2.000000e+01
   endloop
 endfacet
 facet normal  0.000000e+00  3.519950e-01  9.360019e-01
   outer loop
     vertex  6.492419e+01  3.979988e+01  3.544236e+01
     vertex  6.595711e+01  4.389937e+01  3.390070e+01
     vertex  6.389128e+01  4.389937e+01  3.390070e+01
   endloop
 endfacet
 facet normal  4.158626e-02  3.424936e-01  9.385993e-01
   outer loop
     vertex  6.492419e+01  3.979988e+01  3.544236e+01
     vertex  6.597894e+01  3.967181e+01  3.544236e+01
     vertex  6.595711e+01  4.389937e+01  3.390070e+01
   endloop
 endfacet
 facet normal  1.432310e-02  1.179613e-01  9.929149e-01
   outer loop
     vertex  6.492419e+01  3.979988e+01  3.544236e+01
     vertex  6.492419e+01  3.539256e+01  3.596597e+01
     vertex  6.597894e+01  3.967181e+01  3.544236e+01
   endloop
 endfacet
 facet normal -8.606813e-01  2.121389e-01  4.628443e-01
   outer loop
     vertex  5.011064e+01  3.904377e+01  2.815841e+01
     vertex  4.864534e+01  4.156631e+01  2.427745e+01
     vertex  4.764090e+01  3.749113e+01  2.427745e+01
   endloop
 endfacet
 facet normal -8.075852e-01  3.062767e-01  5.039849e-01
   outer loop
     vertex  5.011064e+01  3.904377e+01  2.815841e+01
     vertex  5.141488e+01  4.248279e+01  2.815841e+01
     vertex  4.864534e+01  4.156631e+01  2.427745e+01
   endloop
 endfacet
 facet normal -6.163949e-01  4.254667e-01  6.625975e-01
   outer loop
     vertex  5.483919e+01  4.235373e+01  3.142681e+01
     vertex  5.350424e+01  4.550975e+01  2.815841e+01
     vertex  5.141488e+01  4.248279e+01  2.815841e+01
   endloop
 endfacet
 facet normal -5.437430e-01  4.817143e-01  6.872371e-01
   outer loop
     vertex  5.483919e+01  4.235373e+01  3.142681e+01
     vertex  5.679816e+01  4.456495e+01  3.142681e+01
     vertex  5.350424e+01  4.550975e+01  2.815841e+01
   endloop
 endfacet
 facet normal -2.560338e-01  4.878317e-01  8.345459e-01
   outer loop
     vertex  6.005628e+01  4.244494e+01  3.390070e+01
     vertex  6.188548e+01  4.340498e+01  3.390070e+01
     vertex  5.922939e+01  4.624311e+01  3.142681e+01
   endloop
 endfacet
 facet normal -3.219972e-01  4.664935e-01  8.238335e-01
   outer loop
     vertex  6.005628e+01  4.244494e+01  3.390070e+01
     vertex  5.922939e+01  4.624311e+01  3.142681e+01
     vertex  5.679816e+01  4.456495e+01  3.142681e+01
   endloop
 endfacet
 facet normal -9.283167e-01 -2.288095e-01  2.930431e-01
   outer loop
     vertex  4.864534e+01  2.921880e+01  2.427745e+01
     vertex  4.764090e+01  3.329398e+01  2.427745e+01
     vertex  4.687019e+01  3.094264e+01  2.000000e+01
   endloop
 endfacet
 facet normal -9.081307e-01 -3.444085e-01  2.380786e-01
   outer loop
     vertex  4.864534e+01  2.921880e+01  2.427745e+01
     vertex  4.687019e+01  3.094264e+01  2.000000e+01
     vertex  4.845974e+01  2.675134e+01  2.000000e+01
   endloop
 endfacet
 facet normal -8.423791e-02  3.417666e-01  9.360019e-01
   outer loop
     vertex  6.386945e+01  3.967181e+01  3.544236e+01
     vertex  6.389128e+01  4.389937e+01  3.390070e+01
     vertex  6.188548e+01  4.340498e+01  3.390070e+01
   endloop
 endfacet
 facet normal -1.432310e-02  1.179613e-01  9.929149e-01
   outer loop
     vertex  6.386945e+01  3.967181e+01  3.544236e+01
     vertex  6.492419e+01  3.539256e+01  3.596597e+01
     vertex  6.492419e+01  3.979988e+01  3.544236e+01
   endloop
 endfacet
 facet normal -4.158626e-02  3.424936e-01  9.385993e-01
   outer loop
     vertex  6.386945e+01  3.967181e+01  3.544236e+01
     vertex  6.492419e+01  3.979988e+01  3.544236e+01
     vertex  6.389128e+01  4.389937e+01  3.390070e+01
   endloop
 endfacet
 facet normal -8.864396e-01  0.000000e+00  4.628443e-01
   outer loop
     vertex  4.966730e+01  3.539256e+01  2.815841e+01
     vertex  4.764090e+01  3.749113e+01  2.427745e+01
     vertex  4.764090e+01  3.329398e+01  2.427745e+01
   endloop
 endfacet
 facet normal -8.574150e-01  1.041090e-01  5.039849e-01
   outer loop
     vertex  4.966730e+01  3.539256e+01  2.815841e+01
     vertex  5.011064e+01  3.904377e+01  2.815841e+01
     vertex  4.764090e+01  3.749113e+01  2.427745e+01
   endloop
 endfacet
 facet normal -6.432246e-01  3.375903e-01  6.872371e-01
   outer loop
     vertex  5.346632e+01  3.973795e+01  3.142681e+01
     vertex  5.483919e+01  4.235373e+01  3.142681e+01
     vertex  5.141488e+01  4.248279e+01  2.815841e+01
   endloop
 endfacet
 facet normal -7.003044e-01  2.655904e-01  6.625975e-01
   outer loop
     vertex  5.346632e+01  3.973795e+01  3.142681e+01
     vertex  5.141488e+01  4.248279e+01  2.815841e+01
     vertex  5.011064e+01  3.904377e+01  2.815841e+01
   endloop
 endfacet
 facet normal -3.653397e-01  4.123833e-01  8.345459e-01
   outer loop
     vertex  5.850999e+01  4.107505e+01  3.390070e+01
     vertex  6.005628e+01  4.244494e+01  3.390070e+01
     vertex  5.679816e+01  4.456495e+01  3.142681e+01
   endloop
 endfacet
 facet normal -4.242797e-01  3.758790e-01  8.238335e-01
   outer loop
     vertex  5.850999e+01  4.107505e+01  3.390070e+01
     vertex  5.679816e+01  4.456495e+01  3.142681e+01
     vertex  5.483919e+01  4.235373e+01  3.142681e+01
   endloop
 endfacet
 facet normal -8.465838e-01 -4.443215e-01  2.930431e-01
   outer loop
     vertex  5.059585e+01  2.550242e+01  2.427745e+01
     vertex  4.864534e+01  2.921880e+01  2.427745e+01
     vertex  4.845974e+01  2.675134e+01  2.000000e+01
   endloop
 endfacet
 facet normal -7.993197e-01 -5.517305e-01  2.380786e-01
   outer loop
     vertex  5.059585e+01  2.550242e+01  2.427745e+01
     vertex  4.845974e+01  2.675134e+01  2.000000e+01
     vertex  5.100614e+01  2.306224e+01  2.000000e+01
   endloop
 endfacet
 facet normal -1.635802e-01  3.116761e-01  9.360019e-01
   outer loop
     vertex  6.287601e+01  3.929505e+01  3.544236e+01
     vertex  6.188548e+01  4.340498e+01  3.390070e+01
     vertex  6.005628e+01  4.244494e+01  3.390070e+01
   endloop
 endfacet
 facet normal -1.223419e-01  3.225891e-01  9.385993e-01
   outer loop
     vertex  6.287601e+01  3.929505e+01  3.544236e+01
     vertex  6.386945e+01  3.967181e+01  3.544236e+01
     vertex  6.188548e+01  4.340498e+01  3.390070e+01
   endloop
 endfacet
 facet normal -4.213689e-02  1.111059e-01  9.929149e-01
   outer loop
     vertex  6.287601e+01  3.929505e+01  3.544236e+01
     vertex  6.492419e+01  3.539256e+01  3.596597e+01
     vertex  6.386945e+01  3.967181e+01  3.544236e+01
   endloop
 endfacet
 facet normal -8.606813e-01 -2.121389e-01  4.628443e-01
   outer loop
     vertex  5.011064e+01  3.174134e+01  2.815841e+01
     vertex  4.764090e+01  3.329398e+01  2.427745e+01
     vertex  4.864534e+01  2.921880e+01  2.427745e+01
   endloop
 endfacet
 facet normal -8.574150e-01 -1.041090e-01  5.039849e-01
   outer loop
     vertex  5.011064e+01  3.174134e+01  2.815841e+01
     vertex  4.966730e+01  3.539256e+01  2.815841e+01
     vertex  4.764090e+01  3.329398e+01  2.427745e+01
   endloop
 endfacet
 facet normal -7.435148e-01  9.027904e-02  6.625975e-01
   outer loop
     vertex  5.275935e+01  3.686964e+01  3.142681e+01
     vertex  5.011064e+01  3.904377e+01  2.815841e+01
     vertex  4.966730e+01  3.539256e+01  2.815841e+01
   endloop
 endfacet
 facet normal -7.053244e-01  1.738468e-01  6.872371e-01
   outer loop
     vertex  5.275935e+01  3.686964e+01  3.142681e+01
     vertex  5.346632e+01  3.973795e+01  3.142681e+01
     vertex  5.011064e+01  3.904377e+01  2.815841e+01
   endloop
 endfacet
 facet normal -5.019047e-01  2.634199e-01  8.238335e-01
   outer loop
     vertex  5.733647e+01  3.937490e+01  3.390070e+01
     vertex  5.483919e+01  4.235373e+01  3.142681e+01
     vertex  5.346632e+01  3.973795e+01  3.142681e+01
   endloop
 endfacet
 facet normal -4.534134e-01  3.129687e-01  8.345459e-01
   outer loop
     vertex  5.733647e+01  3.937490e+01  3.390070e+01
     vertex  5.850999e+01  4.107505e+01  3.390070e+01
     vertex  5.483919e+01  4.235373e+01  3.142681e+01
   endloop
 endfacet
 facet normal -7.156506e-01 -6.340111e-01  2.930431e-01
   outer loop
     vertex  5.337908e+01  2.236081e+01  2.427745e+01
     vertex  5.059585e+01  2.550242e+01  2.427745e+01
     vertex  5.100614e+01  2.306224e+01  2.000000e+01
   endloop
 endfacet
 facet normal -6.440551e-01 -7.269880e-01  2.380786e-01
   outer loop
     vertex  5.337908e+01  2.236081e+01  2.427745e+01
     vertex  5.100614e+01  2.306224e+01  2.000000e+01
     vertex  5.436141e+01  2.008973e+01  2.000000e+01
   endloop
 endfacet
 facet normal -6.750184e-02  9.779330e-02  9.929149e-01
   outer loop
     vertex  6.200160e+01  3.869149e+01  3.544236e+01
     vertex  6.492419e+01  3.539256e+01  3.596597e+01
     vertex  6.287601e+01  3.929505e+01  3.544236e+01
   endloop
 endfacet
 facet normal -2.334158e-01  2.634720e-01  9.360019e-01
   outer loop
     vertex  6.200160e+01  3.869149e+01  3.544236e+01
     vertex  6.005628e+01  4.244494e+01  3.390070e+01
     vertex  5.850999e+01  4.107505e+01  3.390070e+01
   endloop
 endfacet
 facet normal -1.959875e-01  2.839370e-01  9.385993e-01
   outer loop
     vertex  6.200160e+01  3.869149e+01  3.544236e+01
     vertex  6.287601e+01  3.929505e+01  3.544236e+01
     vertex  6.005628e+01  4.244494e+01  3.390070e+01
   endloop
 endfacet
 facet normal -7.849033e-01 -4.119490e-01  4.628443e-01
   outer loop
     vertex  5.141488e+01  2.830232e+01  2.815841e+01
     vertex  4.864534e+01  2.921880e+01  2.427745e+01
     vertex  5.059585e+01  2.550242e+01  2.427745e+01
   endloop
 endfacet
 facet normal -8.075852e-01 -3.062767e-01  5.039849e-01
   outer loop
     vertex  5.141488e+01  2.830232e+01  2.815841e+01
     vertex  5.011064e+01  3.174134e+01  2.815841e+01
     vertex  4.864534e+01  2.921880e+01  2.427745e+01
   endloop
 endfacet
 facet normal -7.435148e-01 -9.027904e-02  6.625975e-01
   outer loop
     vertex  5.275935e+01  3.391548e+01  3.142681e+01
     vertex  4.966730e+01  3.539256e+01  2.815841e+01
     vertex  5.011064e+01  3.174134e+01  2.815841e+01
   endloop
 endfacet
 facet normal -7.264332e-01  0.000000e+00  6.872371e-01
   outer loop
     vertex  5.275935e+01  3.391548e+01  3.142681e+01
     vertex  5.275935e+01  3.686964e+01  3.142681e+01
     vertex  4.966730e+01  3.539256e+01  2.815841e+01
   endloop
 endfacet
 facet normal -5.151364e-01  1.953654e-01  8.345459e-01
   outer loop
     vertex  5.660391e+01  3.744332e+01  3.390070e+01
     vertex  5.733647e+01  3.937490e+01  3.390070e+01
     vertex  5.346632e+01  3.973795e+01  3.142681e+01
   endloop
 endfacet
 facet normal -5.503607e-01  1.356517e-01  8.238335e-01
   outer loop
     vertex  5.660391e+01  3.744332e+01  3.390070e+01
     vertex  5.346632e+01  3.973795e+01  3.142681e+01
     vertex  5.275935e+01  3.686964e+01  3.142681e+01
   endloop
 endfacet
 facet normal -5.431263e-01 -7.868543e-01  2.930431e-01
   outer loop
     vertex  5.683326e+01  1.997656e+01  2.427745e+01
     vertex  5.337908e+01  2.236081e+01  2.427745e+01
     vertex  5.436141e+01  2.008973e+01  2.000000e+01
   endloop
 endfacet
 facet normal -4.513605e-01 -8.599955e-01  2.380786e-01
   outer loop
     vertex  5.683326e+01  1.997656e+01  2.427745e+01
     vertex  5.436141e+01  2.008973e+01  2.000000e+01
     vertex  5.833056e+01  1.800656e+01  2.000000e+01
   endloop
 endfacet
 facet normal -8.894383e-02  7.879736e-02  9.929149e-01
   outer loop
     vertex  6.129704e+01  3.789620e+01  3.544236e+01
     vertex  6.492419e+01  3.539256e+01  3.596597e+01
     vertex  6.200160e+01  3.869149e+01  3.544236e+01
   endloop
 endfacet
 facet normal -2.896862e-01  1.999559e-01  9.360019e-01
   outer loop
     vertex  6.129704e+01  3.789620e+01  3.544236e+01
     vertex  5.850999e+01  4.107505e+01  3.390070e+01
     vertex  5.733647e+01  3.937490e+01  3.390070e+01
   endloop
 endfacet
 facet normal -2.582430e-01  2.287834e-01  9.385993e-01
   outer loop
     vertex  6.129704e+01  3.789620e+01  3.544236e+01
     vertex  6.200160e+01  3.869149e+01  3.544236e+01
     vertex  5.850999e+01  4.107505e+01  3.390070e+01
   endloop
 endfacet
 facet normal -6.635096e-01 -5.878182e-01  4.628443e-01
   outer loop
     vertex  5.350424e+01  2.527536e+01  2.815841e+01
     vertex  5.059585e+01  2.550242e+01  2.427745e+01
     vertex  5.337908e+01  2.236081e+01  2.427745e+01
   endloop
 endfacet
 facet normal -7.108214e-01 -4.906446e-01  5.039849e-01
   outer loop
     vertex  5.350424e+01  2.527536e+01  2.815841e+01
     vertex  5.141488e+01  2.830232e+01  2.815841e+01
     vertex  5.059585e+01  2.550242e+01  2.427745e+01
   endloop
 endfacet
 facet normal -7.003044e-01 -2.655904e-01  6.625975e-01
   outer loop
     vertex  5.346632e+01  3.104716e+01  3.142681e+01
     vertex  5.011064e+01  3.174134e+01  2.815841e+01
     vertex  5.141488e+01  2.830232e+01  2.815841e+01
   endloop
 endfacet
 facet normal -7.053244e-01 -1.738468e-01  6.872371e-01
   outer loop
     vertex  5.346632e+01  3.104716e+01  3.142681e+01
     vertex  5.275935e+01  3.391548e+01  3.142681e+01
     vertex  5.011064e+01  3.174134e+01  2.815841e+01
   endloop
 endfacet
 facet normal -5.668318e-01  0.000000e+00  8.238335e-01
   outer loop
     vertex  5.635491e+01  3.539256e+01  3.390070e+01
     vertex  5.275935e+01  3.686964e+01  3.142681e+01
     vertex  5.275935e+01  3.391548e+01  3.142681e+01
   endloop
 endfacet
 facet normal -5.469214e-01  6.640829e-02  8.345459e-01
   outer loop
     vertex  5.635491e+01  3.539256e+01  3.390070e+01
     vertex  5.660391e+01  3.744332e+01  3.390070e+01
     vertex  5.275935e+01  3.686964e+01  3.142681e+01
   endloop
 endfacet
 facet normal -2.324344e-01 -9.430232e-01  2.380786e-01
   outer loop
     vertex  6.075765e+01  1.848823e+01  2.427745e+01
     vertex  5.833056e+01  1.800656e+01  2.000000e+01
     vertex  6.268290e+01  1.693380e+01  2.000000e+01
   endloop
 endfacet
 facet normal -3.390375e-01 -8.939683e-01  2.930431e-01
   outer loop
     vertex  6.075765e+01  1.848823e+01  2.427745e+01
     vertex  5.683326e+01  1.997656e+01  2.427745e+01
     vertex  5.833056e+01  1.800656e+01  2.000000e+01
   endloop
 endfacet
 facet normal -3.291210e-01  1.248191e-01  9.360019e-01
   outer loop
     vertex  6.080327e+01  3.695542e+01  3.544236e+01
     vertex  5.733647e+01  3.937490e+01  3.390070e+01
     vertex  5.660391e+01  3.744332e+01  3.390070e+01
   endloop
 endfacet
 facet normal -1.052167e-01  5.522200e-02  9.929149e-01
   outer loop
     vertex  6.080327e+01  3.695542e+01  3.544236e+01
     vertex  6.492419e+01  3.539256e+01  3.596597e+01
     vertex  6.129704e+01  3.789620e+01  3.544236e+01
   endloop
 endfacet
 facet normal -3.054904e-01  1.603337e-01  9.385993e-01
   outer loop
     vertex  6.080327e+01  3.695542e+01  3.544236e+01
     vertex  6.129704e+01  3.789620e+01  3.544236e+01
     vertex  5.733647e+01  3.937490e+01  3.390070e+01
   endloop
 endfacet
 facet normal -5.727473e-01 -6.464980e-01  5.039849e-01
   outer loop
     vertex  5.625729e+01  2.283638e+01  2.815841e+01
     vertex  5.350424e+01  2.527536e+01  2.815841e+01
     vertex  5.337908e+01  2.236081e+01  2.427745e+01
   endloop
 endfacet
 facet normal -5.035551e-01 -7.295255e-01  4.628443e-01
   outer loop
     vertex  5.625729e+01  2.283638e+01  2.815841e+01
     vertex  5.337908e+01  2.236081e+01  2.427745e+01
     vertex  5.683326e+01  1.997656e+01  2.427745e+01
   endloop
 endfacet
 facet normal -6.163949e-01 -4.254667e-01  6.625975e-01
   outer loop
     vertex  5.483919e+01  2.843138e+01  3.142681e+01
     vertex  5.141488e+01  2.830232e+01  2.815841e+01
     vertex  5.350424e+01  2.527536e+01  2.815841e+01
   endloop
 endfacet
 facet normal -6.432246e-01 -3.375903e-01  6.872371e-01
   outer loop
     vertex  5.483919e+01  2.843138e+01  3.142681e+01
     vertex  5.346632e+01  3.104716e+01  3.142681e+01
     vertex  5.141488e+01  2.830232e+01  2.815841e+01
   endloop
 endfacet
 facet normal -5.469214e-01 -6.640829e-02  8.345459e-01
   outer loop
     vertex  5.660391e+01  3.334179e+01  3.390070e+01
     vertex  5.635491e+01  3.539256e+01  3.390070e+01
     vertex  5.275935e+01  3.391548e+01  3.142681e+01
   endloop
 endfacet
 facet normal -5.503607e-01 -1.356517e-01  8.238335e-01
   outer loop
     vertex  5.660391e+01  3.334179e+01  3.390070e+01
     vertex  5.275935e+01  3.391548e+01  3.142681e+01
     vertex  5.346632e+01  3.104716e+01  3.142681e+01
   endloop
 endfacet
 facet normal -2.339472e-15 -9.712459e-01  2.380786e-01
   outer loop
     vertex  6.492419e+01  1.798232e+01  2.427745e+01
     vertex  6.268290e+01  1.693380e+01  2.000000e+01
     vertex  6.716549e+01  1.693380e+01  2.000000e+01
   endloop
 endfacet
 facet normal -1.152450e-01 -9.491282e-01  2.930431e-01
   outer loop
     vertex  6.492419e+01  1.798232e+01  2.427745e+01
     vertex  6.075765e+01  1.848823e+01  2.427745e+01
     vertex  6.268290e+01  1.693380e+01  2.000000e+01
   endloop
 endfacet
 facet normal  0.000000e+00  0.000000e+00  0.000000e+00
   outer loop
     vertex  6.054900e+01  3.592380e+01  3.544236e+01
     vertex  6.492419e+01  3.539256e+01  3.596597e+01
     vertex  6.492419e+01  3.539256e+01  3.596597e+01
   endloop
 endfacet
 facet normal -1.153748e-01  2.843734e-02  9.929149e-01
   outer loop
     vertex  6.054900e+01  3.592380e+01  3.544236e+01
     vertex  6.492419e+01  3.539256e+01  3.596597e+01
     vertex  6.080327e+01  3.695542e+01  3.544236e+01
   endloop
 endfacet
 facet normal -3.494285e-01  4.242831e-02  9.360019e-01
   outer loop
     vertex  6.054900e+01  3.592380e+01  3.544236e+01
     vertex  5.660391e+01  3.744332e+01  3.390070e+01
     vertex  5.635491e+01  3.539256e+01  3.390070e+01
   endloop
 endfacet
 facet normal -3.349838e-01  8.256609e-02  9.385993e-01
   outer loop
     vertex  6.054900e+01  3.592380e+01  3.544236e+01
     vertex  6.080327e+01  3.695542e+01  3.544236e+01
     vertex  5.660391e+01  3.744332e+01  3.390070e+01
   endloop
 endfacet
 facet normal -4.013872e-01 -7.647794e-01  5.039849e-01
   outer loop
     vertex  5.951403e+01  2.112711e+01  2.815841e+01
     vertex  5.625729e+01  2.283638e+01  2.815841e+01
     vertex  5.683326e+01  1.997656e+01  2.427745e+01
   endloop
 endfacet
 facet normal -3.143358e-01 -8.288354e-01  4.628443e-01
   outer loop
     vertex  5.951403e+01  2.112711e+01  2.815841e+01
     vertex  5.683326e+01  1.997656e+01  2.427745e+01
     vertex  6.075765e+01  1.848823e+01  2.427745e+01
   endloop
 endfacet
 facet normal -5.437430e-01 -4.817143e-01  6.872371e-01
   outer loop
     vertex  5.679816e+01  2.622016e+01  3.142681e+01
     vertex  5.483919e+01  2.843138e+01  3.142681e+01
     vertex  5.350424e+01  2.527536e+01  2.815841e+01
   endloop
 endfacet
 facet normal -4.966627e-01 -5.606163e-01  6.625975e-01
   outer loop
     vertex  5.679816e+01  2.622016e+01  3.142681e+01
     vertex  5.350424e+01  2.527536e+01  2.815841e+01
     vertex  5.625729e+01  2.283638e+01  2.815841e+01
   endloop
 endfacet
 facet normal -5.019047e-01 -2.634199e-01  8.238335e-01
   outer loop
     vertex  5.733647e+01  3.141021e+01  3.390070e+01
     vertex  5.346632e+01  3.104716e+01  3.142681e+01
     vertex  5.483919e+01  2.843138e+01  3.142681e+01
   endloop
 endfacet
 facet normal -5.151364e-01 -1.953654e-01  8.345459e-01
   outer loop
     vertex  5.733647e+01  3.141021e+01  3.390070e+01
     vertex  5.660391e+01  3.334179e+01  3.390070e+01
     vertex  5.346632e+01  3.104716e+01  3.142681e+01
   endloop
 endfacet
 facet normal  2.324344e-01 -9.430232e-01  2.380786e-01
   outer loop
     vertex  6.909074e+01  1.848823e+01  2.427745e+01
     vertex  6.716549e+01  1.693380e+01  2.000000e+01
     vertex  7.151783e+01  1.800656e+01  2.000000e+01
   endloop
 endfacet
 facet normal  1.152450e-01 -9.491282e-01  2.930431e-01
   outer loop
     vertex  6.909074e+01  1.848823e+01  2.427745e+01
     vertex  6.492419e+01  1.798232e+01  2.427745e+01
     vertex  6.716549e+01  1.693380e+01  2.000000e+01
   endloop
 endfacet
 facet normal -3.450091e-01  0.000000e+00  9.385993e-01
   outer loop
     vertex  6.054900e+01  3.486131e+01  3.544236e+01
     vertex  6.054900e+01  3.592380e+01  3.544236e+01
     vertex  5.635491e+01  3.539256e+01  3.390070e+01
   endloop
 endfacet
 facet normal -3.494285e-01 -4.242831e-02  9.360019e-01
   outer loop
     vertex  6.054900e+01  3.486131e+01  3.544236e+01
     vertex  5.635491e+01  3.539256e+01  3.390070e+01
     vertex  5.660391e+01  3.334179e+01  3.390070e+01
   endloop
 endfacet
 facet normal -1.188277e-01  0.000000e+00  9.929149e-01
   outer loop
     vertex  6.054900e+01  3.486131e+01  3.544236e+01
     vertex  6.492419e+01  3.539256e+01  3.596597e+01
     vertex  6.054900e+01  3.592380e+01  3.544236e+01
   endloop
 endfacet
 facet normal -1.068485e-01 -8.799764e-01  4.628443e-01
   outer loop
     vertex  6.308518e+01  2.024690e+01  2.815841e+01
     vertex  6.075765e+01  1.848823e+01  2.427745e+01
     vertex  6.492419e+01  1.798232e+01  2.427745e+01
   endloop
 endfacet
 facet normal -2.066999e-01 -8.386145e-01  5.039849e-01
   outer loop
     vertex  6.308518e+01  2.024690e+01  2.815841e+01
     vertex  5.951403e+01  2.112711e+01  2.815841e+01
     vertex  6.075765e+01  1.848823e+01  2.427745e+01
   endloop
 endfacet
 facet normal -3.480664e-01 -6.631850e-01  6.625975e-01
   outer loop
     vertex  5.922939e+01  2.454201e+01  3.142681e+01
     vertex  5.625729e+01  2.283638e+01  2.815841e+01
     vertex  5.951403e+01  2.112711e+01  2.815841e+01
   endloop
 endfacet
 facet normal -4.126611e-01 -5.978428e-01  6.872371e-01
   outer loop
     vertex  5.922939e+01  2.454201e+01  3.142681e+01
     vertex  5.679816e+01  2.622016e+01  3.142681e+01
     vertex  5.625729e+01  2.283638e+01  2.815841e+01
   endloop
 endfacet
 facet normal -4.242797e-01 -3.758790e-01  8.238335e-01
   outer loop
     vertex  5.850999e+01  2.971007e+01  3.390070e+01
     vertex  5.483919e+01  2.843138e+01  3.142681e+01
     vertex  5.679816e+01  2.622016e+01  3.142681e+01
   endloop
 endfacet
 facet normal -4.534134e-01 -3.129687e-01  8.345459e-01
   outer loop
     vertex  5.850999e+01  2.971007e+01  3.390070e+01
     vertex  5.733647e+01  3.141021e+01  3.390070e+01
     vertex  5.483919e+01  2.843138e+01  3.142681e+01
   endloop
 endfacet
 facet normal  3.390375e-01 -8.939683e-01  2.930431e-01
   outer loop
     vertex  7.301513e+01  1.997656e+01  2.427745e+01
     vertex  6.909074e+01  1.848823e+01  2.427745e+01
     vertex  7.151783e+01  1.800656e+01  2.000000e+01
   endloop
 endfacet
 facet normal  4.513605e-01 -8.599955e-01  2.380786e-01
   outer loop
     vertex  7.301513e+01  1.997656e+01  2.427745e+01
     vertex  7.151783e+01  1.800656e+01  2.000000e+01
     vertex  7.548698e+01  2.008973e+01  2.000000e+01
   endloop
 endfacet
 facet normal -1.153748e-01 -2.843734e-02  9.929149e-01
   outer loop
     vertex  6.080327e+01  3.382970e+01  3.544236e+01
     vertex  6.492419e+01  3.539256e+01  3.596597e+01
     vertex  6.054900e+01  3.486131e+01  3.544236e+01
   endloop
 endfacet
 facet normal -3.291210e-01 -1.248191e-01  9.360019e-01
   outer loop
     vertex  6.080327e+01  3.382970e+01  3.544236e+01
     vertex  5.660391e+01  3.334179e+01  3.390070e+01
     vertex  5.733647e+01  3.141021e+01  3.390070e+01
   endloop
 endfacet
 facet normal -3.349838e-01 -8.256609e-02  9.385993e-01
   outer loop
     vertex  6.080327e+01  3.382970e+01  3.544236e+01
     vertex  6.054900e+01  3.486131e+01  3.544236e+01
     vertex  5.660391e+01  3.334179e+01  3.390070e+01
   endloop
 endfacet
 facet normal -1.668568e-15 -8.637124e-01  5.039849e-01
   outer loop
     vertex  6.676321e+01  2.024690e+01  2.815841e+01
     vertex  6.308518e+01  2.024690e+01  2.815841e+01
     vertex  6.492419e+01  1.798232e+01  2.427745e+01
   endloop
 endfacet
 facet normal  1.068485e-01 -8.799764e-01  4.628443e-01
   outer loop
     vertex  6.676321e+01  2.024690e+01  2.815841e+01
     vertex  6.492419e+01  1.798232e+01  2.427745e+01
     vertex  6.909074e+01  1.848823e+01  2.427745e+01
   endloop
 endfacet
 facet normal -1.792416e-01 -7.272118e-01  6.625975e-01
   outer loop
     vertex  6.199157e+01  2.349445e+01  3.142681e+01
     vertex  5.951403e+01  2.112711e+01  2.815841e+01
     vertex  6.308518e+01  2.024690e+01  2.815841e+01
   endloop
 endfacet
 facet normal -2.575968e-01 -6.792268e-01  6.872371e-01
   outer loop
     vertex  6.199157e+01  2.349445e+01  3.142681e+01
     vertex  5.922939e+01  2.454201e+01  3.142681e+01
     vertex  5.951403e+01  2.112711e+01  2.815841e+01
   endloop
 endfacet
 facet normal -3.219972e-01 -4.664935e-01  8.238335e-01
   outer loop
     vertex  6.005628e+01  2.834017e+01  3.390070e+01
     vertex  5.679816e+01  2.622016e+01  3.142681e+01
     vertex  5.922939e+01  2.454201e+01  3.142681e+01
   endloop
 endfacet
 facet normal -3.653397e-01 -4.123833e-01  8.345459e-01
   outer loop
     vertex  6.005628e+01  2.834017e+01  3.390070e+01
     vertex  5.850999e+01  2.971007e+01  3.390070e+01
     vertex  5.679816e+01  2.622016e+01  3.142681e+01
   endloop
 endfacet
 facet normal  6.440551e-01 -7.269880e-01  2.380786e-01
   outer loop
     vertex  7.646931e+01  2.236081e+01  2.427745e+01
     vertex  7.548698e+01  2.008973e+01  2.000000e+01
     vertex  7.884225e+01  2.306224e+01  2.000000e+01
   endloop
 endfacet
 facet normal  5.431263e-01 -7.868543e-01  2.930431e-01
   outer loop
     vertex  7.646931e+01  2.236081e+01  2.427745e+01
     vertex  7.301513e+01  1.997656e+01  2.427745e+01
     vertex  7.548698e+01  2.008973e+01  2.000000e+01
   endloop
 endfacet
 facet normal -1.052167e-01 -5.522200e-02  9.929149e-01
   outer loop
     vertex  6.129704e+01  3.288891e+01  3.544236e+01
     vertex  6.492419e+01  3.539256e+01  3.596597e+01
     vertex  6.080327e+01  3.382970e+01  3.544236e+01
   endloop
 endfacet
 facet normal -2.896862e-01 -1.999559e-01  9.360019e-01
   outer loop
     vertex  6.129704e+01  3.288891e+01  3.544236e+01
     vertex  5.733647e+01  3.141021e+01  3.390070e+01
     vertex  5.850999e+01  2.971007e+01  3.390070e+01
   endloop
 endfacet
 facet normal -3.054904e-01 -1.603337e-01  9.385993e-01
   outer loop
     vertex  6.129704e+01  3.288891e+01  3.544236e+01
     vertex  6.080327e+01  3.382970e+01  3.544236e+01
     vertex  5.733647e+01  3.141021e+01  3.390070e+01
   endloop
 endfacet
 facet normal  2.066999e-01 -8.386145e-01  5.039849e-01
   outer loop
     vertex  7.033436e+01  2.112711e+01  2.815841e+01
     vertex  6.676321e+01  2.024690e+01  2.815841e+01
     vertex  6.909074e+01  1.848823e+01  2.427745e+01
   endloop
 endfacet
 facet normal  3.143358e-01 -8.288354e-01  4.628443e-01
   outer loop
     vertex  7.033436e+01  2.112711e+01  2.815841e+01
     vertex  6.909074e+01  1.848823e+01  2.427745e+01
     vertex  7.301513e+01  1.997656e+01  2.427745e+01
   endloop
 endfacet
 facet normal -8.756185e-02 -7.211367e-01  6.872371e-01
   outer loop
     vertex  6.492419e+01  2.313836e+01  3.142681e+01
     vertex  6.199157e+01  2.349445e+01  3.142681e+01
     vertex  6.308518e+01  2.024690e+01  2.815841e+01
   endloop
 endfacet
 facet normal -1.438767e-15 -7.489757e-01  6.625975e-01
   outer loop
     vertex  6.492419e+01  2.313836e+01  3.142681e+01
     vertex  6.308518e+01  2.024690e+01  2.815841e+01
     vertex  6.676321e+01  2.024690e+01  2.815841e+01
   endloop
 endfacet
 facet normal -2.010013e-01 -5.299970e-01  8.238335e-01
   outer loop
     vertex  6.188548e+01  2.738013e+01  3.390070e+01
     vertex  5.922939e+01  2.454201e+01  3.142681e+01
     vertex  6.199157e+01  2.349445e+01  3.142681e+01
   endloop
 endfacet
 facet normal -2.560338e-01 -4.878317e-01  8.345459e-01
   outer loop
     vertex  6.188548e+01  2.738013e+01  3.390070e+01
     vertex  6.005628e+01  2.834017e+01  3.390070e+01
     vertex  5.922939e+01  2.454201e+01  3.142681e+01
   endloop
 endfacet
 facet normal  7.993197e-01 -5.517305e-01  2.380786e-01
   outer loop
     vertex  7.925254e+01  2.550242e+01  2.427745e+01
     vertex  7.884225e+01  2.306224e+01  2.000000e+01
     vertex  8.138865e+01  2.675134e+01  2.000000e+01
   endloop
 endfacet
 facet normal  7.156506e-01 -6.340111e-01  2.930431e-01
   outer loop
     vertex  7.925254e+01  2.550242e+01  2.427745e+01
     vertex  7.646931e+01  2.236081e+01  2.427745e+01
     vertex  7.884225e+01  2.306224e+01  2.000000e+01
   endloop
 endfacet
 facet normal -8.894383e-02 -7.879736e-02  9.929149e-01
   outer loop
     vertex  6.200160e+01  3.209363e+01  3.544236e+01
     vertex  6.492419e+01  3.539256e+01  3.596597e+01
     vertex  6.129704e+01  3.288891e+01  3.544236e+01
   endloop
 endfacet
 facet normal -2.334158e-01 -2.634720e-01  9.360019e-01
   outer loop
     vertex  6.200160e+01  3.209363e+01  3.544236e+01
     vertex  5.850999e+01  2.971007e+01  3.390070e+01
     vertex  6.005628e+01  2.834017e+01  3.390070e+01
   endloop
 endfacet
 facet normal -2.582430e-01 -2.287834e-01  9.385993e-01
   outer loop
     vertex  6.200160e+01  3.209363e+01  3.544236e+01
     vertex  6.129704e+01  3.288891e+01  3.544236e+01
     vertex  5.850999e+01  2.971007e+01  3.390070e+01
   endloop
 endfacet
 facet normal  5.035551e-01 -7.295255e-01  4.628443e-01
   outer loop
     vertex  7.359110e+01  2.283638e+01  2.815841e+01
     vertex  7.301513e+01  1.997656e+01  2.427745e+01
     vertex  7.646931e+01  2.236081e+01  2.427745e+01
   endloop
 endfacet
 facet normal  4.013872e-01 -7.647794e-01  5.039849e-01
   outer loop
     vertex  7.359110e+01  2.283638e+01  2.815841e+01
     vertex  7.033436e+01  2.112711e+01  2.815841e+01
     vertex  7.301513e+01  1.997656e+01  2.427745e+01
   endloop
 endfacet
 facet normal  1.792416e-01 -7.272118e-01  6.625975e-01
   outer loop
     vertex  6.785682e+01  2.349445e+01  3.142681e+01
     vertex  6.676321e+01  2.024690e+01  2.815841e+01
     vertex  7.033436e+01  2.112711e+01  2.815841e+01
   endloop
 endfacet
 facet normal  8.756185e-02 -7.211367e-01  6.872371e-01
   outer loop
     vertex  6.785682e+01  2.349445e+01  3.142681e+01
     vertex  6.492419e+01  2.313836e+01  3.142681e+01
     vertex  6.676321e+01  2.024690e+01  2.815841e+01
   endloop
 endfacet
 facet normal -6.832403e-02 -5.626990e-01  8.238335e-01
   outer loop
     vertex  6.389128e+01  2.688575e+01  3.390070e+01
     vertex  6.199157e+01  2.349445e+01  3.142681e+01
     vertex  6.492419e+01  2.313836e+01  3.142681e+01
   endloop
 endfacet
 facet normal -1.318482e-01 -5.349291e-01  8.345459e-01
   outer loop
     vertex  6.389128e+01  2.688575e+01  3.390070e+01
     vertex  6.188548e+01  2.738013e+01  3.390070e+01
     vertex  6.199157e+01  2.349445e+01  3.142681e+01
   endloop
 endfacet
 facet normal  9.081307e-01 -3.444085e-01  2.380786e-01
   outer loop
     vertex  8.120305e+01  2.921880e+01  2.427745e+01
     vertex  8.138865e+01  2.675134e+01  2.000000e+01
     vertex  8.297820e+01  3.094264e+01  2.000000e+01
   endloop
 endfacet
 facet normal  8.465838e-01 -4.443215e-01  2.930431e-01
   outer loop
     vertex  8.120305e+01  2.921880e+01  2.427745e+01
     vertex  7.925254e+01  2.550242e+01  2.427745e+01
     vertex  8.138865e+01  2.675134e+01  2.000000e+01
   endloop
 endfacet
 facet normal -6.750184e-02 -9.779330e-02  9.929149e-01
   outer loop
     vertex  6.287601e+01  3.149006e+01  3.544236e+01
     vertex  6.492419e+01  3.539256e+01  3.596597e+01
     vertex  6.200160e+01  3.209363e+01  3.544236e+01
   endloop
 endfacet
 facet normal -1.635802e-01 -3.116761e-01  9.360019e-01
   outer loop
     vertex  6.287601e+01  3.149006e+01  3.544236e+01
     vertex  6.005628e+01  2.834017e+01  3.390070e+01
     vertex  6.188548e+01  2.738013e+01  3.390070e+01
   endloop
 endfacet
 facet normal -1.959875e-01 -2.839370e-01  9.385993e-01
   outer loop
     vertex  6.287601e+01  3.149006e+01  3.544236e+01
     vertex  6.200160e+01  3.209363e+01  3.544236e+01
     vertex  6.005628e+01  2.834017e+01  3.390070e+01
   endloop
 endfacet
 facet normal  5.727473e-01 -6.464980e-01  5.039849e-01
   outer loop
     vertex  7.634415e+01  2.527536e+01  2.815841e+01
     vertex  7.359110e+01  2.283638e+01  2.815841e+01
     vertex  7.646931e+01  2.236081e+01  2.427745e+01
   endloop
 endfacet
 facet normal  6.635096e-01 -5.878182e-01  4.628443e-01
   outer loop
     vertex  7.634415e+01  2.527536e+01  2.815841e+01
     vertex  7.646931e+01  2.236081e+01  2.427745e+01
     vertex  7.925254e+01  2.550242e+01  2.427745e+01
   endloop
 endfacet
 facet normal  3.480664e-01 -6.631850e-01  6.625975e-01
   outer loop
     vertex  7.061900e+01  2.454201e+01  3.142681e+01
     vertex  7.033436e+01  2.112711e+01  2.815841e+01
     vertex  7.359110e+01  2.283638e+01  2.815841e+01
   endloop
 endfacet
 facet normal  2.575968e-01 -6.792268e-01  6.872371e-01
   outer loop
     vertex  7.061900e+01  2.454201e+01  3.142681e+01
     vertex  6.785682e+01  2.349445e+01  3.142681e+01
     vertex  7.033436e+01  2.112711e+01  2.815841e+01
   endloop
 endfacet
 facet normal  6.832403e-02 -5.626990e-01  8.238335e-01
   outer loop
     vertex  6.595711e+01  2.688575e+01  3.390070e+01
     vertex  6.492419e+01  2.313836e+01  3.142681e+01
     vertex  6.785682e+01  2.349445e+01  3.142681e+01
   endloop
 endfacet
 facet normal -9.474782e-16 -5.509384e-01  8.345459e-01
   outer loop
     vertex  6.595711e+01  2.688575e+01  3.390070e+01
     vertex  6.389128e+01  2.688575e+01  3.390070e+01
     vertex  6.492419e+01  2.313836e+01  3.142681e+01
   endloop
 endfacet
 facet normal  9.621216e-01 -5.819763e-02  2.663364e-01
   outer loop
     vertex  8.220749e+01  3.329398e+01  2.427745e+01
     vertex  8.351852e+01  3.539256e+01  2.000000e+01
     vertex  8.233443e+01  3.539256e+01  2.427745e+01
   endloop
 endfacet
 facet normal  8.731996e-01 -5.281884e-02  4.844922e-01
   outer loop
     vertex  8.220749e+01  3.329398e+01  2.427745e+01
     vertex  8.233443e+01  3.539256e+01  2.427745e+01
     vertex  8.018109e+01  3.539256e+01  2.815841e+01
   endloop
 endfacet
 facet normal  9.641644e-01 -1.170708e-01  2.380786e-01
   outer loop
     vertex  8.220749e+01  3.329398e+01  2.427745e+01
     vertex  8.297820e+01  3.094264e+01  2.000000e+01
     vertex  8.351852e+01  3.539256e+01  2.000000e+01
   endloop
 endfacet
 facet normal  9.283167e-01 -2.288095e-01  2.930431e-01
   outer loop
     vertex  8.220749e+01  3.329398e+01  2.427745e+01
     vertex  8.120305e+01  2.921880e+01  2.427745e+01
     vertex  8.297820e+01  3.094264e+01  2.000000e+01
   endloop
 endfacet
 facet normal -8.423791e-02 -3.417666e-01  9.360019e-01
   outer loop
     vertex  6.386945e+01  3.111330e+01  3.544236e+01
     vertex  6.188548e+01  2.738013e+01  3.390070e+01
     vertex  6.389128e+01  2.688575e+01  3.390070e+01
   endloop
 endfacet
 facet normal -1.223419e-01 -3.225891e-01  9.385993e-01
   outer loop
     vertex  6.386945e+01  3.111330e+01  3.544236e+01
     vertex  6.287601e+01  3.149006e+01  3.544236e+01
     vertex  6.188548e+01  2.738013e+01  3.390070e+01
   endloop
 endfacet
 facet normal -4.213689e-02 -1.111059e-01  9.929149e-01
   outer loop
     vertex  6.386945e+01  3.111330e+01  3.544236e+01
     vertex  6.492419e+01  3.539256e+01  3.596597e+01
     vertex  6.287601e+01  3.149006e+01  3.544236e+01
   endloop
 endfacet
 facet normal  7.849033e-01 -4.119490e-01  4.628443e-01
   outer loop
     vertex  7.843351e+01  2.830232e+01  2.815841e+01
     vertex  7.925254e+01  2.550242e+01  2.427745e+01
     vertex  8.120305e+01  2.921880e+01  2.427745e+01
   endloop
 endfacet
 facet normal  7.108214e-01 -4.906446e-01  5.039849e-01
   outer loop
     vertex  7.843351e+01  2.830232e+01  2.815841e+01
     vertex  7.634415e+01  2.527536e+01  2.815841e+01
     vertex  7.925254e+01  2.550242e+01  2.427745e+01
   endloop
 endfacet
 facet normal  4.126611e-01 -5.978428e-01  6.872371e-01
   outer loop
     vertex  7.305023e+01  2.622016e+01  3.142681e+01
     vertex  7.061900e+01  2.454201e+01  3.142681e+01
     vertex  7.359110e+01  2.283638e+01  2.815841e+01
   endloop
 endfacet
 facet normal  4.966627e-01 -5.606163e-01  6.625975e-01
   outer loop
     vertex  7.305023e+01  2.622016e+01  3.142681e+01
     vertex  7.359110e+01  2.283638e+01  2.815841e+01
     vertex  7.634415e+01  2.527536e+01  2.815841e+01
   endloop
 endfacet
 facet normal  2.010013e-01 -5.299970e-01  8.238335e-01
   outer loop
     vertex  6.796291e+01  2.738013e+01  3.390070e+01
     vertex  6.785682e+01  2.349445e+01  3.142681e+01
     vertex  7.061900e+01  2.454201e+01  3.142681e+01
   endloop
 endfacet
 facet normal  1.318482e-01 -5.349291e-01  8.345459e-01
   outer loop
     vertex  6.796291e+01  2.738013e+01  3.390070e+01
     vertex  6.595711e+01  2.688575e+01  3.390070e+01
     vertex  6.785682e+01  2.349445e+01  3.142681e+01
   endloop
 endfacet
 facet normal -1.432310e-02 -1.179613e-01  9.929149e-01
   outer loop
     vertex  6.492419e+01  3.098523e+01  3.544236e+01
     vertex  6.492419e+01  3.539256e+01  3.596597e+01
     vertex  6.386945e+01  3.111330e+01  3.544236e+01
   endloop
 endfacet
 facet normal -4.158626e-02 -3.424936e-01  9.385993e-01
   outer loop
     vertex  6.492419e+01  3.098523e+01  3.544236e+01
     vertex  6.386945e+01  3.111330e+01  3.544236e+01
     vertex  6.389128e+01  2.688575e+01  3.390070e+01
   endloop
 endfacet
 facet normal -5.889858e-16 -3.519950e-01  9.360019e-01
   outer loop
     vertex  6.492419e+01  3.098523e+01  3.544236e+01
     vertex  6.389128e+01  2.688575e+01  3.390070e+01
     vertex  6.595711e+01  2.688575e+01  3.390070e+01
   endloop
 endfacet
 facet normal  8.075852e-01 -3.062767e-01  5.039849e-01
   outer loop
     vertex  7.973775e+01  3.174134e+01  2.815841e+01
     vertex  7.843351e+01  2.830232e+01  2.815841e+01
     vertex  8.120305e+01  2.921880e+01  2.427745e+01
   endloop
 endfacet
 facet normal  8.574150e-01 -1.041090e-01  5.039849e-01
   outer loop
     vertex  7.973775e+01  3.174134e+01  2.815841e+01
     vertex  8.220749e+01  3.329398e+01  2.427745e+01
     vertex  8.018109e+01  3.539256e+01  2.815841e+01
   endloop
 endfacet
 facet normal  8.606813e-01 -2.121389e-01  4.628443e-01
   outer loop
     vertex  7.973775e+01  3.174134e+01  2.815841e+01
     vertex  8.120305e+01  2.921880e+01  2.427745e+01
     vertex  8.220749e+01  3.329398e+01  2.427745e+01
   endloop
 endfacet
 facet normal  5.437430e-01 -4.817143e-01  6.872371e-01
   outer loop
     vertex  7.500920e+01  2.843138e+01  3.142681e+01
     vertex  7.305023e+01  2.622016e+01  3.142681e+01
     vertex  7.634415e+01  2.527536e+01  2.815841e+01
   endloop
 endfacet
 facet normal  6.163949e-01 -4.254667e-01  6.625975e-01
   outer loop
     vertex  7.500920e+01  2.843138e+01  3.142681e+01
     vertex  7.634415e+01  2.527536e+01  2.815841e+01
     vertex  7.843351e+01  2.830232e+01  2.815841e+01
   endloop
 endfacet
 facet normal  3.219972e-01 -4.664935e-01  8.238335e-01
   outer loop
     vertex  6.979211e+01  2.834017e+01  3.390070e+01
     vertex  7.061900e+01  2.454201e+01  3.142681e+01
     vertex  7.305023e+01  2.622016e+01  3.142681e+01
   endloop
 endfacet
 facet normal  2.560338e-01 -4.878317e-01  8.345459e-01
   outer loop
     vertex  6.979211e+01  2.834017e+01  3.390070e+01
     vertex  6.796291e+01  2.738013e+01  3.390070e+01
     vertex  7.061900e+01  2.454201e+01  3.142681e+01
   endloop
 endfacet
 facet normal  1.432310e-02 -1.179613e-01  9.929149e-01
   outer loop
     vertex  6.597894e+01  3.111330e+01  3.544236e+01
     vertex  6.492419e+01  3.539256e+01  3.596597e+01
     vertex  6.492419e+01  3.098523e+01  3.544236e+01
   endloop
 endfacet
 facet normal  4.158626e-02 -3.424936e-01  9.385993e-01
   outer loop
     vertex  6.597894e+01  3.111330e+01  3.544236e+01
     vertex  6.492419e+01  3.098523e+01  3.544236e+01
     vertex  6.595711e+01  2.688575e+01  3.390070e+01
   endloop
 endfacet
 facet normal  8.423791e-02 -3.417666e-01  9.360019e-01
   outer loop
     vertex  6.597894e+01  3.111330e+01  3.544236e+01
     vertex  6.595711e+01  2.688575e+01  3.390070e+01
     vertex  6.796291e+01  2.738013e+01  3.390070e+01
   endloop
 endfacet
 facet normal  7.003044e-01 -2.655904e-01  6.625975e-01
   outer loop
     vertex  7.638207e+01  3.104716e+01  3.142681e+01
     vertex  7.843351e+01  2.830232e+01  2.815841e+01
     vertex  7.973775e+01  3.174134e+01  2.815841e+01
   endloop
 endfacet
 facet normal  6.432246e-01 -3.375903e-01  6.872371e-01
   outer loop
     vertex  7.638207e+01  3.104716e+01  3.142681e+01
     vertex  7.500920e+01  2.843138e+01  3.142681e+01
     vertex  7.843351e+01  2.830232e+01  2.815841e+01
   endloop
 endfacet
 facet normal  3.653397e-01 -4.123833e-01  8.345459e-01
   outer loop
     vertex  7.133840e+01  2.971007e+01  3.390070e+01
     vertex  6.979211e+01  2.834017e+01  3.390070e+01
     vertex  7.305023e+01  2.622016e+01  3.142681e+01
   endloop
 endfacet
 facet normal  4.242797e-01 -3.758790e-01  8.238335e-01
   outer loop
     vertex  7.133840e+01  2.971007e+01  3.390070e+01
     vertex  7.305023e+01  2.622016e+01  3.142681e+01
     vertex  7.500920e+01  2.843138e+01  3.142681e+01
   endloop
 endfacet
 facet normal  1.635802e-01 -3.116761e-01  9.360019e-01
   outer loop
     vertex  6.697238e+01  3.149006e+01  3.544236e+01
     vertex  6.796291e+01  2.738013e+01  3.390070e+01
     vertex  6.979211e+01  2.834017e+01  3.390070e+01
   endloop
 endfacet
 facet normal  1.223419e-01 -3.225891e-01  9.385993e-01
   outer loop
     vertex  6.697238e+01  3.149006e+01  3.544236e+01
     vertex  6.597894e+01  3.111330e+01  3.544236e+01
     vertex  6.796291e+01  2.738013e+01  3.390070e+01
   endloop
 endfacet
 facet normal  4.213689e-02 -1.111059e-01  9.929149e-01
   outer loop
     vertex  6.697238e+01  3.149006e+01  3.544236e+01
     vertex  6.492419e+01  3.539256e+01  3.596597e+01
     vertex  6.597894e+01  3.111330e+01  3.544236e+01
   endloop
 endfacet
 facet normal  7.356759e-01 -4.450020e-02  6.758703e-01
   outer loop
     vertex  7.708904e+01  3.391548e+01  3.142681e+01
     vertex  8.018109e+01  3.539256e+01  2.815841e+01
     vertex  7.717839e+01  3.539256e+01  3.142681e+01
   endloop
 endfacet
 facet normal  7.435148e-01 -9.027904e-02  6.625975e-01
   outer loop
     vertex  7.708904e+01  3.391548e+01  3.142681e+01
     vertex  7.973775e+01  3.174134e+01  2.815841e+01
     vertex  8.018109e+01  3.539256e+01  2.815841e+01
   endloop
 endfacet
 facet normal  5.570778e-01 -3.369700e-02  8.297764e-01
   outer loop
     vertex  7.708904e+01  3.391548e+01  3.142681e+01
     vertex  7.717839e+01  3.539256e+01  3.142681e+01
     vertex  7.349348e+01  3.539256e+01  3.390070e+01
   endloop
 endfacet
 facet normal  7.053244e-01 -1.738468e-01  6.872371e-01
   outer loop
     vertex  7.708904e+01  3.391548e+01  3.142681e+01
     vertex  7.638207e+01  3.104716e+01  3.142681e+01
     vertex  7.973775e+01  3.174134e+01  2.815841e+01
   endloop
 endfacet
 facet normal  5.019047e-01 -2.634199e-01  8.238335e-01
   outer loop
     vertex  7.251192e+01  3.141021e+01  3.390070e+01
     vertex  7.500920e+01  2.843138e+01  3.142681e+01
     vertex  7.638207e+01  3.104716e+01  3.142681e+01
   endloop
 endfacet
 facet normal  4.534134e-01 -3.129687e-01  8.345459e-01
   outer loop
     vertex  7.251192e+01  3.141021e+01  3.390070e+01
     vertex  7.133840e+01  2.971007e+01  3.390070e+01
     vertex  7.500920e+01  2.843138e+01  3.142681e+01
   endloop
 endfacet
 facet normal  6.750184e-02 -9.779330e-02  9.929149e-01
   outer loop
     vertex  6.784679e+01  3.209363e+01  3.544236e+01
     vertex  6.492419e+01  3.539256e+01  3.596597e+01
     vertex  6.697238e+01  3.149006e+01  3.544236e+01
   endloop
 endfacet
 facet normal  2.334158e-01 -2.634720e-01  9.360019e-01
   outer loop
     vertex  6.784679e+01  3.209363e+01  3.544236e+01
     vertex  6.979211e+01  2.834017e+01  3.390070e+01
     vertex  7.133840e+01  2.971007e+01  3.390070e+01
   endloop
 endfacet
 facet normal  1.959875e-01 -2.839370e-01  9.385993e-01
   outer loop
     vertex  6.784679e+01  3.209363e+01  3.544236e+01
     vertex  6.697238e+01  3.149006e+01  3.544236e+01
     vertex  6.979211e+01  2.834017e+01  3.390070e+01
   endloop
 endfacet
 facet normal  5.469214e-01 -6.640829e-02  8.345459e-01
   outer loop
     vertex  7.324448e+01  3.334179e+01  3.390070e+01
     vertex  7.708904e+01  3.391548e+01  3.142681e+01
     vertex  7.349348e+01  3.539256e+01  3.390070e+01
   endloop
 endfacet
 facet normal  5.503607e-01 -1.356517e-01  8.238335e-01
   outer loop
     vertex  7.324448e+01  3.334179e+01  3.390070e+01
     vertex  7.638207e+01  3.104716e+01  3.142681e+01
     vertex  7.708904e+01  3.391548e+01  3.142681e+01
   endloop
 endfacet
 facet normal  5.151364e-01 -1.953654e-01  8.345459e-01
   outer loop
     vertex  7.324448e+01  3.334179e+01  3.390070e+01
     vertex  7.251192e+01  3.141021e+01  3.390070e+01
     vertex  7.638207e+01  3.104716e+01  3.142681e+01
   endloop
 endfacet
 facet normal  8.894383e-02 -7.879736e-02  9.929149e-01
   outer loop
     vertex  6.855135e+01  3.288891e+01  3.544236e+01
     vertex  6.492419e+01  3.539256e+01  3.596597e+01
     vertex  6.784679e+01  3.209363e+01  3.544236e+01
   endloop
 endfacet
 facet normal  2.896862e-01 -1.999559e-01  9.360019e-01
   outer loop
     vertex  6.855135e+01  3.288891e+01  3.544236e+01
     vertex  7.133840e+01  2.971007e+01  3.390070e+01
     vertex  7.251192e+01  3.141021e+01  3.390070e+01
   endloop
 endfacet
 facet normal  2.582430e-01 -2.287834e-01  9.385993e-01
   outer loop
     vertex  6.855135e+01  3.288891e+01  3.544236e+01
     vertex  6.784679e+01  3.209363e+01  3.544236e+01
     vertex  7.133840e+01  2.971007e+01  3.390070e+01
   endloop
 endfacet
 facet normal  1.052167e-01 -5.522200e-02  9.929149e-01
   outer loop
     vertex  6.904512e+01  3.382970e+01  3.544236e+01
     vertex  6.492419e+01  3.539256e+01  3.596597e+01
     vertex  6.855135e+01  3.288891e+01  3.544236e+01
   endloop
 endfacet
 facet normal  3.291210e-01 -1.248191e-01  9.360019e-01
   outer loop
     vertex  6.904512e+01  3.382970e+01  3.544236e+01
     vertex  7.251192e+01  3.141021e+01  3.390070e+01
     vertex  7.324448e+01  3.334179e+01  3.390070e+01
   endloop
 endfacet
 facet normal  3.054904e-01 -1.603337e-01  9.385993e-01
   outer loop
     vertex  6.904512e+01  3.382970e+01  3.544236e+01
     vertex  6.855135e+01  3.288891e+01  3.544236e+01
     vertex  7.251192e+01  3.141021e+01  3.390070e+01
   endloop
 endfacet
 facet normal  3.472760e-01 -2.100633e-02  9.375277e-01
   outer loop
     vertex  6.929939e+01  3.486131e+01  3.544236e+01
     vertex  7.349348e+01  3.539256e+01  3.390070e+01
     vertex  6.933152e+01  3.539256e+01  3.544236e+01
   endloop
 endfacet
 facet normal  1.179704e-01 -7.135897e-03  9.929915e-01
   outer loop
     vertex  6.929939e+01  3.486131e+01  3.544236e+01
     vertex  6.933152e+01  3.539256e+01  3.544236e+01
     vertex  6.492419e+01  3.539256e+01  3.596597e+01
   endloop
 endfacet
 facet normal  1.153748e-01 -2.843734e-02  9.929149e-01
   outer loop
     vertex  6.929939e+01  3.486131e+01  3.544236e+01
     vertex  6.492419e+01  3.539256e+01  3.596597e+01
     vertex  6.904512e+01  3.382970e+01  3.544236e+01
   endloop
 endfacet
 facet normal  3.494285e-01 -4.242831e-02  9.360019e-01
   outer loop
     vertex  6.929939e+01  3.486131e+01  3.544236e+01
     vertex  7.324448e+01  3.334179e+01  3.390070e+01
     vertex  7.349348e+01  3.539256e+01  3.390070e+01
   endloop
 endfacet
 facet normal  3.349838e-01 -8.256609e-02  9.385993e-01
   outer loop
     vertex  6.929939e+01  3.486131e+01  3.544236e+01
     vertex  6.904512e+01  3.382970e+01  3.544236e+01
     vertex  7.324448e+01  3.334179e+01  3.390070e+01
   endloop
 endfacet
 facet normal  3.446822e-01  4.185199e-02 -9.377860e-01
   outer loop
     vertex  7.241600e+01  3.723912e+01  0.000000e+00
     vertex  7.264022e+01  3.539256e+01 -3.552714e-15
     vertex  7.015476e+01  3.539256e+01 -9.135266e-01
   endloop
 endfacet
 facet normal  2.929331e-01  1.110949e-01 -9.496568e-01
   outer loop
     vertex  7.175639e+01  3.897837e+01  0.000000e+00
     vertex  7.241600e+01  3.723912e+01  0.000000e+00
     vertex  7.015476e+01  3.539256e+01 -9.135266e-01
   endloop
 endfacet
 facet normal  2.929331e-01 -1.110949e-01 -9.496568e-01
   outer loop
     vertex  7.241600e+01  3.354599e+01  0.000000e+00
     vertex  7.175639e+01  3.180674e+01  0.000000e+00
     vertex  7.015476e+01  3.539256e+01 -9.135266e-01
   endloop
 endfacet
 facet normal  3.446822e-01 -4.185199e-02 -9.377860e-01
   outer loop
     vertex  7.264022e+01  3.539256e+01 -3.552714e-15
     vertex  7.241600e+01  3.354599e+01  0.000000e+00
     vertex  7.015476e+01  3.539256e+01 -9.135266e-01
   endloop
 endfacet
 facet normal  2.090029e-01 -8.509400e-02 -9.742057e-01
   outer loop
     vertex  6.884122e+01  3.586817e+01 -1.236872e+00
     vertex  7.015476e+01  3.539256e+01 -9.135266e-01
     vertex  6.756565e+01  3.539256e+01 -1.468986e+00
   endloop
 endfacet
 facet normal  1.642506e-01  4.048414e-02 -9.855875e-01
   outer loop
     vertex  6.861358e+01  3.679176e+01 -1.236872e+00
     vertex  6.884122e+01  3.586817e+01 -1.236872e+00
     vertex  6.756565e+01  3.539256e+01 -1.468986e+00
   endloop
 endfacet
 facet normal  2.603851e-01  6.417916e-02 -9.633694e-01
   outer loop
     vertex  6.861358e+01  3.679176e+01 -1.236872e+00
     vertex  7.015476e+01  3.539256e+01 -9.135266e-01
     vertex  6.884122e+01  3.586817e+01 -1.236872e+00
   endloop
 endfacet
 facet normal  2.600390e-01  1.794920e-01 -9.487688e-01
   outer loop
     vertex  6.817152e+01  3.763402e+01 -1.236872e+00
     vertex  7.069972e+01  4.050923e+01  0.000000e+00
     vertex  7.175639e+01  3.897837e+01  0.000000e+00
   endloop
 endfacet
 facet normal  7.013758e-02  8.397433e-02 -9.939965e-01
   outer loop
     vertex  6.817152e+01  3.763402e+01 -1.236872e+00
     vertex  6.756565e+01  3.539256e+01 -1.468986e+00
     vertex  6.492419e+01  3.539256e+01 -1.655370e+00
   endloop
 endfacet
 facet normal  2.851657e-01  1.150462e-01 -9.515487e-01
   outer loop
     vertex  6.817152e+01  3.763402e+01 -1.236872e+00
     vertex  7.175639e+01  3.897837e+01  0.000000e+00
     vertex  7.015476e+01  3.539256e+01 -9.135266e-01
   endloop
 endfacet
 facet normal  1.288475e-01  6.762440e-02 -9.893560e-01
   outer loop
     vertex  6.817152e+01  3.763402e+01 -1.236872e+00
     vertex  6.861358e+01  3.679176e+01 -1.236872e+00
     vertex  6.756565e+01  3.539256e+01 -1.468986e+00
   endloop
 endfacet
 facet normal  3.651073e-01  1.916231e-01 -9.110309e-01
   outer loop
     vertex  6.817152e+01  3.763402e+01 -1.236872e+00
     vertex  7.015476e+01  3.539256e+01 -9.135266e-01
     vertex  6.861358e+01  3.679176e+01 -1.236872e+00
   endloop
 endfacet
 facet normal  2.095275e-01  2.365077e-01 -9.487688e-01
   outer loop
     vertex  6.754074e+01  3.834603e+01 -1.236872e+00
     vertex  6.930739e+01  4.174272e+01  0.000000e+00
     vertex  7.069972e+01  4.050923e+01  0.000000e+00
   endloop
 endfacet
 facet normal  7.951884e-02  7.044754e-02 -9.943409e-01
   outer loop
     vertex  6.754074e+01  3.834603e+01 -1.236872e+00
     vertex  6.817152e+01  3.763402e+01 -1.236872e+00
     vertex  6.492419e+01  3.539256e+01 -1.655370e+00
   endloop
 endfacet
 facet normal  2.317268e-01  2.052921e-01 -9.508721e-01
   outer loop
     vertex  6.754074e+01  3.834603e+01 -1.236872e+00
     vertex  7.069972e+01  4.050923e+01  0.000000e+00
     vertex  6.817152e+01  3.763402e+01 -1.236872e+00
   endloop
 endfacet
 facet normal  1.468390e-01  2.797784e-01 -9.487688e-01
   outer loop
     vertex  6.675790e+01  3.888639e+01 -1.236872e+00
     vertex  6.766033e+01  4.260716e+01  0.000000e+00
     vertex  6.930739e+01  4.174272e+01  0.000000e+00
   endloop
 endfacet
 facet normal  1.758637e-01  2.547825e-01 -9.508721e-01
   outer loop
     vertex  6.675790e+01  3.888639e+01 -1.236872e+00
     vertex  6.930739e+01  4.174272e+01  0.000000e+00
     vertex  6.754074e+01  3.834603e+01 -1.236872e+00
   endloop
 endfacet
 facet normal  6.034896e-02  8.743057e-02 -9.943409e-01
   outer loop
     vertex  6.675790e+01  3.888639e+01 -1.236872e+00
     vertex  6.754074e+01  3.834603e+01 -1.236872e+00
     vertex  6.492419e+01  3.539256e+01 -1.655370e+00
   endloop
 endfacet
 facet normal  7.561681e-02  3.067895e-01 -9.487688e-01
   outer loop
     vertex  6.586849e+01  3.922370e+01 -1.236872e+00
     vertex  6.585426e+01  4.305232e+01  0.000000e+00
     vertex  6.766033e+01  4.260716e+01  0.000000e+00
   endloop
 endfacet
 facet normal  1.097799e-01  2.894659e-01 -9.508721e-01
   outer loop
     vertex  6.586849e+01  3.922370e+01 -1.236872e+00
     vertex  6.766033e+01  4.260716e+01  0.000000e+00
     vertex  6.675790e+01  3.888639e+01 -1.236872e+00
   endloop
 endfacet
 facet normal  3.767183e-02  9.933245e-02 -9.943409e-01
   outer loop
     vertex  6.586849e+01  3.922370e+01 -1.236872e+00
     vertex  6.675790e+01  3.888639e+01 -1.236872e+00
     vertex  6.492419e+01  3.539256e+01 -1.655370e+00
   endloop
 endfacet
 facet normal  0.000000e+00  3.159710e-01 -9.487688e-01
   outer loop
     vertex  6.492419e+01  3.933835e+01 -1.236872e+00
     vertex  6.399413e+01  4.305232e+01  0.000000e+00
     vertex  6.585426e+01  4.305232e+01  0.000000e+00
   endloop
 endfacet
 facet normal  3.731621e-02  3.073266e-01 -9.508721e-01
   outer loop
     vertex  6.492419e+01  3.933835e+01 -1.236872e+00
     vertex  6.585426e+01  4.305232e+01  0.000000e+00
     vertex  6.586849e+01  3.922370e+01 -1.236872e+00
   endloop
 endfacet
 facet normal  1.280534e-02  1.054615e-01 -9.943409e-01
   outer loop
     vertex  6.492419e+01  3.933835e+01 -1.236872e+00
     vertex  6.586849e+01  3.922370e+01 -1.236872e+00
     vertex  6.492419e+01  3.539256e+01 -1.655370e+00
   endloop
 endfacet
 facet normal -7.561681e-02  3.067895e-01 -9.487688e-01
   outer loop
     vertex  6.397990e+01  3.922370e+01 -1.236872e+00
     vertex  6.218806e+01  4.260716e+01  0.000000e+00
     vertex  6.399413e+01  4.305232e+01  0.000000e+00
   endloop
 endfacet
 facet normal -3.731621e-02  3.073266e-01 -9.508721e-01
   outer loop
     vertex  6.397990e+01  3.922370e+01 -1.236872e+00
     vertex  6.399413e+01  4.305232e+01  0.000000e+00
     vertex  6.492419e+01  3.933835e+01 -1.236872e+00
   endloop
 endfacet
 facet normal -1.280534e-02  1.054615e-01 -9.943409e-01
   outer loop
     vertex  6.397990e+01  3.922370e+01 -1.236872e+00
     vertex  6.492419e+01  3.933835e+01 -1.236872e+00
     vertex  6.492419e+01  3.539256e+01 -1.655370e+00
   endloop
 endfacet
 facet normal -1.468390e-01  2.797784e-01 -9.487688e-01
   outer loop
     vertex  6.309049e+01  3.888639e+01 -1.236872e+00
     vertex  6.054100e+01  4.174272e+01  0.000000e+00
     vertex  6.218806e+01  4.260716e+01  0.000000e+00
   endloop
 endfacet
 facet normal -1.097799e-01  2.894659e-01 -9.508721e-01
   outer loop
     vertex  6.309049e+01  3.888639e+01 -1.236872e+00
     vertex  6.218806e+01  4.260716e+01  0.000000e+00
     vertex  6.397990e+01  3.922370e+01 -1.236872e+00
   endloop
 endfacet
 facet normal -3.767183e-02  9.933245e-02 -9.943409e-01
   outer loop
     vertex  6.309049e+01  3.888639e+01 -1.236872e+00
     vertex  6.397990e+01  3.922370e+01 -1.236872e+00
     vertex  6.492419e+01  3.539256e+01 -1.655370e+00
   endloop
 endfacet
 facet normal -2.095275e-01  2.365077e-01 -9.487688e-01
   outer loop
     vertex  6.230765e+01  3.834603e+01 -1.236872e+00
     vertex  5.914867e+01  4.050923e+01  0.000000e+00
     vertex  6.054100e+01  4.174272e+01  0.000000e+00
   endloop
 endfacet
 facet normal -1.758637e-01  2.547825e-01 -9.508721e-01
   outer loop
     vertex  6.230765e+01  3.834603e+01 -1.236872e+00
     vertex  6.054100e+01  4.174272e+01  0.000000e+00
     vertex  6.309049e+01  3.888639e+01 -1.236872e+00
   endloop
 endfacet
 facet normal -6.034896e-02  8.743057e-02 -9.943409e-01
   outer loop
     vertex  6.230765e+01  3.834603e+01 -1.236872e+00
     vertex  6.309049e+01  3.888639e+01 -1.236872e+00
     vertex  6.492419e+01  3.539256e+01 -1.655370e+00
   endloop
 endfacet
 facet normal -2.600390e-01  1.794920e-01 -9.487688e-01
   outer loop
     vertex  6.167687e+01  3.763402e+01 -1.236872e+00
     vertex  5.809200e+01  3.897837e+01  0.000000e+00
     vertex  5.914867e+01  4.050923e+01  0.000000e+00
   endloop
 endfacet
 facet normal -2.317268e-01  2.052921e-01 -9.508721e-01
   outer loop
     vertex  6.167687e+01  3.763402e+01 -1.236872e+00
     vertex  5.914867e+01  4.050923e+01  0.000000e+00
     vertex  6.230765e+01  3.834603e+01 -1.236872e+00
   endloop
 endfacet
 facet normal -7.951884e-02  7.044754e-02 -9.943409e-01
   outer loop
     vertex  6.167687e+01  3.763402e+01 -1.236872e+00
     vertex  6.230765e+01  3.834603e+01 -1.236872e+00
     vertex  6.492419e+01  3.539256e+01 -1.655370e+00
   endloop
 endfacet
 facet normal -2.954380e-01  1.120449e-01 -9.487688e-01
   outer loop
     vertex  6.123481e+01  3.679176e+01 -1.236872e+00
     vertex  5.743239e+01  3.723912e+01  0.000000e+00
     vertex  5.809200e+01  3.897837e+01  0.000000e+00
   endloop
 endfacet
 facet normal -2.741229e-01  1.438708e-01 -9.508721e-01
   outer loop
     vertex  6.123481e+01  3.679176e+01 -1.236872e+00
     vertex  5.809200e+01  3.897837e+01  0.000000e+00
     vertex  6.167687e+01  3.763402e+01 -1.236872e+00
   endloop
 endfacet
 facet normal -9.406736e-02  4.937036e-02 -9.943409e-01
   outer loop
     vertex  6.123481e+01  3.679176e+01 -1.236872e+00
     vertex  6.167687e+01  3.763402e+01 -1.236872e+00
     vertex  6.492419e+01  3.539256e+01 -1.655370e+00
   endloop
 endfacet
 facet normal -3.136672e-01  3.808610e-02 -9.487688e-01
   outer loop
     vertex  6.100717e+01  3.586817e+01 -1.236872e+00
     vertex  5.720817e+01  3.539256e+01  0.000000e+00
     vertex  5.743239e+01  3.723912e+01  0.000000e+00
   endloop
 endfacet
 facet normal -3.005879e-01  7.408826e-02 -9.508721e-01
   outer loop
     vertex  6.100717e+01  3.586817e+01 -1.236872e+00
     vertex  5.743239e+01  3.723912e+01  0.000000e+00
     vertex  6.123481e+01  3.679176e+01 -1.236872e+00
   endloop
 endfacet
 facet normal -1.031490e-01  2.542395e-02 -9.943409e-01
   outer loop
     vertex  6.100717e+01  3.586817e+01 -1.236872e+00
     vertex  6.123481e+01  3.679176e+01 -1.236872e+00
     vertex  6.492419e+01  3.539256e+01 -1.655370e+00
   endloop
 endfacet
 facet normal -3.136672e-01 -3.808610e-02 -9.487688e-01
   outer loop
     vertex  6.100717e+01  3.491694e+01 -1.236872e+00
     vertex  5.743239e+01  3.354599e+01  0.000000e+00
     vertex  5.720817e+01  3.539256e+01  0.000000e+00
   endloop
 endfacet
 facet normal  0.000000e+00  0.000000e+00  0.000000e+00
   outer loop
     vertex  6.100717e+01  3.491694e+01 -1.236872e+00
     vertex  6.492419e+01  3.539256e+01 -1.655370e+00
     vertex  6.492419e+01  3.539256e+01 -1.655370e+00
   endloop
 endfacet
 facet normal -3.095838e-01  0.000000e+00 -9.508721e-01
   outer loop
     vertex  6.100717e+01  3.491694e+01 -1.236872e+00
     vertex  5.720817e+01  3.539256e+01  0.000000e+00
     vertex  6.100717e+01  3.586817e+01 -1.236872e+00
   endloop
 endfacet
 facet normal -1.062361e-01  0.000000e+00 -9.943409e-01
   outer loop
     vertex  6.100717e+01  3.491694e+01 -1.236872e+00
     vertex  6.100717e+01  3.586817e+01 -1.236872e+00
     vertex  6.492419e+01  3.539256e+01 -1.655370e+00
   endloop
 endfacet
 facet normal -1.031490e-01 -2.542395e-02 -9.943409e-01
   outer loop
     vertex  6.123481e+01  3.399336e+01 -1.236872e+00
     vertex  6.100717e+01  3.491694e+01 -1.236872e+00
     vertex  6.492419e+01  3.539256e+01 -1.655370e+00
   endloop
 endfacet
 facet normal -2.954380e-01 -1.120449e-01 -9.487688e-01
   outer loop
     vertex  6.123481e+01  3.399336e+01 -1.236872e+00
     vertex  5.809200e+01  3.180674e+01  0.000000e+00
     vertex  5.743239e+01  3.354599e+01  0.000000e+00
   endloop
 endfacet
 facet normal -3.005879e-01 -7.408826e-02 -9.508721e-01
   outer loop
     vertex  6.123481e+01  3.399336e+01 -1.236872e+00
     vertex  5.743239e+01  3.354599e+01  0.000000e+00
     vertex  6.100717e+01  3.491694e+01 -1.236872e+00
   endloop
 endfacet
 facet normal -2.600390e-01 -1.794920e-01 -9.487688e-01
   outer loop
     vertex  6.167687e+01  3.315109e+01 -1.236872e+00
     vertex  5.914867e+01  3.027589e+01  0.000000e+00
     vertex  5.809200e+01  3.180674e+01  0.000000e+00
   endloop
 endfacet
 facet normal -2.741229e-01 -1.438708e-01 -9.508721e-01
   outer loop
     vertex  6.167687e+01  3.315109e+01 -1.236872e+00
     vertex  5.809200e+01  3.180674e+01  0.000000e+00
     vertex  6.123481e+01  3.399336e+01 -1.236872e+00
   endloop
 endfacet
 facet normal -9.406736e-02 -4.937036e-02 -9.943409e-01
   outer loop
     vertex  6.167687e+01  3.315109e+01 -1.236872e+00
     vertex  6.123481e+01  3.399336e+01 -1.236872e+00
     vertex  6.492419e+01  3.539256e+01 -1.655370e+00
   endloop
 endfacet
 facet normal -2.317268e-01 -2.052921e-01 -9.508721e-01
   outer loop
     vertex  6.230765e+01  3.243909e+01 -1.236872e+00
     vertex  5.914867e+01  3.027589e+01  0.000000e+00
     vertex  6.167687e+01  3.315109e+01 -1.236872e+00
   endloop
 endfacet
 facet normal -7.951884e-02 -7.044754e-02 -9.943409e-01
   outer loop
     vertex  6.230765e+01  3.243909e+01 -1.236872e+00
     vertex  6.167687e+01  3.315109e+01 -1.236872e+00
     vertex  6.492419e+01  3.539256e+01 -1.655370e+00
   endloop
 endfacet
 facet normal -2.095275e-01 -2.365077e-01 -9.487688e-01
   outer loop
     vertex  6.230765e+01  3.243909e+01 -1.236872e+00
     vertex  6.054100e+01  2.904240e+01  0.000000e+00
     vertex  5.914867e+01  3.027589e+01  0.000000e+00
   endloop
 endfacet
 facet normal -1.468390e-01 -2.797784e-01 -9.487688e-01
   outer loop
     vertex  6.309049e+01  3.189873e+01 -1.236872e+00
     vertex  6.218806e+01  2.817795e+01  0.000000e+00
     vertex  6.054100e+01  2.904240e+01  0.000000e+00
   endloop
 endfacet
 facet normal -1.758637e-01 -2.547825e-01 -9.508721e-01
   outer loop
     vertex  6.309049e+01  3.189873e+01 -1.236872e+00
     vertex  6.054100e+01  2.904240e+01  0.000000e+00
     vertex  6.230765e+01  3.243909e+01 -1.236872e+00
   endloop
 endfacet
 facet normal -6.034896e-02 -8.743057e-02 -9.943409e-01
   outer loop
     vertex  6.309049e+01  3.189873e+01 -1.236872e+00
     vertex  6.230765e+01  3.243909e+01 -1.236872e+00
     vertex  6.492419e+01  3.539256e+01 -1.655370e+00
   endloop
 endfacet
 facet normal -1.097799e-01 -2.894659e-01 -9.508721e-01
   outer loop
     vertex  6.397990e+01  3.156142e+01 -1.236872e+00
     vertex  6.218806e+01  2.817795e+01  0.000000e+00
     vertex  6.309049e+01  3.189873e+01 -1.236872e+00
   endloop
 endfacet
 facet normal -3.767183e-02 -9.933245e-02 -9.943409e-01
   outer loop
     vertex  6.397990e+01  3.156142e+01 -1.236872e+00
     vertex  6.309049e+01  3.189873e+01 -1.236872e+00
     vertex  6.492419e+01  3.539256e+01 -1.655370e+00
   endloop
 endfacet
 facet normal -7.561681e-02 -3.067895e-01 -9.487688e-01
   outer loop
     vertex  6.397990e+01  3.156142e+01 -1.236872e+00
     vertex  6.399413e+01  2.773279e+01  0.000000e+00
     vertex  6.218806e+01  2.817795e+01  0.000000e+00
   endloop
 endfacet
 facet normal -3.731621e-02 -3.073266e-01 -9.508721e-01
   outer loop
     vertex  6.492419e+01  3.144676e+01 -1.236872e+00
     vertex  6.399413e+01  2.773279e+01  0.000000e+00
     vertex  6.397990e+01  3.156142e+01 -1.236872e+00
   endloop
 endfacet
 facet normal -1.219776e-15 -3.159710e-01 -9.487688e-01
   outer loop
     vertex  6.492419e+01  3.144676e+01 -1.236872e+00
     vertex  6.585426e+01  2.773279e+01  0.000000e+00
     vertex  6.399413e+01  2.773279e+01  0.000000e+00
   endloop
 endfacet
 facet normal -1.280534e-02 -1.054615e-01 -9.943409e-01
   outer loop
     vertex  6.492419e+01  3.144676e+01 -1.236872e+00
     vertex  6.397990e+01  3.156142e+01 -1.236872e+00
     vertex  6.492419e+01  3.539256e+01 -1.655370e+00
   endloop
 endfacet
 facet normal  3.731621e-02 -3.073266e-01 -9.508721e-01
   outer loop
     vertex  6.586849e+01  3.156142e+01 -1.236872e+00
     vertex  6.585426e+01  2.773279e+01  0.000000e+00
     vertex  6.492419e+01  3.144676e+01 -1.236872e+00
   endloop
 endfacet
 facet normal  1.280534e-02 -1.054615e-01 -9.943409e-01
   outer loop
     vertex  6.586849e+01  3.156142e+01 -1.236872e+00
     vertex  6.492419e+01  3.144676e+01 -1.236872e+00
     vertex  6.492419e+01  3.539256e+01 -1.655370e+00
   endloop
 endfacet
 facet normal  7.561681e-02 -3.067895e-01 -9.487688e-01
   outer loop
     vertex  6.586849e+01  3.156142e+01 -1.236872e+00
     vertex  6.766033e+01  2.817795e+01  0.000000e+00
     vertex  6.585426e+01  2.773279e+01  0.000000e+00
   endloop
 endfacet
 facet normal  1.097799e-01 -2.894659e-01 -9.508721e-01
   outer loop
     vertex  6.675790e+01  3.189873e+01 -1.236872e+00
     vertex  6.766033e+01  2.817795e+01  0.000000e+00
     vertex  6.586849e+01  3.156142e+01 -1.236872e+00
   endloop
 endfacet
 facet normal  1.468390e-01 -2.797784e-01 -9.487688e-01
   outer loop
     vertex  6.675790e+01  3.189873e+01 -1.236872e+00
     vertex  6.930739e+01  2.904240e+01  0.000000e+00
     vertex  6.766033e+01  2.817795e+01  0.000000e+00
   endloop
 endfacet
 facet normal  3.767183e-02 -9.933245e-02 -9.943409e-01
   outer loop
     vertex  6.675790e+01  3.189873e+01 -1.236872e+00
     vertex  6.586849e+01  3.156142e+01 -1.236872e+00
     vertex  6.492419e+01  3.539256e+01 -1.655370e+00
   endloop
 endfacet
 facet normal  1.758637e-01 -2.547825e-01 -9.508721e-01
   outer loop
     vertex  6.754074e+01  3.243909e+01 -1.236872e+00
     vertex  6.930739e+01  2.904240e+01  0.000000e+00
     vertex  6.675790e+01  3.189873e+01 -1.236872e+00
   endloop
 endfacet
 facet normal  2.095275e-01 -2.365077e-01 -9.487688e-01
   outer loop
     vertex  6.754074e+01  3.243909e+01 -1.236872e+00
     vertex  7.069972e+01  3.027589e+01  0.000000e+00
     vertex  6.930739e+01  2.904240e+01  0.000000e+00
   endloop
 endfacet
 facet normal  6.034896e-02 -8.743057e-02 -9.943409e-01
   outer loop
     vertex  6.754074e+01  3.243909e+01 -1.236872e+00
     vertex  6.675790e+01  3.189873e+01 -1.236872e+00
     vertex  6.492419e+01  3.539256e+01 -1.655370e+00
   endloop
 endfacet
 facet normal  2.600390e-01 -1.794920e-01 -9.487688e-01
   outer loop
     vertex  6.817152e+01  3.315109e+01 -1.236872e+00
     vertex  7.175639e+01  3.180674e+01  0.000000e+00
     vertex  7.069972e+01  3.027589e+01  0.000000e+00
   endloop
 endfacet
 facet normal  7.951884e-02 -7.044754e-02 -9.943409e-01
   outer loop
     vertex  6.817152e+01  3.315109e+01 -1.236872e+00
     vertex  6.754074e+01  3.243909e+01 -1.236872e+00
     vertex  6.492419e+01  3.539256e+01 -1.655370e+00
   endloop
 endfacet
 facet normal  7.013758e-02 -8.397433e-02 -9.939965e-01
   outer loop
     vertex  6.817152e+01  3.315109e+01 -1.236872e+00
     vertex  6.492419e+01  3.539256e+01 -1.655370e+00
     vertex  6.756565e+01  3.539256e+01 -1.468986e+00
   endloop
 endfacet
 facet normal  2.317268e-01 -2.052921e-01 -9.508721e-01
   outer loop
     vertex  6.817152e+01  3.315109e+01 -1.236872e+00
     vertex  7.069972e+01  3.027589e+01  0.000000e+00
     vertex  6.754074e+01  3.243909e+01 -1.236872e+00
   endloop
 endfacet
 facet normal  2.851657e-01 -1.150462e-01 -9.515487e-01
   outer loop
     vertex  6.817152e+01  3.315109e+01 -1.236872e+00
     vertex  7.015476e+01  3.539256e+01 -9.135266e-01
     vertex  7.175639e+01  3.180674e+01  0.000000e+00
   endloop
 endfacet
 facet normal  2.097610e-01 -5.097257e-03 -9.777394e-01
   outer loop
     vertex  6.861358e+01  3.399336e+01 -1.236872e+00
     vertex  6.756565e+01  3.539256e+01 -1.468986e+00
     vertex  7.015476e+01  3.539256e+01 -9.135266e-01
   endloop
 endfacet
 facet normal  1.288475e-01 -6.762440e-02 -9.893560e-01
   outer loop
     vertex  6.861358e+01  3.399336e+01 -1.236872e+00
     vertex  6.817152e+01  3.315109e+01 -1.236872e+00
     vertex  6.756565e+01  3.539256e+01 -1.468986e+00
   endloop
 endfacet
 facet normal  3.651073e-01 -1.916231e-01 -9.110309e-01
   outer loop
     vertex  6.861358e+01  3.399336e+01 -1.236872e+00
     vertex  7.015476e+01  3.539256e+01 -9.135266e-01
     vertex  6.817152e+01  3.315109e+01 -1.236872e+00
   endloop
 endfacet
endsolid
