solid 
 facet normal -1.000000e+00  0.000000e+00  0.000000e+00
   outer loop
     vertex  0.000000e+00  0.000000e+00  2.000000e+01
     vertex  0.000000e+00  8.249846e+01  0.000000e+00
     vertex  0.000000e+00  0.000000e+00  0.000000e+00
   endloop
 endfacet
 facet normal -1.000000e+00  0.000000e+00  0.000000e+00
   outer loop
     vertex  0.000000e+00  0.000000e+00  2.000000e+01
     vertex  0.000000e+00  8.249846e+01  2.000000e+01
     vertex  0.000000e+00  8.249846e+01  0.000000e+00
   endloop
 endfacet
 facet normal  0.000000e+00 -1.000000e+00  0.000000e+00
   outer loop
     vertex  1.407836e+02  0.000000e+00  0.000000e+00
     vertex  0.000000e+00  0.000000e+00  2.000000e+01
     vertex  0.000000e+00  0.000000e+00  0.000000e+00
   endloop
 endfacet
 facet normal -0.000000e+00 -1.000000e+00 -0.000000e+00
   outer loop
     vertex  1.407836e+02  0.000000e+00  2.000000e+01
     vertex  0.000000e+00  0.000000e+00  2.000000e+01
     vertex  1.407836e+02  0.000000e+00  0.000000e+00
   endloop
 endfacet
 facet normal  0.000000e+00  0.000000e+00  1.000000e+00
   outer loop
     vertex  4.426711e+01  3.222186e+01  2.000000e+01
     vertex  4.110620e+01  3.502218e+01  2.000000e+01
     vertex  0.000000e+00  0.000000e+00  2.000000e+01
   endloop
 endfacet
 facet normal  0.000000e+00  0.000000e+00  1.000000e+00
   outer loop
     vertex  3.870731e+01  3.849759e+01  2.000000e+01
     vertex  0.000000e+00  0.000000e+00  2.000000e+01
     vertex  4.110620e+01  3.502218e+01  2.000000e+01
   endloop
 endfacet
 facet normal  0.000000e+00  0.000000e+00  1.000000e+00
   outer loop
     vertex  4.800633e+01  3.025937e+01  2.000000e+01
     vertex  4.426711e+01  3.222186e+01  2.000000e+01
     vertex  0.000000e+00  0.000000e+00  2.000000e+01
   endloop
 endfacet
 facet normal  0.000000e+00  0.000000e+00  1.000000e+00
   outer loop
     vertex  3.720984e+01  4.244609e+01  2.000000e+01
     vertex  0.000000e+00  0.000000e+00  2.000000e+01
     vertex  3.870731e+01  3.849759e+01  2.000000e+01
   endloop
 endfacet
 facet normal  0.000000e+00  0.000000e+00  1.000000e+00
   outer loop
     vertex  5.210655e+01  2.924875e+01  2.000000e+01
     vertex  4.800633e+01  3.025937e+01  2.000000e+01
     vertex  0.000000e+00  0.000000e+00  2.000000e+01
   endloop
 endfacet
 facet normal  0.000000e+00  0.000000e+00  1.000000e+00
   outer loop
     vertex  3.670082e+01  4.663824e+01  2.000000e+01
     vertex  0.000000e+00  8.249846e+01  2.000000e+01
     vertex  0.000000e+00  0.000000e+00  2.000000e+01
   endloop
 endfacet
 facet normal  0.000000e+00  0.000000e+00  1.000000e+00
   outer loop
     vertex  3.670082e+01  4.663824e+01  2.000000e+01
     vertex  0.000000e+00  0.000000e+00  2.000000e+01
     vertex  3.720984e+01  4.244609e+01  2.000000e+01
   endloop
 endfacet
 facet normal  0.000000e+00  0.000000e+00  1.000000e+00
   outer loop
     vertex  5.632948e+01  2.924875e+01  2.000000e+01
     vertex  5.210655e+01  2.924875e+01  2.000000e+01
     vertex  0.000000e+00  0.000000e+00  2.000000e+01
   endloop
 endfacet
 facet normal  0.000000e+00  0.000000e+00  1.000000e+00
   outer loop
     vertex  3.720984e+01  5.083038e+01  2.000000e+01
     vertex  0.000000e+00  8.249846e+01  2.000000e+01
     vertex  3.670082e+01  4.663824e+01  2.000000e+01
   endloop
 endfacet
 facet normal  0.000000e+00  0.000000e+00  1.000000e+00
   outer loop
     vertex  3.870731e+01  5.477888e+01  2.000000e+01
     vertex  0.000000e+00  8.249846e+01  2.000000e+01
     vertex  3.720984e+01  5.083038e+01  2.000000e+01
   endloop
 endfacet
 facet normal  0.000000e+00  0.000000e+00  1.000000e+00
   outer loop
     vertex  4.110620e+01  5.825429e+01  2.000000e+01
     vertex  0.000000e+00  8.249846e+01  2.000000e+01
     vertex  3.870731e+01  5.477888e+01  2.000000e+01
   endloop
 endfacet
 facet normal  0.000000e+00  0.000000e+00  1.000000e+00
   outer loop
     vertex  4.426711e+01  6.105461e+01  2.000000e+01
     vertex  0.000000e+00  8.249846e+01  2.000000e+01
     vertex  4.110620e+01  5.825429e+01  2.000000e+01
   endloop
 endfacet
 facet normal  0.000000e+00  0.000000e+00  1.000000e+00
   outer loop
     vertex  4.800633e+01  6.301710e+01  2.000000e+01
     vertex  0.000000e+00  8.249846e+01  2.000000e+01
     vertex  4.426711e+01  6.105461e+01  2.000000e+01
   endloop
 endfacet
 facet normal  0.000000e+00  0.000000e+00  1.000000e+00
   outer loop
     vertex  5.210655e+01  6.402772e+01  2.000000e+01
     vertex  0.000000e+00  8.249846e+01  2.000000e+01
     vertex  4.800633e+01  6.301710e+01  2.000000e+01
   endloop
 endfacet
 facet normal  0.000000e+00  0.000000e+00  1.000000e+00
   outer loop
     vertex  1.407836e+02  0.000000e+00  2.000000e+01
     vertex  6.042970e+01  3.025937e+01  2.000000e+01
     vertex  5.632948e+01  2.924875e+01  2.000000e+01
   endloop
 endfacet
 facet normal  0.000000e+00  0.000000e+00  1.000000e+00
   outer loop
     vertex  1.407836e+02  0.000000e+00  2.000000e+01
     vertex  6.416892e+01  3.222186e+01  2.000000e+01
     vertex  6.042970e+01  3.025937e+01  2.000000e+01
   endloop
 endfacet
 facet normal  0.000000e+00  0.000000e+00  1.000000e+00
   outer loop
     vertex  1.407836e+02  0.000000e+00  2.000000e+01
     vertex  6.732983e+01  3.502218e+01  2.000000e+01
     vertex  6.416892e+01  3.222186e+01  2.000000e+01
   endloop
 endfacet
 facet normal  0.000000e+00  0.000000e+00  1.000000e+00
   outer loop
     vertex  1.407836e+02  0.000000e+00  2.000000e+01
     vertex  6.972873e+01  3.849759e+01  2.000000e+01
     vertex  6.732983e+01  3.502218e+01  2.000000e+01
   endloop
 endfacet
 facet normal  0.000000e+00  0.000000e+00  1.000000e+00
   outer loop
     vertex  1.407836e+02  0.000000e+00  2.000000e+01
     vertex  7.122620e+01  4.244609e+01  2.000000e+01
     vertex  6.972873e+01  3.849759e+01  2.000000e+01
   endloop
 endfacet
 facet normal  1.444433e-15  2.367024e-15  1.000000e+00
   outer loop
     vertex  1.407836e+02  0.000000e+00  2.000000e+01
     vertex  7.173522e+01  4.663824e+01  2.000000e+01
     vertex  7.122620e+01  4.244609e+01  2.000000e+01
   endloop
 endfacet
 facet normal  0.000000e+00  0.000000e+00  1.000000e+00
   outer loop
     vertex  1.407836e+02  0.000000e+00  2.000000e+01
     vertex  5.632948e+01  2.924875e+01  2.000000e+01
     vertex  0.000000e+00  0.000000e+00  2.000000e+01
   endloop
 endfacet
 facet normal  1.096873e-15 -2.409226e-15  1.000000e+00
   outer loop
     vertex  1.407836e+02  8.249846e+01  2.000000e+01
     vertex  7.122620e+01  5.083038e+01  2.000000e+01
     vertex  7.173522e+01  4.663824e+01  2.000000e+01
   endloop
 endfacet
 facet normal  0.000000e+00  0.000000e+00  1.000000e+00
   outer loop
     vertex  1.407836e+02  8.249846e+01  2.000000e+01
     vertex  6.972873e+01  5.477888e+01  2.000000e+01
     vertex  7.122620e+01  5.083038e+01  2.000000e+01
   endloop
 endfacet
 facet normal  0.000000e+00  0.000000e+00  1.000000e+00
   outer loop
     vertex  1.407836e+02  8.249846e+01  2.000000e+01
     vertex  6.732983e+01  5.825429e+01  2.000000e+01
     vertex  6.972873e+01  5.477888e+01  2.000000e+01
   endloop
 endfacet
 facet normal  0.000000e+00  0.000000e+00  1.000000e+00
   outer loop
     vertex  1.407836e+02  8.249846e+01  2.000000e+01
     vertex  6.416892e+01  6.105461e+01  2.000000e+01
     vertex  6.732983e+01  5.825429e+01  2.000000e+01
   endloop
 endfacet
 facet normal  0.000000e+00  0.000000e+00  1.000000e+00
   outer loop
     vertex  1.407836e+02  8.249846e+01  2.000000e+01
     vertex  6.042970e+01  6.301710e+01  2.000000e+01
     vertex  6.416892e+01  6.105461e+01  2.000000e+01
   endloop
 endfacet
 facet normal -1.543576e-16  0.000000e+00  1.000000e+00
   outer loop
     vertex  1.407836e+02  8.249846e+01  2.000000e+01
     vertex  7.173522e+01  4.663824e+01  2.000000e+01
     vertex  1.407836e+02  0.000000e+00  2.000000e+01
   endloop
 endfacet
 facet normal  0.000000e+00  0.000000e+00  1.000000e+00
   outer loop
     vertex  1.407836e+02  8.249846e+01  2.000000e+01
     vertex  0.000000e+00  8.249846e+01  2.000000e+01
     vertex  5.210655e+01  6.402772e+01  2.000000e+01
   endloop
 endfacet
 facet normal  0.000000e+00  0.000000e+00  1.000000e+00
   outer loop
     vertex  1.407836e+02  8.249846e+01  2.000000e+01
     vertex  5.210655e+01  6.402772e+01  2.000000e+01
     vertex  5.632948e+01  6.402772e+01  2.000000e+01
   endloop
 endfacet
 facet normal  0.000000e+00  0.000000e+00  1.000000e+00
   outer loop
     vertex  1.407836e+02  8.249846e+01  2.000000e+01
     vertex  5.632948e+01  6.402772e+01  2.000000e+01
     vertex  6.042970e+01  6.301710e+01  2.000000e+01
   endloop
 endfacet
 facet normal  0.000000e+00  1.000000e+00  0.000000e+00
   outer loop
     vertex  1.407836e+02  8.249846e+01  0.000000e+00
     vertex  0.000000e+00  8.249846e+01  0.000000e+00
     vertex  0.000000e+00  8.249846e+01  2.000000e+01
   endloop
 endfacet
 facet normal  0.000000e+00  1.000000e+00  0.000000e+00
   outer loop
     vertex  1.407836e+02  8.249846e+01  2.000000e+01
     vertex  1.407836e+02  8.249846e+01  0.000000e+00
     vertex  0.000000e+00  8.249846e+01  2.000000e+01
   endloop
 endfacet
 facet normal -0.000000e+00  0.000000e+00 -1.000000e+00
   outer loop
     vertex  1.407836e+02  8.249846e+01  0.000000e+00
     vertex  0.000000e+00  0.000000e+00  0.000000e+00
     vertex  0.000000e+00  8.249846e+01  0.000000e+00
   endloop
 endfacet
 facet normal  0.000000e+00 -0.000000e+00 -1.000000e+00
   outer loop
     vertex  1.407836e+02  8.249846e+01  0.000000e+00
     vertex  1.407836e+02  0.000000e+00  0.000000e+00
     vertex  0.000000e+00  0.000000e+00  0.000000e+00
   endloop
 endfacet
 facet normal  1.000000e+00  0.000000e+00  0.000000e+00
   outer loop
     vertex  1.407836e+02  0.000000e+00  2.000000e+01
     vertex  1.407836e+02  0.000000e+00  0.000000e+00
     vertex  1.407836e+02  8.249846e+01  0.000000e+00
   endloop
 endfacet
 facet normal  1.000000e+00 -0.000000e+00  0.000000e+00
   outer loop
     vertex  1.407836e+02  0.000000e+00  2.000000e+01
     vertex  1.407836e+02  8.249846e+01  0.000000e+00
     vertex  1.407836e+02  8.249846e+01  2.000000e+01
   endloop
 endfacet
 facet normal  9.856102e-01  6.200934e-02 -1.572495e-01
   outer loop
     vertex  7.225123e+01  4.891636e+01  2.413264e+01
     vertex  7.239456e+01  4.663824e+01  2.413264e+01
     vertex  7.173522e+01  4.663824e+01  2.000000e+01
   endloop
 endfacet
 facet normal  9.954280e-01  6.262702e-02  7.211761e-02
   outer loop
     vertex  7.225123e+01  4.891636e+01  2.413264e+01
     vertex  7.209216e+01  4.663824e+01  2.830660e+01
     vertex  7.239456e+01  4.663824e+01  2.413264e+01
   endloop
 endfacet
 facet normal  9.751900e-01  1.184095e-01 -1.870391e-01
   outer loop
     vertex  7.225123e+01  4.891636e+01  2.413264e+01
     vertex  7.173522e+01  4.663824e+01  2.000000e+01
     vertex  7.122620e+01  5.083038e+01  2.000000e+01
   endloop
 endfacet
 facet normal  9.185848e-01  3.483733e-01 -1.866495e-01
   outer loop
     vertex  7.111814e+01  5.332947e+01  2.413264e+01
     vertex  7.122620e+01  5.083038e+01  2.000000e+01
     vertex  6.972873e+01  5.477888e+01  2.000000e+01
   endloop
 endfacet
 facet normal  9.610964e-01  2.467676e-01 -1.240949e-01
   outer loop
     vertex  7.111814e+01  5.332947e+01  2.413264e+01
     vertex  7.225123e+01  4.891636e+01  2.413264e+01
     vertex  7.122620e+01  5.083038e+01  2.000000e+01
   endloop
 endfacet
 facet normal  8.086428e-01  5.581658e-01 -1.858700e-01
   outer loop
     vertex  6.892315e+01  5.732214e+01  2.413264e+01
     vertex  6.972873e+01  5.477888e+01  2.000000e+01
     vertex  6.732983e+01  5.825429e+01  2.000000e+01
   endloop
 endfacet
 facet normal  8.694694e-01  4.779948e-01 -1.246752e-01
   outer loop
     vertex  6.892315e+01  5.732214e+01  2.413264e+01
     vertex  7.111814e+01  5.332947e+01  2.413264e+01
     vertex  6.972873e+01  5.477888e+01  2.000000e+01
   endloop
 endfacet
 facet normal  9.865652e-01  1.246322e-01  1.056219e-01
   outer loop
     vertex  7.153061e+01  5.108335e+01  2.830660e+01
     vertex  7.209216e+01  4.663824e+01  2.830660e+01
     vertex  7.225123e+01  4.891636e+01  2.413264e+01
   endloop
 endfacet
 facet normal  9.678805e-01  2.485095e-01  3.808276e-02
   outer loop
     vertex  7.153061e+01  5.108335e+01  2.830660e+01
     vertex  7.225123e+01  4.891636e+01  2.413264e+01
     vertex  7.111814e+01  5.332947e+01  2.413264e+01
   endloop
 endfacet
 facet normal  6.517136e-01  7.356326e-01 -1.847002e-01
   outer loop
     vertex  6.580418e+01  6.064350e+01  2.413264e+01
     vertex  6.732983e+01  5.825429e+01  2.000000e+01
     vertex  6.416892e+01  6.105461e+01  2.000000e+01
   endloop
 endfacet
 facet normal  7.231920e-01  6.791225e-01 -1.256421e-01
   outer loop
     vertex  6.580418e+01  6.064350e+01  2.413264e+01
     vertex  6.892315e+01  5.732214e+01  2.413264e+01
     vertex  6.732983e+01  5.825429e+01  2.000000e+01
   endloop
 endfacet
 facet normal  8.756710e-01  4.814042e-01  3.808276e-02
   outer loop
     vertex  6.988125e+01  5.524917e+01  2.830660e+01
     vertex  7.111814e+01  5.332947e+01  2.413264e+01
     vertex  6.892315e+01  5.732214e+01  2.413264e+01
   endloop
 endfacet
 facet normal  9.245757e-01  3.660654e-01  1.056219e-01
   outer loop
     vertex  6.988125e+01  5.524917e+01  2.830660e+01
     vertex  7.153061e+01  5.108335e+01  2.830660e+01
     vertex  7.111814e+01  5.332947e+01  2.413264e+01
   endloop
 endfacet
 facet normal  9.527719e-01  5.994333e-02  2.977120e-01
   outer loop
     vertex  7.071292e+01  4.872203e+01  3.230105e+01
     vertex  7.084402e+01  4.663824e+01  3.230105e+01
     vertex  7.209216e+01  4.663824e+01  2.830660e+01
   endloop
 endfacet
 facet normal  8.598268e-01  5.409572e-02  5.077120e-01
   outer loop
     vertex  7.071292e+01  4.872203e+01  3.230105e+01
     vertex  6.871618e+01  4.663824e+01  3.590462e+01
     vertex  7.084402e+01  4.663824e+01  3.230105e+01
   endloop
 endfacet
 facet normal  9.560664e-01  1.207793e-01  2.671131e-01
   outer loop
     vertex  7.071292e+01  4.872203e+01  3.230105e+01
     vertex  7.209216e+01  4.663824e+01  2.830660e+01
     vertex  7.153061e+01  5.108335e+01  2.830660e+01
   endloop
 endfacet
 facet normal  5.314884e-01  8.374917e-01 -1.269951e-01
   outer loop
     vertex  6.195721e+01  6.308486e+01  2.413264e+01
     vertex  6.580418e+01  6.064350e+01  2.413264e+01
     vertex  6.416892e+01  6.105461e+01  2.000000e+01
   endloop
 endfacet
 facet normal  4.568633e-01  8.704803e-01 -1.831394e-01
   outer loop
     vertex  6.195721e+01  6.308486e+01  2.413264e+01
     vertex  6.416892e+01  6.105461e+01  2.000000e+01
     vertex  6.042970e+01  6.301710e+01  2.000000e+01
   endloop
 endfacet
 facet normal  7.284398e-01  6.840505e-01  3.808276e-02
   outer loop
     vertex  6.724771e+01  5.887393e+01  2.830660e+01
     vertex  6.892315e+01  5.732214e+01  2.413264e+01
     vertex  6.580418e+01  6.064350e+01  2.413264e+01
   endloop
 endfacet
 facet normal  8.044916e-01  5.844974e-01  1.056219e-01
   outer loop
     vertex  6.724771e+01  5.887393e+01  2.830660e+01
     vertex  6.988125e+01  5.524917e+01  2.830660e+01
     vertex  6.892315e+01  5.732214e+01  2.413264e+01
   endloop
 endfacet
 facet normal  8.959932e-01  3.547488e-01  2.671131e-01
   outer loop
     vertex  6.967649e+01  5.275868e+01  3.230105e+01
     vertex  7.153061e+01  5.108335e+01  2.830660e+01
     vertex  6.988125e+01  5.524917e+01  2.830660e+01
   endloop
 endfacet
 facet normal  9.155417e-01  2.350712e-01  3.263815e-01
   outer loop
     vertex  6.967649e+01  5.275868e+01  3.230105e+01
     vertex  7.071292e+01  4.872203e+01  3.230105e+01
     vertex  7.153061e+01  5.108335e+01  2.830660e+01
   endloop
 endfacet
 facet normal  2.353547e-01  9.548715e-01 -1.811867e-01
   outer loop
     vertex  5.762396e+01  6.449282e+01  2.413264e+01
     vertex  6.042970e+01  6.301710e+01  2.000000e+01
     vertex  5.632948e+01  6.402772e+01  2.000000e+01
   endloop
 endfacet
 facet normal  3.064457e-01  9.431430e-01 -1.287333e-01
   outer loop
     vertex  5.762396e+01  6.449282e+01  2.413264e+01
     vertex  6.195721e+01  6.308486e+01  2.413264e+01
     vertex  6.042970e+01  6.301710e+01  2.000000e+01
   endloop
 endfacet
 facet normal  6.338585e-01  7.662033e-01  1.056219e-01
   outer loop
     vertex  6.379546e+01  6.172987e+01  2.830660e+01
     vertex  6.724771e+01  5.887393e+01  2.830660e+01
     vertex  6.580418e+01  6.064350e+01  2.413264e+01
   endloop
 endfacet
 facet normal  5.354381e-01  8.437154e-01  3.808276e-02
   outer loop
     vertex  6.379546e+01  6.172987e+01  2.830660e+01
     vertex  6.580418e+01  6.064350e+01  2.413264e+01
     vertex  6.195721e+01  6.308486e+01  2.413264e+01
   endloop
 endfacet
 facet normal  7.796215e-01  5.664282e-01  2.671131e-01
   outer loop
     vertex  6.766874e+01  5.641076e+01  3.230105e+01
     vertex  6.988125e+01  5.524917e+01  2.830660e+01
     vertex  6.724771e+01  5.887393e+01  2.830660e+01
   endloop
 endfacet
 facet normal  8.283185e-01  4.553719e-01  3.263815e-01
   outer loop
     vertex  6.766874e+01  5.641076e+01  3.230105e+01
     vertex  6.967649e+01  5.275868e+01  3.230105e+01
     vertex  6.988125e+01  5.524917e+01  2.830660e+01
   endloop
 endfacet
 facet normal  8.423675e-01  1.064158e-01  5.282922e-01
   outer loop
     vertex  6.826069e+01  5.024378e+01  3.590462e+01
     vertex  6.871618e+01  4.663824e+01  3.590462e+01
     vertex  7.071292e+01  4.872203e+01  3.230105e+01
   endloop
 endfacet
 facet normal  8.472167e-01  2.175283e-01  4.846703e-01
   outer loop
     vertex  6.826069e+01  5.024378e+01  3.590462e+01
     vertex  7.071292e+01  4.872203e+01  3.230105e+01
     vertex  6.967649e+01  5.275868e+01  3.230105e+01
   endloop
 endfacet
 facet normal  0.000000e+00  9.838780e-01 -1.788410e-01
   outer loop
     vertex  5.307670e+01  6.477891e+01  2.413264e+01
     vertex  5.632948e+01  6.402772e+01  2.000000e+01
     vertex  5.210655e+01  6.402772e+01  2.000000e+01
   endloop
 endfacet
 facet normal  6.225061e-02  9.894451e-01 -1.308558e-01
   outer loop
     vertex  5.307670e+01  6.477891e+01  2.413264e+01
     vertex  5.762396e+01  6.449282e+01  2.413264e+01
     vertex  5.632948e+01  6.402772e+01  2.000000e+01
   endloop
 endfacet
 facet normal  3.087928e-01  9.503666e-01  3.808276e-02
   outer loop
     vertex  5.974143e+01  6.363756e+01  2.830660e+01
     vertex  6.195721e+01  6.308486e+01  2.413264e+01
     vertex  5.762396e+01  6.449282e+01  2.413264e+01
   endloop
 endfacet
 facet normal  4.233976e-01  8.997658e-01  1.056219e-01
   outer loop
     vertex  5.974143e+01  6.363756e+01  2.830660e+01
     vertex  6.379546e+01  6.172987e+01  2.830660e+01
     vertex  6.195721e+01  6.308486e+01  2.413264e+01
   endloop
 endfacet
 facet normal  6.890490e-01  6.470600e-01  3.263815e-01
   outer loop
     vertex  6.481583e+01  5.944879e+01  3.230105e+01
     vertex  6.766874e+01  5.641076e+01  3.230105e+01
     vertex  6.724771e+01  5.887393e+01  2.830660e+01
   endloop
 endfacet
 facet normal  6.142633e-01  7.425168e-01  2.671131e-01
   outer loop
     vertex  6.481583e+01  5.944879e+01  3.230105e+01
     vertex  6.724771e+01  5.887393e+01  2.830660e+01
     vertex  6.379546e+01  6.172987e+01  2.830660e+01
   endloop
 endfacet
 facet normal  7.894384e-01  3.125608e-01  5.282922e-01
   outer loop
     vertex  6.692285e+01  5.362278e+01  3.590462e+01
     vertex  6.826069e+01  5.024378e+01  3.590462e+01
     vertex  6.967649e+01  5.275868e+01  3.230105e+01
   endloop
 endfacet
 facet normal  7.665028e-01  4.213885e-01  4.846703e-01
   outer loop
     vertex  6.692285e+01  5.362278e+01  3.590462e+01
     vertex  6.967649e+01  5.275868e+01  3.230105e+01
     vertex  6.766874e+01  5.641076e+01  3.230105e+01
   endloop
 endfacet
 facet normal  7.300836e-01  9.223101e-02  6.771052e-01
   outer loop
     vertex  6.572973e+01  4.809250e+01  3.892664e+01
     vertex  6.871618e+01  4.663824e+01  3.590462e+01
     vertex  6.826069e+01  5.024378e+01  3.590462e+01
   endloop
 endfacet
 facet normal  7.213817e-01  4.538549e-02  6.910489e-01
   outer loop
     vertex  6.572973e+01  4.809250e+01  3.892664e+01
     vertex  6.582122e+01  4.663824e+01  3.892664e+01
     vertex  6.871618e+01  4.663824e+01  3.590462e+01
   endloop
 endfacet
 facet normal  5.446355e-01  3.426556e-02  8.379726e-01
   outer loop
     vertex  6.572973e+01  4.809250e+01  3.892664e+01
     vertex  6.231233e+01  4.663824e+01  4.120723e+01
     vertex  6.582122e+01  4.663824e+01  3.892664e+01
   endloop
 endfacet
 facet normal -2.355757e-01  9.557680e-01 -1.761012e-01
   outer loop
     vertex  4.860116e+01  6.392516e+01  2.413264e+01
     vertex  5.210655e+01  6.402772e+01  2.000000e+01
     vertex  4.800633e+01  6.301710e+01  2.000000e+01
   endloop
 endfacet
 facet normal -1.857075e-01  9.735129e-01 -1.333615e-01
   outer loop
     vertex  4.860116e+01  6.392516e+01  2.413264e+01
     vertex  5.307670e+01  6.477891e+01  2.413264e+01
     vertex  5.210655e+01  6.402772e+01  2.000000e+01
   endloop
 endfacet
 facet normal  6.274497e-02  9.973027e-01  3.808276e-02
   outer loop
     vertex  5.534034e+01  6.447711e+01  2.830660e+01
     vertex  5.762396e+01  6.449282e+01  2.413264e+01
     vertex  5.307670e+01  6.477891e+01  2.413264e+01
   endloop
 endfacet
 facet normal  1.863332e-01  9.767927e-01  1.056219e-01
   outer loop
     vertex  5.534034e+01  6.447711e+01  2.830660e+01
     vertex  5.974143e+01  6.363756e+01  2.830660e+01
     vertex  5.762396e+01  6.449282e+01  2.413264e+01
   endloop
 endfacet
 facet normal  5.064839e-01  7.980910e-01  3.263815e-01
   outer loop
     vertex  6.129703e+01  6.168189e+01  3.230105e+01
     vertex  6.481583e+01  5.944879e+01  3.230105e+01
     vertex  6.379546e+01  6.172987e+01  2.830660e+01
   endloop
 endfacet
 facet normal  4.103087e-01  8.719503e-01  2.671131e-01
   outer loop
     vertex  6.129703e+01  6.168189e+01  3.230105e+01
     vertex  6.379546e+01  6.172987e+01  2.830660e+01
     vertex  5.974143e+01  6.363756e+01  2.830660e+01
   endloop
 endfacet
 facet normal  6.376266e-01  5.987712e-01  4.846703e-01
   outer loop
     vertex  6.478672e+01  5.656291e+01  3.590462e+01
     vertex  6.766874e+01  5.641076e+01  3.230105e+01
     vertex  6.481583e+01  5.944879e+01  3.230105e+01
   endloop
 endfacet
 facet normal  6.869061e-01  4.990665e-01  5.282922e-01
   outer loop
     vertex  6.478672e+01  5.656291e+01  3.590462e+01
     vertex  6.692285e+01  5.362278e+01  3.590462e+01
     vertex  6.766874e+01  5.641076e+01  3.230105e+01
   endloop
 endfacet
 facet normal  6.842098e-01  2.708978e-01  6.771052e-01
   outer loop
     vertex  6.500641e+01  5.090966e+01  3.892664e+01
     vertex  6.826069e+01  5.024378e+01  3.590462e+01
     vertex  6.692285e+01  5.362278e+01  3.590462e+01
   endloop
 endfacet
 facet normal  6.889349e-01  1.768884e-01  7.029077e-01
   outer loop
     vertex  6.500641e+01  5.090966e+01  3.892664e+01
     vertex  6.572973e+01  4.809250e+01  3.892664e+01
     vertex  6.826069e+01  5.024378e+01  3.590462e+01
   endloop
 endfacet
 facet normal -4.577188e-01  8.721103e-01 -1.729656e-01
   outer loop
     vertex  4.447854e+01  6.198520e+01  2.413264e+01
     vertex  4.800633e+01  6.301710e+01  2.000000e+01
     vertex  4.426711e+01  6.105461e+01  2.000000e+01
   endloop
 endfacet
 facet normal -4.218087e-01  8.963892e-01 -1.362489e-01
   outer loop
     vertex  4.447854e+01  6.198520e+01  2.413264e+01
     vertex  4.860116e+01  6.392516e+01  2.413264e+01
     vertex  4.800633e+01  6.301710e+01  2.000000e+01
   endloop
 endfacet
 facet normal -1.872454e-01  9.815747e-01  3.808276e-02
   outer loop
     vertex  5.086874e+01  6.419578e+01  2.830660e+01
     vertex  5.307670e+01  6.477891e+01  2.413264e+01
     vertex  4.860116e+01  6.392516e+01  2.413264e+01
   endloop
 endfacet
 facet normal -6.243929e-02  9.924441e-01  1.056219e-01
   outer loop
     vertex  5.086874e+01  6.419578e+01  2.830660e+01
     vertex  5.534034e+01  6.447711e+01  2.830660e+01
     vertex  5.307670e+01  6.477891e+01  2.413264e+01
   endloop
 endfacet
 facet normal  2.920947e-01  8.989749e-01  3.263815e-01
   outer loop
     vertex  5.733342e+01  6.296975e+01  3.230105e+01
     vertex  6.129703e+01  6.168189e+01  3.230105e+01
     vertex  5.974143e+01  6.363756e+01  2.830660e+01
   endloop
 endfacet
 facet normal  1.805728e-01  9.465960e-01  2.671131e-01
   outer loop
     vertex  5.733342e+01  6.296975e+01  3.230105e+01
     vertex  5.974143e+01  6.363756e+01  2.830660e+01
     vertex  5.534034e+01  6.447711e+01  2.830660e+01
   endloop
 endfacet
 facet normal  4.686860e-01  7.385310e-01  4.846703e-01
   outer loop
     vertex  6.198652e+01  5.887944e+01  3.590462e+01
     vertex  6.481583e+01  5.944879e+01  3.230105e+01
     vertex  6.129703e+01  6.168189e+01  3.230105e+01
   endloop
 endfacet
 facet normal  5.412129e-01  6.542140e-01  5.282922e-01
   outer loop
     vertex  6.198652e+01  5.887944e+01  3.590462e+01
     vertex  6.478672e+01  5.656291e+01  3.590462e+01
     vertex  6.481583e+01  5.944879e+01  3.230105e+01
   endloop
 endfacet
 facet normal  5.953445e-01  4.325431e-01  6.771052e-01
   outer loop
     vertex  6.360521e+01  5.345843e+01  3.892664e+01
     vertex  6.692285e+01  5.362278e+01  3.590462e+01
     vertex  6.478672e+01  5.656291e+01  3.590462e+01
   endloop
 endfacet
 facet normal  6.233004e-01  3.426623e-01  7.029077e-01
   outer loop
     vertex  6.360521e+01  5.345843e+01  3.892664e+01
     vertex  6.500641e+01  5.090966e+01  3.892664e+01
     vertex  6.692285e+01  5.362278e+01  3.590462e+01
   endloop
 endfacet
 facet normal  5.338139e-01  6.743637e-02  8.429087e-01
   outer loop
     vertex  6.205803e+01  4.865121e+01  4.120723e+01
     vertex  6.231233e+01  4.663824e+01  4.120723e+01
     vertex  6.572973e+01  4.809250e+01  3.892664e+01
   endloop
 endfacet
 facet normal  5.376518e-01  1.380455e-01  8.317896e-01
   outer loop
     vertex  6.205803e+01  4.865121e+01  4.120723e+01
     vertex  6.572973e+01  4.809250e+01  3.892664e+01
     vertex  6.500641e+01  5.090966e+01  3.892664e+01
   endloop
 endfacet
 facet normal -6.535351e-01  7.376886e-01 -1.694327e-01
   outer loop
     vertex  4.096789e+01  5.908094e+01  2.413264e+01
     vertex  4.426711e+01  6.105461e+01  2.000000e+01
     vertex  4.110620e+01  5.825429e+01  2.000000e+01
   endloop
 endfacet
 facet normal -6.311898e-01  7.629775e-01 -1.395162e-01
   outer loop
     vertex  4.096789e+01  5.908094e+01  2.413264e+01
     vertex  4.447854e+01  6.198520e+01  2.413264e+01
     vertex  4.426711e+01  6.105461e+01  2.000000e+01
   endloop
 endfacet
 facet normal -3.072885e-01  9.457367e-01  1.056219e-01
   outer loop
     vertex  4.660758e+01  6.281125e+01  2.830660e+01
     vertex  5.086874e+01  6.419578e+01  2.830660e+01
     vertex  4.860116e+01  6.392516e+01  2.413264e+01
   endloop
 endfacet
 facet normal -4.254704e-01  9.041707e-01  3.808276e-02
   outer loop
     vertex  4.660758e+01  6.281125e+01  2.830660e+01
     vertex  4.860116e+01  6.392516e+01  2.413264e+01
     vertex  4.447854e+01  6.198520e+01  2.413264e+01
   endloop
 endfacet
 facet normal -6.050904e-02  9.617636e-01  2.671131e-01
   outer loop
     vertex  5.317406e+01  6.323143e+01  3.230105e+01
     vertex  5.534034e+01  6.447711e+01  2.830660e+01
     vertex  5.086874e+01  6.419578e+01  2.830660e+01
   endloop
 endfacet
 facet normal  5.935199e-02  9.433729e-01  3.263815e-01
   outer loop
     vertex  5.317406e+01  6.323143e+01  3.230105e+01
     vertex  5.733342e+01  6.296975e+01  3.230105e+01
     vertex  5.534034e+01  6.447711e+01  2.830660e+01
   endloop
 endfacet
 facet normal  3.615133e-01  7.682548e-01  5.282922e-01
   outer loop
     vertex  5.869820e+01  6.042681e+01  3.590462e+01
     vertex  6.198652e+01  5.887944e+01  3.590462e+01
     vertex  6.129703e+01  6.168189e+01  3.230105e+01
   endloop
 endfacet
 facet normal  2.702962e-01  8.318862e-01  4.846703e-01
   outer loop
     vertex  5.869820e+01  6.042681e+01  3.590462e+01
     vertex  6.129703e+01  6.168189e+01  3.230105e+01
     vertex  5.733342e+01  6.296975e+01  3.230105e+01
   endloop
 endfacet
 facet normal  4.690716e-01  5.670101e-01  6.771052e-01
   outer loop
     vertex  6.161418e+01  5.557866e+01  3.892664e+01
     vertex  6.478672e+01  5.656291e+01  3.590462e+01
     vertex  6.198652e+01  5.887944e+01  3.590462e+01
   endloop
 endfacet
 facet normal  5.185016e-01  4.869054e-01  7.029077e-01
   outer loop
     vertex  6.161418e+01  5.557866e+01  3.892664e+01
     vertex  6.360521e+01  5.345843e+01  3.892664e+01
     vertex  6.478672e+01  5.656291e+01  3.590462e+01
   endloop
 endfacet
 facet normal  4.864300e-01  2.674171e-01  8.317896e-01
   outer loop
     vertex  6.131112e+01  5.053770e+01  4.120723e+01
     vertex  6.500641e+01  5.090966e+01  3.892664e+01
     vertex  6.360521e+01  5.345843e+01  3.892664e+01
   endloop
 endfacet
 facet normal  5.002724e-01  1.980718e-01  8.429087e-01
   outer loop
     vertex  6.131112e+01  5.053770e+01  4.120723e+01
     vertex  6.205803e+01  4.865121e+01  4.120723e+01
     vertex  6.500641e+01  5.090966e+01  3.892664e+01
   endloop
 endfacet
 facet normal  3.388739e-01  2.132014e-02  9.405902e-01
   outer loop
     vertex  5.834237e+01  4.715926e+01  4.262571e+01
     vertex  5.837515e+01  4.663824e+01  4.262571e+01
     vertex  6.231233e+01  4.663824e+01  4.120723e+01
   endloop
 endfacet
 facet normal  1.150091e-01  7.235761e-03  9.933381e-01
   outer loop
     vertex  5.834237e+01  4.715926e+01  4.262571e+01
     vertex  5.421802e+01  4.663824e+01  4.310702e+01
     vertex  5.837515e+01  4.663824e+01  4.262571e+01
   endloop
 endfacet
 facet normal  3.411690e-01  4.309966e-02  9.390134e-01
   outer loop
     vertex  5.834237e+01  4.715926e+01  4.262571e+01
     vertex  6.231233e+01  4.663824e+01  4.120723e+01
     vertex  6.205803e+01  4.865121e+01  4.120723e+01
   endloop
 endfacet
 facet normal -8.116346e-01  5.602309e-01 -1.655007e-01
   outer loop
     vertex  3.828979e+01  5.539485e+01  2.413264e+01
     vertex  4.110620e+01  5.825429e+01  2.000000e+01
     vertex  3.870731e+01  5.477888e+01  2.000000e+01
   endloop
 endfacet
 facet normal -8.006836e-01  5.817307e-01 -1.431615e-01
   outer loop
     vertex  3.828979e+01  5.539485e+01  2.413264e+01
     vertex  4.096789e+01  5.908094e+01  2.413264e+01
     vertex  4.110620e+01  5.825429e+01  2.000000e+01
   endloop
 endfacet
 facet normal -6.369616e-01  7.699543e-01  3.808276e-02
   outer loop
     vertex  4.282461e+01  6.041050e+01  2.830660e+01
     vertex  4.447854e+01  6.198520e+01  2.413264e+01
     vertex  4.096789e+01  5.908094e+01  2.413264e+01
   endloop
 endfacet
 facet normal -5.328296e-01  8.396051e-01  1.056219e-01
   outer loop
     vertex  4.282461e+01  6.041050e+01  2.830660e+01
     vertex  4.660758e+01  6.281125e+01  2.830660e+01
     vertex  4.447854e+01  6.198520e+01  2.413264e+01
   endloop
 endfacet
 facet normal -1.771200e-01  9.284954e-01  3.263815e-01
   outer loop
     vertex  4.908030e+01  6.245050e+01  3.230105e+01
     vertex  5.317406e+01  6.323143e+01  3.230105e+01
     vertex  5.086874e+01  6.419578e+01  2.830660e+01
   endloop
 endfacet
 facet normal -2.977889e-01  9.165001e-01  2.671131e-01
   outer loop
     vertex  4.908030e+01  6.245050e+01  3.230105e+01
     vertex  5.086874e+01  6.419578e+01  2.830660e+01
     vertex  4.660758e+01  6.281125e+01  2.830660e+01
   endloop
 endfacet
 facet normal  5.492267e-02  8.729709e-01  4.846703e-01
   outer loop
     vertex  5.512837e+01  6.110779e+01  3.590462e+01
     vertex  5.733342e+01  6.296975e+01  3.230105e+01
     vertex  5.317406e+01  6.323143e+01  3.230105e+01
   endloop
 endfacet
 facet normal  1.590985e-01  8.340234e-01  5.282922e-01
   outer loop
     vertex  5.512837e+01  6.110779e+01  3.590462e+01
     vertex  5.869820e+01  6.042681e+01  3.590462e+01
     vertex  5.733342e+01  6.296975e+01  3.230105e+01
   endloop
 endfacet
 facet normal  3.133251e-01  6.658498e-01  6.771052e-01
   outer loop
     vertex  5.915842e+01  5.713713e+01  3.892664e+01
     vertex  6.198652e+01  5.887944e+01  3.590462e+01
     vertex  5.869820e+01  6.042681e+01  3.590462e+01
   endloop
 endfacet
 facet normal  3.811235e-01  6.005545e-01  7.029077e-01
   outer loop
     vertex  5.915842e+01  5.713713e+01  3.892664e+01
     vertex  6.161418e+01  5.557866e+01  3.892664e+01
     vertex  6.198652e+01  5.887944e+01  3.590462e+01
   endloop
 endfacet
 facet normal  4.046439e-01  3.799859e-01  8.317896e-01
   outer loop
     vertex  6.011852e+01  5.217917e+01  4.120723e+01
     vertex  6.360521e+01  5.345843e+01  3.892664e+01
     vertex  6.161418e+01  5.557866e+01  3.892664e+01
   endloop
 endfacet
 facet normal  4.352969e-01  3.162617e-01  8.429087e-01
   outer loop
     vertex  6.011852e+01  5.217917e+01  4.120723e+01
     vertex  6.131112e+01  5.053770e+01  4.120723e+01
     vertex  6.360521e+01  5.345843e+01  3.892664e+01
   endloop
 endfacet
 facet normal  3.197321e-01  1.265909e-01  9.390134e-01
   outer loop
     vertex  5.808322e+01  4.816858e+01  4.262571e+01
     vertex  6.205803e+01  4.865121e+01  4.120723e+01
     vertex  6.131112e+01  5.053770e+01  4.120723e+01
   endloop
 endfacet
 facet normal  1.122724e-01  2.882664e-02  9.932593e-01
   outer loop
     vertex  5.808322e+01  4.816858e+01  4.262571e+01
     vertex  5.421802e+01  4.663824e+01  4.310702e+01
     vertex  5.834237e+01  4.715926e+01  4.262571e+01
   endloop
 endfacet
 facet normal  3.258994e-01  8.367675e-02  9.416941e-01
   outer loop
     vertex  5.808322e+01  4.816858e+01  4.262571e+01
     vertex  5.834237e+01  4.715926e+01  4.262571e+01
     vertex  6.205803e+01  4.865121e+01  4.120723e+01
   endloop
 endfacet
 facet normal -9.196506e-01  3.641154e-01 -1.471825e-01
   outer loop
     vertex  3.661252e+01  5.115856e+01  2.413264e+01
     vertex  3.828979e+01  5.539485e+01  2.413264e+01
     vertex  3.870731e+01  5.477888e+01  2.000000e+01
   endloop
 endfacet
 facet normal -9.227928e-01  3.499691e-01 -1.611679e-01
   outer loop
     vertex  3.661252e+01  5.115856e+01  2.413264e+01
     vertex  3.870731e+01  5.477888e+01  2.000000e+01
     vertex  3.720984e+01  5.083038e+01  2.000000e+01
   endloop
 endfacet
 facet normal -8.084301e-01  5.873589e-01  3.808276e-02
   outer loop
     vertex  3.975753e+01  5.714439e+01  2.830660e+01
     vertex  4.096789e+01  5.908094e+01  2.413264e+01
     vertex  3.828979e+01  5.539485e+01  2.413264e+01
   endloop
 endfacet
 facet normal -7.248910e-01  6.807180e-01  1.056219e-01
   outer loop
     vertex  3.975753e+01  5.714439e+01  2.830660e+01
     vertex  4.282461e+01  6.041050e+01  2.830660e+01
     vertex  4.096789e+01  5.908094e+01  2.413264e+01
   endloop
 endfacet
 facet normal -4.024628e-01  8.552770e-01  3.263815e-01
   outer loop
     vertex  4.530936e+01  6.067603e+01  3.230105e+01
     vertex  4.908030e+01  6.245050e+01  3.230105e+01
     vertex  4.660758e+01  6.281125e+01  2.830660e+01
   endloop
 endfacet
 facet normal -5.163576e-01  8.136494e-01  2.671131e-01
   outer loop
     vertex  4.530936e+01  6.067603e+01  3.230105e+01
     vertex  4.660758e+01  6.281125e+01  2.830660e+01
     vertex  4.282461e+01  6.041050e+01  2.830660e+01
   endloop
 endfacet
 facet normal -5.331308e-02  8.473872e-01  5.282922e-01
   outer loop
     vertex  5.150133e+01  6.087959e+01  3.590462e+01
     vertex  5.512837e+01  6.110779e+01  3.590462e+01
     vertex  5.317406e+01  6.323143e+01  3.230105e+01
   endloop
 endfacet
 facet normal -1.639019e-01  8.592036e-01  4.846703e-01
   outer loop
     vertex  5.150133e+01  6.087959e+01  3.590462e+01
     vertex  5.317406e+01  6.323143e+01  3.230105e+01
     vertex  4.908030e+01  6.245050e+01  3.230105e+01
   endloop
 endfacet
 facet normal  1.378913e-01  7.228517e-01  6.771052e-01
   outer loop
     vertex  5.639224e+01  5.803592e+01  3.892664e+01
     vertex  5.869820e+01  6.042681e+01  3.590462e+01
     vertex  5.512837e+01  6.110779e+01  3.590462e+01
   endloop
 endfacet
 facet normal  2.197980e-01  6.764685e-01  7.029077e-01
   outer loop
     vertex  5.639224e+01  5.803592e+01  3.892664e+01
     vertex  5.915842e+01  5.713713e+01  3.892664e+01
     vertex  5.869820e+01  6.042681e+01  3.590462e+01
   endloop
 endfacet
 facet normal  2.974326e-01  4.686788e-01  8.317896e-01
   outer loop
     vertex  5.855517e+01  5.347249e+01  4.120723e+01
     vertex  6.161418e+01  5.557866e+01  3.892664e+01
     vertex  5.915842e+01  5.713713e+01  3.892664e+01
   endloop
 endfacet
 facet normal  3.429702e-01  4.145797e-01  8.429087e-01
   outer loop
     vertex  5.855517e+01  5.347249e+01  4.120723e+01
     vertex  6.011852e+01  5.217917e+01  4.120723e+01
     vertex  6.161418e+01  5.557866e+01  3.892664e+01
   endloop
 endfacet
 facet normal  2.782052e-01  2.021279e-01  9.390134e-01
   outer loop
     vertex  5.758121e+01  4.908174e+01  4.262571e+01
     vertex  6.131112e+01  5.053770e+01  4.120723e+01
     vertex  6.011852e+01  5.217917e+01  4.120723e+01
   endloop
 endfacet
 facet normal  2.948511e-01  1.620958e-01  9.416941e-01
   outer loop
     vertex  5.758121e+01  4.908174e+01  4.262571e+01
     vertex  5.808322e+01  4.816858e+01  4.262571e+01
     vertex  6.131112e+01  5.053770e+01  4.120723e+01
   endloop
 endfacet
 facet normal  1.015762e-01  5.584200e-02  9.932593e-01
   outer loop
     vertex  5.758121e+01  4.908174e+01  4.262571e+01
     vertex  5.421802e+01  4.663824e+01  4.310702e+01
     vertex  5.808322e+01  4.816858e+01  4.262571e+01
   endloop
 endfacet
 facet normal -9.804873e-01  1.190527e-01 -1.564322e-01
   outer loop
     vertex  3.604147e+01  4.663824e+01  2.413264e+01
     vertex  3.720984e+01  5.083038e+01  2.000000e+01
     vertex  3.670082e+01  4.663824e+01  2.000000e+01
   endloop
 endfacet
 facet normal -9.804873e-01 -1.190527e-01 -1.564322e-01
   outer loop
     vertex  3.604147e+01  4.663824e+01  2.413264e+01
     vertex  3.670082e+01  4.663824e+01  2.000000e+01
     vertex  3.720984e+01  4.244609e+01  2.000000e+01
   endloop
 endfacet
 facet normal -9.806513e-01  1.238851e-01 -1.515766e-01
   outer loop
     vertex  3.604147e+01  4.663824e+01  2.413264e+01
     vertex  3.661252e+01  5.115856e+01  2.413264e+01
     vertex  3.720984e+01  5.083038e+01  2.000000e+01
   endloop
 endfacet
 facet normal -9.291020e-01  3.678575e-01  3.808276e-02
   outer loop
     vertex  3.759906e+01  5.321815e+01  2.830660e+01
     vertex  3.828979e+01  5.539485e+01  2.413264e+01
     vertex  3.661252e+01  5.115856e+01  2.413264e+01
   endloop
 endfacet
 facet normal -8.714049e-01  4.790589e-01  1.056219e-01
   outer loop
     vertex  3.759906e+01  5.321815e+01  2.830660e+01
     vertex  3.975753e+01  5.714439e+01  2.830660e+01
     vertex  3.828979e+01  5.539485e+01  2.413264e+01
   endloop
 endfacet
 facet normal -7.024817e-01  6.596742e-01  2.671131e-01
   outer loop
     vertex  4.209818e+01  5.801952e+01  3.230105e+01
     vertex  4.282461e+01  6.041050e+01  2.830660e+01
     vertex  3.975753e+01  5.714439e+01  2.830660e+01
   endloop
 endfacet
 facet normal -6.025175e-01  7.283185e-01  3.263815e-01
   outer loop
     vertex  4.209818e+01  5.801952e+01  3.230105e+01
     vertex  4.530936e+01  6.067603e+01  3.230105e+01
     vertex  4.282461e+01  6.041050e+01  2.830660e+01
   endloop
 endfacet
 facet normal -2.623748e-01  8.075065e-01  5.282922e-01
   outer loop
     vertex  4.804500e+01  5.975656e+01  3.590462e+01
     vertex  5.150133e+01  6.087959e+01  3.590462e+01
     vertex  4.908030e+01  6.245050e+01  3.230105e+01
   endloop
 endfacet
 facet normal -3.724278e-01  7.914494e-01  4.846703e-01
   outer loop
     vertex  4.804500e+01  5.975656e+01  3.590462e+01
     vertex  4.908030e+01  6.245050e+01  3.230105e+01
     vertex  4.530936e+01  6.067603e+01  3.230105e+01
   endloop
 endfacet
 facet normal -4.620668e-02  7.344342e-01  6.771052e-01
   outer loop
     vertex  5.348945e+01  5.821854e+01  3.892664e+01
     vertex  5.512837e+01  6.110779e+01  3.590462e+01
     vertex  5.150133e+01  6.087959e+01  3.590462e+01
   endloop
 endfacet
 facet normal  4.466171e-02  7.098776e-01  7.029077e-01
   outer loop
     vertex  5.348945e+01  5.821854e+01  3.892664e+01
     vertex  5.639224e+01  5.803592e+01  3.892664e+01
     vertex  5.512837e+01  6.110779e+01  3.590462e+01
   endloop
 endfacet
 facet normal  1.715326e-01  5.279229e-01  8.317896e-01
   outer loop
     vertex  5.671930e+01  5.433638e+01  4.120723e+01
     vertex  5.915842e+01  5.713713e+01  3.892664e+01
     vertex  5.639224e+01  5.803592e+01  3.892664e+01
   endloop
 endfacet
 facet normal  2.290934e-01  4.868482e-01  8.429087e-01
   outer loop
     vertex  5.671930e+01  5.433638e+01  4.120723e+01
     vertex  5.855517e+01  5.347249e+01  4.120723e+01
     vertex  5.915842e+01  5.713713e+01  3.892664e+01
   endloop
 endfacet
 facet normal  2.452763e-01  2.303297e-01  9.416941e-01
   outer loop
     vertex  5.686788e+01  4.984136e+01  4.262571e+01
     vertex  5.758121e+01  4.908174e+01  4.262571e+01
     vertex  6.011852e+01  5.217917e+01  4.120723e+01
   endloop
 endfacet
 facet normal  2.191977e-01  2.649645e-01  9.390134e-01
   outer loop
     vertex  5.686788e+01  4.984136e+01  4.262571e+01
     vertex  6.011852e+01  5.217917e+01  4.120723e+01
     vertex  5.855517e+01  5.347249e+01  4.120723e+01
   endloop
 endfacet
 facet normal  8.449768e-02  7.934860e-02  9.932593e-01
   outer loop
     vertex  5.686788e+01  4.984136e+01  4.262571e+01
     vertex  5.421802e+01  4.663824e+01  4.310702e+01
     vertex  5.758121e+01  4.908174e+01  4.262571e+01
   endloop
 endfacet
 facet normal -9.806513e-01 -1.238851e-01 -1.515766e-01
   outer loop
     vertex  3.661252e+01  4.211791e+01  2.413264e+01
     vertex  3.604147e+01  4.663824e+01  2.413264e+01
     vertex  3.720984e+01  4.244609e+01  2.000000e+01
   endloop
 endfacet
 facet normal -9.227928e-01 -3.499691e-01 -1.611679e-01
   outer loop
     vertex  3.661252e+01  4.211791e+01  2.413264e+01
     vertex  3.720984e+01  4.244609e+01  2.000000e+01
     vertex  3.870731e+01  3.849759e+01  2.000000e+01
   endloop
 endfacet
 facet normal -9.631653e-01  2.472988e-01  1.056219e-01
   outer loop
     vertex  3.648482e+01  4.887846e+01  2.830660e+01
     vertex  3.759906e+01  5.321815e+01  2.830660e+01
     vertex  3.661252e+01  5.115856e+01  2.413264e+01
   endloop
 endfacet
 facet normal -9.913950e-01  1.252423e-01  3.808276e-02
   outer loop
     vertex  3.648482e+01  4.887846e+01  2.830660e+01
     vertex  3.661252e+01  5.115856e+01  2.413264e+01
     vertex  3.604147e+01  4.663824e+01  2.413264e+01
   endloop
 endfacet
 facet normal -8.444662e-01  4.642492e-01  2.671131e-01
   outer loop
     vertex  3.964854e+01  5.464787e+01  3.230105e+01
     vertex  3.975753e+01  5.714439e+01  2.830660e+01
     vertex  3.759906e+01  5.321815e+01  2.830660e+01
   endloop
 endfacet
 facet normal -7.647137e-01  5.555970e-01  3.263815e-01
   outer loop
     vertex  3.964854e+01  5.464787e+01  3.230105e+01
     vertex  4.209818e+01  5.801952e+01  3.230105e+01
     vertex  3.975753e+01  5.714439e+01  2.830660e+01
   endloop
 endfacet
 facet normal -5.575528e-01  6.739656e-01  4.846703e-01
   outer loop
     vertex  4.497654e+01  5.780926e+01  3.590462e+01
     vertex  4.530936e+01  6.067603e+01  3.230105e+01
     vertex  4.209818e+01  5.801952e+01  3.230105e+01
   endloop
 endfacet
 facet normal -4.549505e-01  7.168873e-01  5.282922e-01
   outer loop
     vertex  4.497654e+01  5.780926e+01  3.590462e+01
     vertex  4.804500e+01  5.975656e+01  3.590462e+01
     vertex  4.530936e+01  6.067603e+01  3.230105e+01
   endloop
 endfacet
 facet normal -2.274014e-01  6.998694e-01  6.771052e-01
   outer loop
     vertex  5.063243e+01  5.767354e+01  3.892664e+01
     vertex  5.150133e+01  6.087959e+01  3.590462e+01
     vertex  4.804500e+01  5.975656e+01  3.590462e+01
   endloop
 endfacet
 facet normal -1.332808e-01  6.986824e-01  7.029077e-01
   outer loop
     vertex  5.063243e+01  5.767354e+01  3.892664e+01
     vertex  5.348945e+01  5.821854e+01  3.892664e+01
     vertex  5.150133e+01  6.087959e+01  3.590462e+01
   endloop
 endfacet
 facet normal  3.485445e-02  5.539957e-01  8.317896e-01
   outer loop
     vertex  5.472626e+01  5.471657e+01  4.120723e+01
     vertex  5.639224e+01  5.803592e+01  3.892664e+01
     vertex  5.348945e+01  5.821854e+01  3.892664e+01
   endloop
 endfacet
 facet normal  1.008218e-01  5.285261e-01  8.429087e-01
   outer loop
     vertex  5.472626e+01  5.471657e+01  4.120723e+01
     vertex  5.671930e+01  5.433638e+01  4.120723e+01
     vertex  5.639224e+01  5.803592e+01  3.892664e+01
   endloop
 endfacet
 facet normal  6.210984e-02  9.786944e-02  9.932593e-01
   outer loop
     vertex  5.598804e+01  5.039972e+01  4.262571e+01
     vertex  5.421802e+01  4.663824e+01  4.310702e+01
     vertex  5.686788e+01  4.984136e+01  4.262571e+01
   endloop
 endfacet
 facet normal  1.464172e-01  3.111524e-01  9.390134e-01
   outer loop
     vertex  5.598804e+01  5.039972e+01  4.262571e+01
     vertex  5.855517e+01  5.347249e+01  4.120723e+01
     vertex  5.671930e+01  5.433638e+01  4.120723e+01
   endloop
 endfacet
 facet normal  1.802898e-01  2.840912e-01  9.416941e-01
   outer loop
     vertex  5.598804e+01  5.039972e+01  4.262571e+01
     vertex  5.686788e+01  4.984136e+01  4.262571e+01
     vertex  5.855517e+01  5.347249e+01  4.120723e+01
   endloop
 endfacet
 facet normal -8.116346e-01 -5.602309e-01 -1.655007e-01
   outer loop
     vertex  3.828979e+01  3.788162e+01  2.413264e+01
     vertex  3.870731e+01  3.849759e+01  2.000000e+01
     vertex  4.110620e+01  3.502218e+01  2.000000e+01
   endloop
 endfacet
 facet normal -9.196506e-01 -3.641154e-01 -1.471825e-01
   outer loop
     vertex  3.828979e+01  3.788162e+01  2.413264e+01
     vertex  3.661252e+01  4.211791e+01  2.413264e+01
     vertex  3.870731e+01  3.849759e+01  2.000000e+01
   endloop
 endfacet
 facet normal -9.913950e-01 -1.252423e-01  3.808276e-02
   outer loop
     vertex  3.648482e+01  4.439801e+01  2.830660e+01
     vertex  3.604147e+01  4.663824e+01  2.413264e+01
     vertex  3.661252e+01  4.211791e+01  2.413264e+01
   endloop
 endfacet
 facet normal -9.944064e-01  0.000000e+00  1.056219e-01
   outer loop
     vertex  3.648482e+01  4.439801e+01  2.830660e+01
     vertex  3.648482e+01  4.887846e+01  2.830660e+01
     vertex  3.604147e+01  4.663824e+01  2.413264e+01
   endloop
 endfacet
 facet normal -8.788602e-01  3.479654e-01  3.263815e-01
   outer loop
     vertex  3.811435e+01  5.077295e+01  3.230105e+01
     vertex  3.964854e+01  5.464787e+01  3.230105e+01
     vertex  3.759906e+01  5.321815e+01  2.830660e+01
   endloop
 endfacet
 facet normal -9.333899e-01  2.396538e-01  2.671131e-01
   outer loop
     vertex  3.811435e+01  5.077295e+01  3.230105e+01
     vertex  3.759906e+01  5.321815e+01  2.830660e+01
     vertex  3.648482e+01  4.887846e+01  2.830660e+01
   endloop
 endfacet
 facet normal -7.076447e-01  5.141339e-01  4.846703e-01
   outer loop
     vertex  4.248876e+01  5.516004e+01  3.590462e+01
     vertex  4.209818e+01  5.801952e+01  3.230105e+01
     vertex  3.964854e+01  5.464787e+01  3.230105e+01
   endloop
 endfacet
 facet normal -6.189400e-01  5.812234e-01  5.282922e-01
   outer loop
     vertex  4.248876e+01  5.516004e+01  3.590462e+01
     vertex  4.497654e+01  5.780926e+01  3.590462e+01
     vertex  4.209818e+01  5.801952e+01  3.230105e+01
   endloop
 endfacet
 facet normal -3.028488e-01  6.435864e-01  7.029077e-01
   outer loop
     vertex  4.800071e+01  5.643515e+01  3.892664e+01
     vertex  5.063243e+01  5.767354e+01  3.892664e+01
     vertex  4.804500e+01  5.975656e+01  3.590462e+01
   endloop
 endfacet
 facet normal -3.943076e-01  6.213293e-01  6.771052e-01
   outer loop
     vertex  4.800071e+01  5.643515e+01  3.892664e+01
     vertex  4.804500e+01  5.975656e+01  3.590462e+01
     vertex  4.497654e+01  5.780926e+01  3.590462e+01
   endloop
 endfacet
 facet normal -1.040137e-01  5.452588e-01  8.317896e-01
   outer loop
     vertex  5.270130e+01  5.458917e+01  4.120723e+01
     vertex  5.348945e+01  5.821854e+01  3.892664e+01
     vertex  5.063243e+01  5.767354e+01  3.892664e+01
   endloop
 endfacet
 facet normal -3.378485e-02  5.369949e-01  8.429087e-01
   outer loop
     vertex  5.270130e+01  5.458917e+01  4.120723e+01
     vertex  5.472626e+01  5.471657e+01  4.120723e+01
     vertex  5.348945e+01  5.821854e+01  3.892664e+01
   endloop
 endfacet
 facet normal  3.581940e-02  1.102408e-01  9.932593e-01
   outer loop
     vertex  5.499699e+01  5.072173e+01  4.262571e+01
     vertex  5.421802e+01  4.663824e+01  4.310702e+01
     vertex  5.598804e+01  5.039972e+01  4.262571e+01
   endloop
 endfacet
 facet normal  6.443679e-02  3.377895e-01  9.390134e-01
   outer loop
     vertex  5.499699e+01  5.072173e+01  4.262571e+01
     vertex  5.671930e+01  5.433638e+01  4.120723e+01
     vertex  5.472626e+01  5.471657e+01  4.120723e+01
   endloop
 endfacet
 facet normal  1.039750e-01  3.200022e-01  9.416941e-01
   outer loop
     vertex  5.499699e+01  5.072173e+01  4.262571e+01
     vertex  5.598804e+01  5.039972e+01  4.262571e+01
     vertex  5.671930e+01  5.433638e+01  4.120723e+01
   endloop
 endfacet
 facet normal -6.535351e-01 -7.376886e-01 -1.694327e-01
   outer loop
     vertex  4.096789e+01  3.419553e+01  2.413264e+01
     vertex  4.110620e+01  3.502218e+01  2.000000e+01
     vertex  4.426711e+01  3.222186e+01  2.000000e+01
   endloop
 endfacet
 facet normal -8.006836e-01 -5.817307e-01 -1.431615e-01
   outer loop
     vertex  4.096789e+01  3.419553e+01  2.413264e+01
     vertex  3.828979e+01  3.788162e+01  2.413264e+01
     vertex  4.110620e+01  3.502218e+01  2.000000e+01
   endloop
 endfacet
 facet normal -9.631653e-01 -2.472988e-01  1.056219e-01
   outer loop
     vertex  3.759906e+01  4.005832e+01  2.830660e+01
     vertex  3.648482e+01  4.439801e+01  2.830660e+01
     vertex  3.661252e+01  4.211791e+01  2.413264e+01
   endloop
 endfacet
 facet normal -9.291020e-01 -3.678575e-01  3.808276e-02
   outer loop
     vertex  3.759906e+01  4.005832e+01  2.830660e+01
     vertex  3.661252e+01  4.211791e+01  2.413264e+01
     vertex  3.828979e+01  3.788162e+01  2.413264e+01
   endloop
 endfacet
 facet normal -9.636652e-01  0.000000e+00  2.671131e-01
   outer loop
     vertex  3.759201e+01  4.663824e+01  3.230105e+01
     vertex  3.648482e+01  4.887846e+01  2.830660e+01
     vertex  3.648482e+01  4.439801e+01  2.830660e+01
   endloop
 endfacet
 facet normal -9.377847e-01  1.184698e-01  3.263815e-01
   outer loop
     vertex  3.759201e+01  4.663824e+01  3.230105e+01
     vertex  3.811435e+01  5.077295e+01  3.230105e+01
     vertex  3.648482e+01  4.887846e+01  2.830660e+01
   endloop
 endfacet
 facet normal -8.132726e-01  3.219974e-01  4.846703e-01
   outer loop
     vertex  4.073797e+01  5.197536e+01  3.590462e+01
     vertex  3.964854e+01  5.464787e+01  3.230105e+01
     vertex  3.811435e+01  5.077295e+01  3.230105e+01
   endloop
 endfacet
 facet normal -7.440392e-01  4.090390e-01  5.282922e-01
   outer loop
     vertex  4.073797e+01  5.197536e+01  3.590462e+01
     vertex  4.248876e+01  5.516004e+01  3.590462e+01
     vertex  3.964854e+01  5.464787e+01  3.230105e+01
   endloop
 endfacet
 facet normal -4.533876e-01  5.480515e-01  7.029077e-01
   outer loop
     vertex  4.575965e+01  5.458118e+01  3.892664e+01
     vertex  4.800071e+01  5.643515e+01  3.892664e+01
     vertex  4.497654e+01  5.780926e+01  3.590462e+01
   endloop
 endfacet
 facet normal -5.364380e-01  5.037488e-01  6.771052e-01
   outer loop
     vertex  4.575965e+01  5.458118e+01  3.892664e+01
     vertex  4.497654e+01  5.780926e+01  3.590462e+01
     vertex  4.248876e+01  5.516004e+01  3.590462e+01
   endloop
 endfacet
 facet normal -2.363463e-01  5.022614e-01  8.317896e-01
   outer loop
     vertex  5.077163e+01  5.396219e+01  4.120723e+01
     vertex  5.063243e+01  5.767354e+01  3.892664e+01
     vertex  4.800071e+01  5.643515e+01  3.892664e+01
   endloop
 endfacet
 facet normal -1.662686e-01  5.117222e-01  8.429087e-01
   outer loop
     vertex  5.077163e+01  5.396219e+01  4.120723e+01
     vertex  5.270130e+01  5.458917e+01  4.120723e+01
     vertex  5.063243e+01  5.767354e+01  3.892664e+01
   endloop
 endfacet
 facet normal  7.278301e-03  1.156853e-01  9.932593e-01
   outer loop
     vertex  5.395699e+01  5.078717e+01  4.262571e+01
     vertex  5.421802e+01  4.663824e+01  4.310702e+01
     vertex  5.499699e+01  5.072173e+01  4.262571e+01
   endloop
 endfacet
 facet normal -2.159244e-02  3.432020e-01  9.390134e-01
   outer loop
     vertex  5.395699e+01  5.078717e+01  4.262571e+01
     vertex  5.472626e+01  5.471657e+01  4.120723e+01
     vertex  5.270130e+01  5.458917e+01  4.120723e+01
   endloop
 endfacet
 facet normal  2.112714e-02  3.358063e-01  9.416941e-01
   outer loop
     vertex  5.395699e+01  5.078717e+01  4.262571e+01
     vertex  5.499699e+01  5.072173e+01  4.262571e+01
     vertex  5.472626e+01  5.471657e+01  4.120723e+01
   endloop
 endfacet
 facet normal -6.311898e-01 -7.629775e-01 -1.395162e-01
   outer loop
     vertex  4.447854e+01  3.129127e+01  2.413264e+01
     vertex  4.096789e+01  3.419553e+01  2.413264e+01
     vertex  4.426711e+01  3.222186e+01  2.000000e+01
   endloop
 endfacet
 facet normal -4.577188e-01 -8.721103e-01 -1.729656e-01
   outer loop
     vertex  4.447854e+01  3.129127e+01  2.413264e+01
     vertex  4.426711e+01  3.222186e+01  2.000000e+01
     vertex  4.800633e+01  3.025937e+01  2.000000e+01
   endloop
 endfacet
 facet normal -8.714049e-01 -4.790589e-01  1.056219e-01
   outer loop
     vertex  3.975753e+01  3.613208e+01  2.830660e+01
     vertex  3.759906e+01  4.005832e+01  2.830660e+01
     vertex  3.828979e+01  3.788162e+01  2.413264e+01
   endloop
 endfacet
 facet normal -8.084301e-01 -5.873589e-01  3.808276e-02
   outer loop
     vertex  3.975753e+01  3.613208e+01  2.830660e+01
     vertex  3.828979e+01  3.788162e+01  2.413264e+01
     vertex  4.096789e+01  3.419553e+01  2.413264e+01
   endloop
 endfacet
 facet normal -9.377847e-01 -1.184698e-01  3.263815e-01
   outer loop
     vertex  3.811435e+01  4.250352e+01  3.230105e+01
     vertex  3.759201e+01  4.663824e+01  3.230105e+01
     vertex  3.648482e+01  4.439801e+01  2.830660e+01
   endloop
 endfacet
 facet normal -9.333899e-01 -2.396538e-01  2.671131e-01
   outer loop
     vertex  3.811435e+01  4.250352e+01  3.230105e+01
     vertex  3.648482e+01  4.439801e+01  2.830660e+01
     vertex  3.759906e+01  4.005832e+01  2.830660e+01
   endloop
 endfacet
 facet normal -8.677997e-01  1.096286e-01  4.846703e-01
   outer loop
     vertex  3.983418e+01  4.845534e+01  3.590462e+01
     vertex  3.811435e+01  5.077295e+01  3.230105e+01
     vertex  3.759201e+01  4.663824e+01  3.230105e+01
   endloop
 endfacet
 facet normal -8.223877e-01  2.111533e-01  5.282922e-01
   outer loop
     vertex  3.983418e+01  4.845534e+01  3.590462e+01
     vertex  4.073797e+01  5.197536e+01  3.590462e+01
     vertex  3.811435e+01  5.077295e+01  3.230105e+01
   endloop
 endfacet
 facet normal -6.448621e-01  3.545159e-01  6.771052e-01
   outer loop
     vertex  4.405005e+01  5.222812e+01  3.892664e+01
     vertex  4.248876e+01  5.516004e+01  3.590462e+01
     vertex  4.073797e+01  5.197536e+01  3.590462e+01
   endloop
 endfacet
 facet normal -5.754385e-01  4.180806e-01  7.029077e-01
   outer loop
     vertex  4.405005e+01  5.222812e+01  3.892664e+01
     vertex  4.575965e+01  5.458118e+01  3.892664e+01
     vertex  4.248876e+01  5.516004e+01  3.590462e+01
   endloop
 endfacet
 facet normal -2.883051e-01  4.542962e-01  8.429087e-01
   outer loop
     vertex  4.905851e+01  5.287501e+01  4.120723e+01
     vertex  5.077163e+01  5.396219e+01  4.120723e+01
     vertex  4.800071e+01  5.643515e+01  3.892664e+01
   endloop
 endfacet
 facet normal -3.538283e-01  4.277050e-01  8.317896e-01
   outer loop
     vertex  4.905851e+01  5.287501e+01  4.120723e+01
     vertex  4.800071e+01  5.643515e+01  3.892664e+01
     vertex  4.575965e+01  5.458118e+01  3.892664e+01
   endloop
 endfacet
 facet normal -1.062649e-01  3.270498e-01  9.390134e-01
   outer loop
     vertex  5.293339e+01  5.059190e+01  4.262571e+01
     vertex  5.270130e+01  5.458917e+01  4.120723e+01
     vertex  5.077163e+01  5.396219e+01  4.120723e+01
   endloop
 endfacet
 facet normal -6.304824e-02  3.305104e-01  9.416941e-01
   outer loop
     vertex  5.293339e+01  5.059190e+01  4.262571e+01
     vertex  5.395699e+01  5.078717e+01  4.262571e+01
     vertex  5.270130e+01  5.458917e+01  4.120723e+01
   endloop
 endfacet
 facet normal -2.172012e-02  1.138609e-01  9.932593e-01
   outer loop
     vertex  5.293339e+01  5.059190e+01  4.262571e+01
     vertex  5.421802e+01  4.663824e+01  4.310702e+01
     vertex  5.395699e+01  5.078717e+01  4.262571e+01
   endloop
 endfacet
 facet normal -4.218087e-01 -8.963892e-01 -1.362489e-01
   outer loop
     vertex  4.860116e+01  2.935131e+01  2.413264e+01
     vertex  4.447854e+01  3.129127e+01  2.413264e+01
     vertex  4.800633e+01  3.025937e+01  2.000000e+01
   endloop
 endfacet
 facet normal -2.355757e-01 -9.557680e-01 -1.761012e-01
   outer loop
     vertex  4.860116e+01  2.935131e+01  2.413264e+01
     vertex  4.800633e+01  3.025937e+01  2.000000e+01
     vertex  5.210655e+01  2.924875e+01  2.000000e+01
   endloop
 endfacet
 facet normal -7.248910e-01 -6.807180e-01  1.056219e-01
   outer loop
     vertex  4.282461e+01  3.286597e+01  2.830660e+01
     vertex  3.975753e+01  3.613208e+01  2.830660e+01
     vertex  4.096789e+01  3.419553e+01  2.413264e+01
   endloop
 endfacet
 facet normal -6.369616e-01 -7.699543e-01  3.808276e-02
   outer loop
     vertex  4.282461e+01  3.286597e+01  2.830660e+01
     vertex  4.096789e+01  3.419553e+01  2.413264e+01
     vertex  4.447854e+01  3.129127e+01  2.413264e+01
   endloop
 endfacet
 facet normal -8.444662e-01 -4.642492e-01  2.671131e-01
   outer loop
     vertex  3.964854e+01  3.862860e+01  3.230105e+01
     vertex  3.759906e+01  4.005832e+01  2.830660e+01
     vertex  3.975753e+01  3.613208e+01  2.830660e+01
   endloop
 endfacet
 facet normal -8.788602e-01 -3.479654e-01  3.263815e-01
   outer loop
     vertex  3.964854e+01  3.862860e+01  3.230105e+01
     vertex  3.811435e+01  4.250352e+01  3.230105e+01
     vertex  3.759906e+01  4.005832e+01  2.830660e+01
   endloop
 endfacet
 facet normal -8.490626e-01  0.000000e+00  5.282922e-01
   outer loop
     vertex  3.983418e+01  4.482113e+01  3.590462e+01
     vertex  3.983418e+01  4.845534e+01  3.590462e+01
     vertex  3.759201e+01  4.663824e+01  3.230105e+01
   endloop
 endfacet
 facet normal -8.677997e-01 -1.096286e-01  4.846703e-01
   outer loop
     vertex  3.983418e+01  4.482113e+01  3.590462e+01
     vertex  3.759201e+01  4.663824e+01  3.230105e+01
     vertex  3.811435e+01  4.250352e+01  3.230105e+01
   endloop
 endfacet
 facet normal -6.613325e-01  2.618400e-01  7.029077e-01
   outer loop
     vertex  4.297935e+01  4.952383e+01  3.892664e+01
     vertex  4.405005e+01  5.222812e+01  3.892664e+01
     vertex  4.073797e+01  5.197536e+01  3.590462e+01
   endloop
 endfacet
 facet normal -7.127671e-01  1.830075e-01  6.771052e-01
   outer loop
     vertex  4.297935e+01  4.952383e+01  3.892664e+01
     vertex  4.073797e+01  5.197536e+01  3.590462e+01
     vertex  3.983418e+01  4.845534e+01  3.590462e+01
   endloop
 endfacet
 facet normal -4.490781e-01  3.262743e-01  8.317896e-01
   outer loop
     vertex  4.766958e+01  5.139595e+01  4.120723e+01
     vertex  4.575965e+01  5.458118e+01  3.892664e+01
     vertex  4.405005e+01  5.222812e+01  3.892664e+01
   endloop
 endfacet
 facet normal -3.922264e-01  3.683251e-01  8.429087e-01
   outer loop
     vertex  4.766958e+01  5.139595e+01  4.120723e+01
     vertex  4.905851e+01  5.287501e+01  4.120723e+01
     vertex  4.575965e+01  5.458118e+01  3.892664e+01
   endloop
 endfacet
 facet normal -1.842604e-01  2.903480e-01  9.390134e-01
   outer loop
     vertex  5.199051e+01  5.014822e+01  4.262571e+01
     vertex  5.077163e+01  5.396219e+01  4.120723e+01
     vertex  4.905851e+01  5.287501e+01  4.120723e+01
   endloop
 endfacet
 facet normal -1.432621e-01  3.044474e-01  9.416941e-01
   outer loop
     vertex  5.199051e+01  5.014822e+01  4.262571e+01
     vertex  5.293339e+01  5.059190e+01  4.262571e+01
     vertex  5.077163e+01  5.396219e+01  4.120723e+01
   endloop
 endfacet
 facet normal -4.935379e-02  1.048821e-01  9.932593e-01
   outer loop
     vertex  5.199051e+01  5.014822e+01  4.262571e+01
     vertex  5.421802e+01  4.663824e+01  4.310702e+01
     vertex  5.293339e+01  5.059190e+01  4.262571e+01
   endloop
 endfacet
 facet normal -2.478594e-15 -9.838780e-01 -1.788410e-01
   outer loop
     vertex  5.307670e+01  2.849756e+01  2.413264e+01
     vertex  5.210655e+01  2.924875e+01  2.000000e+01
     vertex  5.632948e+01  2.924875e+01  2.000000e+01
   endloop
 endfacet
 facet normal -1.857075e-01 -9.735129e-01 -1.333615e-01
   outer loop
     vertex  5.307670e+01  2.849756e+01  2.413264e+01
     vertex  4.860116e+01  2.935131e+01  2.413264e+01
     vertex  5.210655e+01  2.924875e+01  2.000000e+01
   endloop
 endfacet
 facet normal -5.328296e-01 -8.396051e-01  1.056219e-01
   outer loop
     vertex  4.660758e+01  3.046523e+01  2.830660e+01
     vertex  4.282461e+01  3.286597e+01  2.830660e+01
     vertex  4.447854e+01  3.129127e+01  2.413264e+01
   endloop
 endfacet
 facet normal -4.254704e-01 -9.041707e-01  3.808276e-02
   outer loop
     vertex  4.660758e+01  3.046523e+01  2.830660e+01
     vertex  4.447854e+01  3.129127e+01  2.413264e+01
     vertex  4.860116e+01  2.935131e+01  2.413264e+01
   endloop
 endfacet
 facet normal -7.024817e-01 -6.596742e-01  2.671131e-01
   outer loop
     vertex  4.209818e+01  3.525695e+01  3.230105e+01
     vertex  3.975753e+01  3.613208e+01  2.830660e+01
     vertex  4.282461e+01  3.286597e+01  2.830660e+01
   endloop
 endfacet
 facet normal -7.647137e-01 -5.555970e-01  3.263815e-01
   outer loop
     vertex  4.209818e+01  3.525695e+01  3.230105e+01
     vertex  3.964854e+01  3.862860e+01  3.230105e+01
     vertex  3.975753e+01  3.613208e+01  2.830660e+01
   endloop
 endfacet
 facet normal -8.132726e-01 -3.219974e-01  4.846703e-01
   outer loop
     vertex  4.073797e+01  4.130111e+01  3.590462e+01
     vertex  3.811435e+01  4.250352e+01  3.230105e+01
     vertex  3.964854e+01  3.862860e+01  3.230105e+01
   endloop
 endfacet
 facet normal -8.223877e-01 -2.111533e-01  5.282922e-01
   outer loop
     vertex  4.073797e+01  4.130111e+01  3.590462e+01
     vertex  3.983418e+01  4.482113e+01  3.590462e+01
     vertex  3.811435e+01  4.250352e+01  3.230105e+01
   endloop
 endfacet
 facet normal -7.358863e-01  0.000000e+00  6.771052e-01
   outer loop
     vertex  4.261481e+01  4.663824e+01  3.892664e+01
     vertex  3.983418e+01  4.845534e+01  3.590462e+01
     vertex  3.983418e+01  4.482113e+01  3.590462e+01
   endloop
 endfacet
 facet normal -7.056725e-01  8.914716e-02  7.029077e-01
   outer loop
     vertex  4.261481e+01  4.663824e+01  3.892664e+01
     vertex  4.297935e+01  4.952383e+01  3.892664e+01
     vertex  3.983418e+01  4.845534e+01  3.590462e+01
   endloop
 endfacet
 facet normal -5.161106e-01  2.043426e-01  8.317896e-01
   outer loop
     vertex  4.669212e+01  4.961795e+01  4.120723e+01
     vertex  4.405005e+01  5.222812e+01  3.892664e+01
     vertex  4.297935e+01  4.952383e+01  3.892664e+01
   endloop
 endfacet
 facet normal -4.715026e-01  2.592107e-01  8.429087e-01
   outer loop
     vertex  4.669212e+01  4.961795e+01  4.120723e+01
     vertex  4.766958e+01  5.139595e+01  4.120723e+01
     vertex  4.405005e+01  5.222812e+01  3.892664e+01
   endloop
 endfacet
 facet normal -7.388637e-02  8.931328e-02  9.932593e-01
   outer loop
     vertex  5.118760e+01  4.948399e+01  4.262571e+01
     vertex  5.421802e+01  4.663824e+01  4.310702e+01
     vertex  5.199051e+01  5.014822e+01  4.262571e+01
   endloop
 endfacet
 facet normal -2.144742e-01  2.592548e-01  9.416941e-01
   outer loop
     vertex  5.118760e+01  4.948399e+01  4.262571e+01
     vertex  5.199051e+01  5.014822e+01  4.262571e+01
     vertex  4.905851e+01  5.287501e+01  4.120723e+01
   endloop
 endfacet
 facet normal -2.506781e-01  2.354024e-01  9.390134e-01
   outer loop
     vertex  5.118760e+01  4.948399e+01  4.262571e+01
     vertex  4.905851e+01  5.287501e+01  4.120723e+01
     vertex  4.766958e+01  5.139595e+01  4.120723e+01
   endloop
 endfacet
 facet normal  2.353547e-01 -9.548715e-01 -1.811867e-01
   outer loop
     vertex  5.762396e+01  2.878365e+01  2.413264e+01
     vertex  5.632948e+01  2.924875e+01  2.000000e+01
     vertex  6.042970e+01  3.025937e+01  2.000000e+01
   endloop
 endfacet
 facet normal  6.225061e-02 -9.894451e-01 -1.308558e-01
   outer loop
     vertex  5.762396e+01  2.878365e+01  2.413264e+01
     vertex  5.307670e+01  2.849756e+01  2.413264e+01
     vertex  5.632948e+01  2.924875e+01  2.000000e+01
   endloop
 endfacet
 facet normal -1.872454e-01 -9.815747e-01  3.808276e-02
   outer loop
     vertex  5.086874e+01  2.908069e+01  2.830660e+01
     vertex  4.860116e+01  2.935131e+01  2.413264e+01
     vertex  5.307670e+01  2.849756e+01  2.413264e+01
   endloop
 endfacet
 facet normal -3.072885e-01 -9.457367e-01  1.056219e-01
   outer loop
     vertex  5.086874e+01  2.908069e+01  2.830660e+01
     vertex  4.660758e+01  3.046523e+01  2.830660e+01
     vertex  4.860116e+01  2.935131e+01  2.413264e+01
   endloop
 endfacet
 facet normal -5.163576e-01 -8.136494e-01  2.671131e-01
   outer loop
     vertex  4.530936e+01  3.260044e+01  3.230105e+01
     vertex  4.282461e+01  3.286597e+01  2.830660e+01
     vertex  4.660758e+01  3.046523e+01  2.830660e+01
   endloop
 endfacet
 facet normal -6.025175e-01 -7.283185e-01  3.263815e-01
   outer loop
     vertex  4.530936e+01  3.260044e+01  3.230105e+01
     vertex  4.209818e+01  3.525695e+01  3.230105e+01
     vertex  4.282461e+01  3.286597e+01  2.830660e+01
   endloop
 endfacet
 facet normal -7.076447e-01 -5.141339e-01  4.846703e-01
   outer loop
     vertex  4.248876e+01  3.811643e+01  3.590462e+01
     vertex  3.964854e+01  3.862860e+01  3.230105e+01
     vertex  4.209818e+01  3.525695e+01  3.230105e+01
   endloop
 endfacet
 facet normal -7.440392e-01 -4.090390e-01  5.282922e-01
   outer loop
     vertex  4.248876e+01  3.811643e+01  3.590462e+01
     vertex  4.073797e+01  4.130111e+01  3.590462e+01
     vertex  3.964854e+01  3.862860e+01  3.230105e+01
   endloop
 endfacet
 facet normal -7.056725e-01 -8.914716e-02  7.029077e-01
   outer loop
     vertex  4.297935e+01  4.375264e+01  3.892664e+01
     vertex  4.261481e+01  4.663824e+01  3.892664e+01
     vertex  3.983418e+01  4.482113e+01  3.590462e+01
   endloop
 endfacet
 facet normal -7.127671e-01 -1.830075e-01  6.771052e-01
   outer loop
     vertex  4.297935e+01  4.375264e+01  3.892664e+01
     vertex  3.983418e+01  4.482113e+01  3.590462e+01
     vertex  4.073797e+01  4.130111e+01  3.590462e+01
   endloop
 endfacet
 facet normal -5.211526e-01  1.338092e-01  8.429087e-01
   outer loop
     vertex  4.618753e+01  4.765272e+01  4.120723e+01
     vertex  4.669212e+01  4.961795e+01  4.120723e+01
     vertex  4.297935e+01  4.952383e+01  3.892664e+01
   endloop
 endfacet
 facet normal -5.507139e-01  6.957135e-02  8.317896e-01
   outer loop
     vertex  4.618753e+01  4.765272e+01  4.120723e+01
     vertex  4.297935e+01  4.952383e+01  3.892664e+01
     vertex  4.261481e+01  4.663824e+01  3.892664e+01
   endloop
 endfacet
 facet normal -9.377641e-02  6.813255e-02  9.932593e-01
   outer loop
     vertex  5.057509e+01  4.864095e+01  4.262571e+01
     vertex  5.421802e+01  4.663824e+01  4.310702e+01
     vertex  5.118760e+01  4.948399e+01  4.262571e+01
   endloop
 endfacet
 facet normal -3.013448e-01  1.656657e-01  9.390134e-01
   outer loop
     vertex  5.057509e+01  4.864095e+01  4.262571e+01
     vertex  4.766958e+01  5.139595e+01  4.120723e+01
     vertex  4.669212e+01  4.961795e+01  4.120723e+01
   endloop
 endfacet
 facet normal -2.722102e-01  1.977723e-01  9.416941e-01
   outer loop
     vertex  5.057509e+01  4.864095e+01  4.262571e+01
     vertex  5.118760e+01  4.948399e+01  4.262571e+01
     vertex  4.766958e+01  5.139595e+01  4.120723e+01
   endloop
 endfacet
 facet normal  4.568633e-01 -8.704803e-01 -1.831394e-01
   outer loop
     vertex  6.195721e+01  3.019161e+01  2.413264e+01
     vertex  6.042970e+01  3.025937e+01  2.000000e+01
     vertex  6.416892e+01  3.222186e+01  2.000000e+01
   endloop
 endfacet
 facet normal  3.064457e-01 -9.431430e-01 -1.287333e-01
   outer loop
     vertex  6.195721e+01  3.019161e+01  2.413264e+01
     vertex  5.762396e+01  2.878365e+01  2.413264e+01
     vertex  6.042970e+01  3.025937e+01  2.000000e+01
   endloop
 endfacet
 facet normal  6.274497e-02 -9.973027e-01  3.808276e-02
   outer loop
     vertex  5.534034e+01  2.879936e+01  2.830660e+01
     vertex  5.307670e+01  2.849756e+01  2.413264e+01
     vertex  5.762396e+01  2.878365e+01  2.413264e+01
   endloop
 endfacet
 facet normal -6.243929e-02 -9.924441e-01  1.056219e-01
   outer loop
     vertex  5.534034e+01  2.879936e+01  2.830660e+01
     vertex  5.086874e+01  2.908069e+01  2.830660e+01
     vertex  5.307670e+01  2.849756e+01  2.413264e+01
   endloop
 endfacet
 facet normal -2.977889e-01 -9.165001e-01  2.671131e-01
   outer loop
     vertex  4.908030e+01  3.082597e+01  3.230105e+01
     vertex  4.660758e+01  3.046523e+01  2.830660e+01
     vertex  5.086874e+01  2.908069e+01  2.830660e+01
   endloop
 endfacet
 facet normal -4.024628e-01 -8.552770e-01  3.263815e-01
   outer loop
     vertex  4.908030e+01  3.082597e+01  3.230105e+01
     vertex  4.530936e+01  3.260044e+01  3.230105e+01
     vertex  4.660758e+01  3.046523e+01  2.830660e+01
   endloop
 endfacet
 facet normal -5.575528e-01 -6.739656e-01  4.846703e-01
   outer loop
     vertex  4.497654e+01  3.546721e+01  3.590462e+01
     vertex  4.209818e+01  3.525695e+01  3.230105e+01
     vertex  4.530936e+01  3.260044e+01  3.230105e+01
   endloop
 endfacet
 facet normal -6.189400e-01 -5.812234e-01  5.282922e-01
   outer loop
     vertex  4.497654e+01  3.546721e+01  3.590462e+01
     vertex  4.248876e+01  3.811643e+01  3.590462e+01
     vertex  4.209818e+01  3.525695e+01  3.230105e+01
   endloop
 endfacet
 facet normal -6.448621e-01 -3.545159e-01  6.771052e-01
   outer loop
     vertex  4.405005e+01  4.104835e+01  3.892664e+01
     vertex  4.073797e+01  4.130111e+01  3.590462e+01
     vertex  4.248876e+01  3.811643e+01  3.590462e+01
   endloop
 endfacet
 facet normal -6.613325e-01 -2.618400e-01  7.029077e-01
   outer loop
     vertex  4.405005e+01  4.104835e+01  3.892664e+01
     vertex  4.297935e+01  4.375264e+01  3.892664e+01
     vertex  4.073797e+01  4.130111e+01  3.590462e+01
   endloop
 endfacet
 facet normal -5.507139e-01 -6.957135e-02  8.317896e-01
   outer loop
     vertex  4.618753e+01  4.562375e+01  4.120723e+01
     vertex  4.261481e+01  4.663824e+01  3.892664e+01
     vertex  4.297935e+01  4.375264e+01  3.892664e+01
   endloop
 endfacet
 facet normal -5.380566e-01  0.000000e+00  8.429087e-01
   outer loop
     vertex  4.618753e+01  4.562375e+01  4.120723e+01
     vertex  4.618753e+01  4.765272e+01  4.120723e+01
     vertex  4.261481e+01  4.663824e+01  3.892664e+01
   endloop
 endfacet
 facet normal -3.330769e-01  8.551962e-02  9.390134e-01
   outer loop
     vertex  5.019149e+01  4.767207e+01  4.262571e+01
     vertex  4.669212e+01  4.961795e+01  4.120723e+01
     vertex  4.618753e+01  4.765272e+01  4.120723e+01
   endloop
 endfacet
 facet normal -3.128421e-01  1.238630e-01  9.416941e-01
   outer loop
     vertex  5.019149e+01  4.767207e+01  4.262571e+01
     vertex  5.057509e+01  4.864095e+01  4.262571e+01
     vertex  4.669212e+01  4.961795e+01  4.120723e+01
   endloop
 endfacet
 facet normal -1.077741e-01  4.267080e-02  9.932593e-01
   outer loop
     vertex  5.019149e+01  4.767207e+01  4.262571e+01
     vertex  5.421802e+01  4.663824e+01  4.310702e+01
     vertex  5.057509e+01  4.864095e+01  4.262571e+01
   endloop
 endfacet
 facet normal  5.314884e-01 -8.374917e-01 -1.269951e-01
   outer loop
     vertex  6.580418e+01  3.263297e+01  2.413264e+01
     vertex  6.195721e+01  3.019161e+01  2.413264e+01
     vertex  6.416892e+01  3.222186e+01  2.000000e+01
   endloop
 endfacet
 facet normal  6.517136e-01 -7.356326e-01 -1.847002e-01
   outer loop
     vertex  6.580418e+01  3.263297e+01  2.413264e+01
     vertex  6.416892e+01  3.222186e+01  2.000000e+01
     vertex  6.732983e+01  3.502218e+01  2.000000e+01
   endloop
 endfacet
 facet normal  3.087928e-01 -9.503666e-01  3.808276e-02
   outer loop
     vertex  5.974143e+01  2.963891e+01  2.830660e+01
     vertex  5.762396e+01  2.878365e+01  2.413264e+01
     vertex  6.195721e+01  3.019161e+01  2.413264e+01
   endloop
 endfacet
 facet normal  1.863332e-01 -9.767927e-01  1.056219e-01
   outer loop
     vertex  5.974143e+01  2.963891e+01  2.830660e+01
     vertex  5.534034e+01  2.879936e+01  2.830660e+01
     vertex  5.762396e+01  2.878365e+01  2.413264e+01
   endloop
 endfacet
 facet normal -6.050904e-02 -9.617636e-01  2.671131e-01
   outer loop
     vertex  5.317406e+01  3.004504e+01  3.230105e+01
     vertex  5.086874e+01  2.908069e+01  2.830660e+01
     vertex  5.534034e+01  2.879936e+01  2.830660e+01
   endloop
 endfacet
 facet normal -1.771200e-01 -9.284954e-01  3.263815e-01
   outer loop
     vertex  5.317406e+01  3.004504e+01  3.230105e+01
     vertex  4.908030e+01  3.082597e+01  3.230105e+01
     vertex  5.086874e+01  2.908069e+01  2.830660e+01
   endloop
 endfacet
 facet normal -3.724278e-01 -7.914494e-01  4.846703e-01
   outer loop
     vertex  4.804500e+01  3.351991e+01  3.590462e+01
     vertex  4.530936e+01  3.260044e+01  3.230105e+01
     vertex  4.908030e+01  3.082597e+01  3.230105e+01
   endloop
 endfacet
 facet normal -4.549505e-01 -7.168873e-01  5.282922e-01
   outer loop
     vertex  4.804500e+01  3.351991e+01  3.590462e+01
     vertex  4.497654e+01  3.546721e+01  3.590462e+01
     vertex  4.530936e+01  3.260044e+01  3.230105e+01
   endloop
 endfacet
 facet normal -5.754385e-01 -4.180806e-01  7.029077e-01
   outer loop
     vertex  4.575965e+01  3.869529e+01  3.892664e+01
     vertex  4.405005e+01  4.104835e+01  3.892664e+01
     vertex  4.248876e+01  3.811643e+01  3.590462e+01
   endloop
 endfacet
 facet normal -5.364380e-01 -5.037488e-01  6.771052e-01
   outer loop
     vertex  4.575965e+01  3.869529e+01  3.892664e+01
     vertex  4.248876e+01  3.811643e+01  3.590462e+01
     vertex  4.497654e+01  3.546721e+01  3.590462e+01
   endloop
 endfacet
 facet normal -5.161106e-01 -2.043426e-01  8.317896e-01
   outer loop
     vertex  4.669212e+01  4.365852e+01  4.120723e+01
     vertex  4.297935e+01  4.375264e+01  3.892664e+01
     vertex  4.405005e+01  4.104835e+01  3.892664e+01
   endloop
 endfacet
 facet normal -5.211526e-01 -1.338092e-01  8.429087e-01
   outer loop
     vertex  4.669212e+01  4.365852e+01  4.120723e+01
     vertex  4.618753e+01  4.562375e+01  4.120723e+01
     vertex  4.297935e+01  4.375264e+01  3.892664e+01
   endloop
 endfacet
 facet normal  0.000000e+00  0.000000e+00  0.000000e+00
   outer loop
     vertex  5.006088e+01  4.663824e+01  4.262571e+01
     vertex  5.421802e+01  4.663824e+01  4.310702e+01
     vertex  5.421802e+01  4.663824e+01  4.310702e+01
   endloop
 endfacet
 facet normal -3.438806e-01  0.000000e+00  9.390134e-01
   outer loop
     vertex  5.006088e+01  4.663824e+01  4.262571e+01
     vertex  4.618753e+01  4.765272e+01  4.120723e+01
     vertex  4.618753e+01  4.562375e+01  4.120723e+01
   endloop
 endfacet
 facet normal -3.338171e-01  4.217091e-02  9.416941e-01
   outer loop
     vertex  5.006088e+01  4.663824e+01  4.262571e+01
     vertex  5.019149e+01  4.767207e+01  4.262571e+01
     vertex  4.618753e+01  4.765272e+01  4.120723e+01
   endloop
 endfacet
 facet normal -1.150000e-01  1.452788e-02  9.932593e-01
   outer loop
     vertex  5.006088e+01  4.663824e+01  4.262571e+01
     vertex  5.421802e+01  4.663824e+01  4.310702e+01
     vertex  5.019149e+01  4.767207e+01  4.262571e+01
   endloop
 endfacet
 facet normal  7.231920e-01 -6.791225e-01 -1.256421e-01
   outer loop
     vertex  6.892315e+01  3.595433e+01  2.413264e+01
     vertex  6.580418e+01  3.263297e+01  2.413264e+01
     vertex  6.732983e+01  3.502218e+01  2.000000e+01
   endloop
 endfacet
 facet normal  8.086428e-01 -5.581658e-01 -1.858700e-01
   outer loop
     vertex  6.892315e+01  3.595433e+01  2.413264e+01
     vertex  6.732983e+01  3.502218e+01  2.000000e+01
     vertex  6.972873e+01  3.849759e+01  2.000000e+01
   endloop
 endfacet
 facet normal  5.354381e-01 -8.437154e-01  3.808276e-02
   outer loop
     vertex  6.379546e+01  3.154660e+01  2.830660e+01
     vertex  6.195721e+01  3.019161e+01  2.413264e+01
     vertex  6.580418e+01  3.263297e+01  2.413264e+01
   endloop
 endfacet
 facet normal  4.233976e-01 -8.997658e-01  1.056219e-01
   outer loop
     vertex  6.379546e+01  3.154660e+01  2.830660e+01
     vertex  5.974143e+01  2.963891e+01  2.830660e+01
     vertex  6.195721e+01  3.019161e+01  2.413264e+01
   endloop
 endfacet
 facet normal  1.805728e-01 -9.465960e-01  2.671131e-01
   outer loop
     vertex  5.733342e+01  3.030672e+01  3.230105e+01
     vertex  5.534034e+01  2.879936e+01  2.830660e+01
     vertex  5.974143e+01  2.963891e+01  2.830660e+01
   endloop
 endfacet
 facet normal  5.935199e-02 -9.433729e-01  3.263815e-01
   outer loop
     vertex  5.733342e+01  3.030672e+01  3.230105e+01
     vertex  5.317406e+01  3.004504e+01  3.230105e+01
     vertex  5.534034e+01  2.879936e+01  2.830660e+01
   endloop
 endfacet
 facet normal -1.639019e-01 -8.592036e-01  4.846703e-01
   outer loop
     vertex  5.150133e+01  3.239688e+01  3.590462e+01
     vertex  4.908030e+01  3.082597e+01  3.230105e+01
     vertex  5.317406e+01  3.004504e+01  3.230105e+01
   endloop
 endfacet
 facet normal -2.623748e-01 -8.075065e-01  5.282922e-01
   outer loop
     vertex  5.150133e+01  3.239688e+01  3.590462e+01
     vertex  4.804500e+01  3.351991e+01  3.590462e+01
     vertex  4.908030e+01  3.082597e+01  3.230105e+01
   endloop
 endfacet
 facet normal -3.943076e-01 -6.213293e-01  6.771052e-01
   outer loop
     vertex  4.800071e+01  3.684132e+01  3.892664e+01
     vertex  4.497654e+01  3.546721e+01  3.590462e+01
     vertex  4.804500e+01  3.351991e+01  3.590462e+01
   endloop
 endfacet
 facet normal -4.533876e-01 -5.480515e-01  7.029077e-01
   outer loop
     vertex  4.800071e+01  3.684132e+01  3.892664e+01
     vertex  4.575965e+01  3.869529e+01  3.892664e+01
     vertex  4.497654e+01  3.546721e+01  3.590462e+01
   endloop
 endfacet
 facet normal -4.490781e-01 -3.262743e-01  8.317896e-01
   outer loop
     vertex  4.766958e+01  4.188052e+01  4.120723e+01
     vertex  4.405005e+01  4.104835e+01  3.892664e+01
     vertex  4.575965e+01  3.869529e+01  3.892664e+01
   endloop
 endfacet
 facet normal -4.715026e-01 -2.592107e-01  8.429087e-01
   outer loop
     vertex  4.766958e+01  4.188052e+01  4.120723e+01
     vertex  4.669212e+01  4.365852e+01  4.120723e+01
     vertex  4.405005e+01  4.104835e+01  3.892664e+01
   endloop
 endfacet
 facet normal -1.150000e-01 -1.452788e-02  9.932593e-01
   outer loop
     vertex  5.019149e+01  4.560440e+01  4.262571e+01
     vertex  5.421802e+01  4.663824e+01  4.310702e+01
     vertex  5.006088e+01  4.663824e+01  4.262571e+01
   endloop
 endfacet
 facet normal -3.330769e-01 -8.551962e-02  9.390134e-01
   outer loop
     vertex  5.019149e+01  4.560440e+01  4.262571e+01
     vertex  4.618753e+01  4.562375e+01  4.120723e+01
     vertex  4.669212e+01  4.365852e+01  4.120723e+01
   endloop
 endfacet
 facet normal -3.338171e-01 -4.217091e-02  9.416941e-01
   outer loop
     vertex  5.019149e+01  4.560440e+01  4.262571e+01
     vertex  5.006088e+01  4.663824e+01  4.262571e+01
     vertex  4.618753e+01  4.562375e+01  4.120723e+01
   endloop
 endfacet
 facet normal  9.185848e-01 -3.483733e-01 -1.866495e-01
   outer loop
     vertex  7.111814e+01  3.994700e+01  2.413264e+01
     vertex  6.972873e+01  3.849759e+01  2.000000e+01
     vertex  7.122620e+01  4.244609e+01  2.000000e+01
   endloop
 endfacet
 facet normal  8.694694e-01 -4.779948e-01 -1.246752e-01
   outer loop
     vertex  7.111814e+01  3.994700e+01  2.413264e+01
     vertex  6.892315e+01  3.595433e+01  2.413264e+01
     vertex  6.972873e+01  3.849759e+01  2.000000e+01
   endloop
 endfacet
 facet normal  6.338585e-01 -7.662033e-01  1.056219e-01
   outer loop
     vertex  6.724771e+01  3.440254e+01  2.830660e+01
     vertex  6.379546e+01  3.154660e+01  2.830660e+01
     vertex  6.580418e+01  3.263297e+01  2.413264e+01
   endloop
 endfacet
 facet normal  7.284398e-01 -6.840505e-01  3.808276e-02
   outer loop
     vertex  6.724771e+01  3.440254e+01  2.830660e+01
     vertex  6.580418e+01  3.263297e+01  2.413264e+01
     vertex  6.892315e+01  3.595433e+01  2.413264e+01
   endloop
 endfacet
 facet normal  4.103087e-01 -8.719503e-01  2.671131e-01
   outer loop
     vertex  6.129703e+01  3.159458e+01  3.230105e+01
     vertex  5.974143e+01  2.963891e+01  2.830660e+01
     vertex  6.379546e+01  3.154660e+01  2.830660e+01
   endloop
 endfacet
 facet normal  2.920947e-01 -8.989749e-01  3.263815e-01
   outer loop
     vertex  6.129703e+01  3.159458e+01  3.230105e+01
     vertex  5.733342e+01  3.030672e+01  3.230105e+01
     vertex  5.974143e+01  2.963891e+01  2.830660e+01
   endloop
 endfacet
 facet normal  5.492267e-02 -8.729709e-01  4.846703e-01
   outer loop
     vertex  5.512837e+01  3.216868e+01  3.590462e+01
     vertex  5.317406e+01  3.004504e+01  3.230105e+01
     vertex  5.733342e+01  3.030672e+01  3.230105e+01
   endloop
 endfacet
 facet normal -5.331308e-02 -8.473872e-01  5.282922e-01
   outer loop
     vertex  5.512837e+01  3.216868e+01  3.590462e+01
     vertex  5.150133e+01  3.239688e+01  3.590462e+01
     vertex  5.317406e+01  3.004504e+01  3.230105e+01
   endloop
 endfacet
 facet normal -2.274014e-01 -6.998694e-01  6.771052e-01
   outer loop
     vertex  5.063243e+01  3.560293e+01  3.892664e+01
     vertex  4.804500e+01  3.351991e+01  3.590462e+01
     vertex  5.150133e+01  3.239688e+01  3.590462e+01
   endloop
 endfacet
 facet normal -3.028488e-01 -6.435864e-01  7.029077e-01
   outer loop
     vertex  5.063243e+01  3.560293e+01  3.892664e+01
     vertex  4.800071e+01  3.684132e+01  3.892664e+01
     vertex  4.804500e+01  3.351991e+01  3.590462e+01
   endloop
 endfacet
 facet normal -3.538283e-01 -4.277050e-01  8.317896e-01
   outer loop
     vertex  4.905851e+01  4.040146e+01  4.120723e+01
     vertex  4.575965e+01  3.869529e+01  3.892664e+01
     vertex  4.800071e+01  3.684132e+01  3.892664e+01
   endloop
 endfacet
 facet normal -3.922264e-01 -3.683251e-01  8.429087e-01
   outer loop
     vertex  4.905851e+01  4.040146e+01  4.120723e+01
     vertex  4.766958e+01  4.188052e+01  4.120723e+01
     vertex  4.575965e+01  3.869529e+01  3.892664e+01
   endloop
 endfacet
 facet normal -3.128421e-01 -1.238630e-01  9.416941e-01
   outer loop
     vertex  5.057509e+01  4.463552e+01  4.262571e+01
     vertex  5.019149e+01  4.560440e+01  4.262571e+01
     vertex  4.669212e+01  4.365852e+01  4.120723e+01
   endloop
 endfacet
 facet normal -3.013448e-01 -1.656657e-01  9.390134e-01
   outer loop
     vertex  5.057509e+01  4.463552e+01  4.262571e+01
     vertex  4.669212e+01  4.365852e+01  4.120723e+01
     vertex  4.766958e+01  4.188052e+01  4.120723e+01
   endloop
 endfacet
 facet normal -1.077741e-01 -4.267080e-02  9.932593e-01
   outer loop
     vertex  5.057509e+01  4.463552e+01  4.262571e+01
     vertex  5.421802e+01  4.663824e+01  4.310702e+01
     vertex  5.019149e+01  4.560440e+01  4.262571e+01
   endloop
 endfacet
 facet normal  9.856102e-01 -6.200934e-02 -1.572495e-01
   outer loop
     vertex  7.225123e+01  4.436011e+01  2.413264e+01
     vertex  7.173522e+01  4.663824e+01  2.000000e+01
     vertex  7.239456e+01  4.663824e+01  2.413264e+01
   endloop
 endfacet
 facet normal  9.954280e-01 -6.262702e-02  7.211761e-02
   outer loop
     vertex  7.225123e+01  4.436011e+01  2.413264e+01
     vertex  7.239456e+01  4.663824e+01  2.413264e+01
     vertex  7.209216e+01  4.663824e+01  2.830660e+01
   endloop
 endfacet
 facet normal  9.751900e-01 -1.184095e-01 -1.870391e-01
   outer loop
     vertex  7.225123e+01  4.436011e+01  2.413264e+01
     vertex  7.122620e+01  4.244609e+01  2.000000e+01
     vertex  7.173522e+01  4.663824e+01  2.000000e+01
   endloop
 endfacet
 facet normal  9.610964e-01 -2.467676e-01 -1.240949e-01
   outer loop
     vertex  7.225123e+01  4.436011e+01  2.413264e+01
     vertex  7.111814e+01  3.994700e+01  2.413264e+01
     vertex  7.122620e+01  4.244609e+01  2.000000e+01
   endloop
 endfacet
 facet normal  8.756710e-01 -4.814042e-01  3.808276e-02
   outer loop
     vertex  6.988125e+01  3.802730e+01  2.830660e+01
     vertex  6.892315e+01  3.595433e+01  2.413264e+01
     vertex  7.111814e+01  3.994700e+01  2.413264e+01
   endloop
 endfacet
 facet normal  8.044916e-01 -5.844974e-01  1.056219e-01
   outer loop
     vertex  6.988125e+01  3.802730e+01  2.830660e+01
     vertex  6.724771e+01  3.440254e+01  2.830660e+01
     vertex  6.892315e+01  3.595433e+01  2.413264e+01
   endloop
 endfacet
 facet normal  6.142633e-01 -7.425168e-01  2.671131e-01
   outer loop
     vertex  6.481583e+01  3.382768e+01  3.230105e+01
     vertex  6.379546e+01  3.154660e+01  2.830660e+01
     vertex  6.724771e+01  3.440254e+01  2.830660e+01
   endloop
 endfacet
 facet normal  5.064839e-01 -7.980910e-01  3.263815e-01
   outer loop
     vertex  6.481583e+01  3.382768e+01  3.230105e+01
     vertex  6.129703e+01  3.159458e+01  3.230105e+01
     vertex  6.379546e+01  3.154660e+01  2.830660e+01
   endloop
 endfacet
 facet normal  2.702962e-01 -8.318862e-01  4.846703e-01
   outer loop
     vertex  5.869820e+01  3.284966e+01  3.590462e+01
     vertex  5.733342e+01  3.030672e+01  3.230105e+01
     vertex  6.129703e+01  3.159458e+01  3.230105e+01
   endloop
 endfacet
 facet normal  1.590985e-01 -8.340234e-01  5.282922e-01
   outer loop
     vertex  5.869820e+01  3.284966e+01  3.590462e+01
     vertex  5.512837e+01  3.216868e+01  3.590462e+01
     vertex  5.733342e+01  3.030672e+01  3.230105e+01
   endloop
 endfacet
 facet normal -4.620668e-02 -7.344342e-01  6.771052e-01
   outer loop
     vertex  5.348945e+01  3.505793e+01  3.892664e+01
     vertex  5.150133e+01  3.239688e+01  3.590462e+01
     vertex  5.512837e+01  3.216868e+01  3.590462e+01
   endloop
 endfacet
 facet normal -1.332808e-01 -6.986824e-01  7.029077e-01
   outer loop
     vertex  5.348945e+01  3.505793e+01  3.892664e+01
     vertex  5.063243e+01  3.560293e+01  3.892664e+01
     vertex  5.150133e+01  3.239688e+01  3.590462e+01
   endloop
 endfacet
 facet normal -2.363463e-01 -5.022614e-01  8.317896e-01
   outer loop
     vertex  5.077163e+01  3.931428e+01  4.120723e+01
     vertex  4.800071e+01  3.684132e+01  3.892664e+01
     vertex  5.063243e+01  3.560293e+01  3.892664e+01
   endloop
 endfacet
 facet normal -2.883051e-01 -4.542962e-01  8.429087e-01
   outer loop
     vertex  5.077163e+01  3.931428e+01  4.120723e+01
     vertex  4.905851e+01  4.040146e+01  4.120723e+01
     vertex  4.800071e+01  3.684132e+01  3.892664e+01
   endloop
 endfacet
 facet normal -2.506781e-01 -2.354024e-01  9.390134e-01
   outer loop
     vertex  5.118760e+01  4.379248e+01  4.262571e+01
     vertex  4.766958e+01  4.188052e+01  4.120723e+01
     vertex  4.905851e+01  4.040146e+01  4.120723e+01
   endloop
 endfacet
 facet normal -2.722102e-01 -1.977723e-01  9.416941e-01
   outer loop
     vertex  5.118760e+01  4.379248e+01  4.262571e+01
     vertex  5.057509e+01  4.463552e+01  4.262571e+01
     vertex  4.766958e+01  4.188052e+01  4.120723e+01
   endloop
 endfacet
 facet normal -9.377641e-02 -6.813255e-02  9.932593e-01
   outer loop
     vertex  5.118760e+01  4.379248e+01  4.262571e+01
     vertex  5.421802e+01  4.663824e+01  4.310702e+01
     vertex  5.057509e+01  4.463552e+01  4.262571e+01
   endloop
 endfacet
 facet normal  9.865652e-01 -1.246322e-01  1.056219e-01
   outer loop
     vertex  7.153061e+01  4.219312e+01  2.830660e+01
     vertex  7.225123e+01  4.436011e+01  2.413264e+01
     vertex  7.209216e+01  4.663824e+01  2.830660e+01
   endloop
 endfacet
 facet normal  9.678805e-01 -2.485095e-01  3.808276e-02
   outer loop
     vertex  7.153061e+01  4.219312e+01  2.830660e+01
     vertex  7.111814e+01  3.994700e+01  2.413264e+01
     vertex  7.225123e+01  4.436011e+01  2.413264e+01
   endloop
 endfacet
 facet normal  9.245757e-01 -3.660654e-01  1.056219e-01
   outer loop
     vertex  7.153061e+01  4.219312e+01  2.830660e+01
     vertex  6.988125e+01  3.802730e+01  2.830660e+01
     vertex  7.111814e+01  3.994700e+01  2.413264e+01
   endloop
 endfacet
 facet normal  7.796215e-01 -5.664282e-01  2.671131e-01
   outer loop
     vertex  6.766874e+01  3.686571e+01  3.230105e+01
     vertex  6.724771e+01  3.440254e+01  2.830660e+01
     vertex  6.988125e+01  3.802730e+01  2.830660e+01
   endloop
 endfacet
 facet normal  6.890490e-01 -6.470600e-01  3.263815e-01
   outer loop
     vertex  6.766874e+01  3.686571e+01  3.230105e+01
     vertex  6.481583e+01  3.382768e+01  3.230105e+01
     vertex  6.724771e+01  3.440254e+01  2.830660e+01
   endloop
 endfacet
 facet normal  4.686860e-01 -7.385310e-01  4.846703e-01
   outer loop
     vertex  6.198652e+01  3.439703e+01  3.590462e+01
     vertex  6.129703e+01  3.159458e+01  3.230105e+01
     vertex  6.481583e+01  3.382768e+01  3.230105e+01
   endloop
 endfacet
 facet normal  3.615133e-01 -7.682548e-01  5.282922e-01
   outer loop
     vertex  6.198652e+01  3.439703e+01  3.590462e+01
     vertex  5.869820e+01  3.284966e+01  3.590462e+01
     vertex  6.129703e+01  3.159458e+01  3.230105e+01
   endloop
 endfacet
 facet normal  4.466171e-02 -7.098776e-01  7.029077e-01
   outer loop
     vertex  5.639224e+01  3.524055e+01  3.892664e+01
     vertex  5.348945e+01  3.505793e+01  3.892664e+01
     vertex  5.512837e+01  3.216868e+01  3.590462e+01
   endloop
 endfacet
 facet normal  1.378913e-01 -7.228517e-01  6.771052e-01
   outer loop
     vertex  5.639224e+01  3.524055e+01  3.892664e+01
     vertex  5.512837e+01  3.216868e+01  3.590462e+01
     vertex  5.869820e+01  3.284966e+01  3.590462e+01
   endloop
 endfacet
 facet normal -1.662686e-01 -5.117222e-01  8.429087e-01
   outer loop
     vertex  5.270130e+01  3.868730e+01  4.120723e+01
     vertex  5.077163e+01  3.931428e+01  4.120723e+01
     vertex  5.063243e+01  3.560293e+01  3.892664e+01
   endloop
 endfacet
 facet normal -1.040137e-01 -5.452588e-01  8.317896e-01
   outer loop
     vertex  5.270130e+01  3.868730e+01  4.120723e+01
     vertex  5.063243e+01  3.560293e+01  3.892664e+01
     vertex  5.348945e+01  3.505793e+01  3.892664e+01
   endloop
 endfacet
 facet normal -1.842604e-01 -2.903480e-01  9.390134e-01
   outer loop
     vertex  5.199051e+01  4.312825e+01  4.262571e+01
     vertex  4.905851e+01  4.040146e+01  4.120723e+01
     vertex  5.077163e+01  3.931428e+01  4.120723e+01
   endloop
 endfacet
 facet normal -2.144742e-01 -2.592548e-01  9.416941e-01
   outer loop
     vertex  5.199051e+01  4.312825e+01  4.262571e+01
     vertex  5.118760e+01  4.379248e+01  4.262571e+01
     vertex  4.905851e+01  4.040146e+01  4.120723e+01
   endloop
 endfacet
 facet normal -7.388637e-02 -8.931328e-02  9.932593e-01
   outer loop
     vertex  5.199051e+01  4.312825e+01  4.262571e+01
     vertex  5.421802e+01  4.663824e+01  4.310702e+01
     vertex  5.118760e+01  4.379248e+01  4.262571e+01
   endloop
 endfacet
 facet normal  8.959932e-01 -3.547488e-01  2.671131e-01
   outer loop
     vertex  6.967649e+01  4.051779e+01  3.230105e+01
     vertex  6.988125e+01  3.802730e+01  2.830660e+01
     vertex  7.153061e+01  4.219312e+01  2.830660e+01
   endloop
 endfacet
 facet normal  8.283185e-01 -4.553719e-01  3.263815e-01
   outer loop
     vertex  6.967649e+01  4.051779e+01  3.230105e+01
     vertex  6.766874e+01  3.686571e+01  3.230105e+01
     vertex  6.988125e+01  3.802730e+01  2.830660e+01
   endloop
 endfacet
 facet normal  6.376266e-01 -5.987712e-01  4.846703e-01
   outer loop
     vertex  6.478672e+01  3.671356e+01  3.590462e+01
     vertex  6.481583e+01  3.382768e+01  3.230105e+01
     vertex  6.766874e+01  3.686571e+01  3.230105e+01
   endloop
 endfacet
 facet normal  5.412129e-01 -6.542140e-01  5.282922e-01
   outer loop
     vertex  6.478672e+01  3.671356e+01  3.590462e+01
     vertex  6.198652e+01  3.439703e+01  3.590462e+01
     vertex  6.481583e+01  3.382768e+01  3.230105e+01
   endloop
 endfacet
 facet normal  3.133251e-01 -6.658498e-01  6.771052e-01
   outer loop
     vertex  5.915842e+01  3.613934e+01  3.892664e+01
     vertex  5.869820e+01  3.284966e+01  3.590462e+01
     vertex  6.198652e+01  3.439703e+01  3.590462e+01
   endloop
 endfacet
 facet normal  2.197980e-01 -6.764685e-01  7.029077e-01
   outer loop
     vertex  5.915842e+01  3.613934e+01  3.892664e+01
     vertex  5.639224e+01  3.524055e+01  3.892664e+01
     vertex  5.869820e+01  3.284966e+01  3.590462e+01
   endloop
 endfacet
 facet normal  3.485445e-02 -5.539957e-01  8.317896e-01
   outer loop
     vertex  5.472626e+01  3.855990e+01  4.120723e+01
     vertex  5.348945e+01  3.505793e+01  3.892664e+01
     vertex  5.639224e+01  3.524055e+01  3.892664e+01
   endloop
 endfacet
 facet normal -3.378485e-02 -5.369949e-01  8.429087e-01
   outer loop
     vertex  5.472626e+01  3.855990e+01  4.120723e+01
     vertex  5.270130e+01  3.868730e+01  4.120723e+01
     vertex  5.348945e+01  3.505793e+01  3.892664e+01
   endloop
 endfacet
 facet normal -1.062649e-01 -3.270498e-01  9.390134e-01
   outer loop
     vertex  5.293339e+01  4.268457e+01  4.262571e+01
     vertex  5.077163e+01  3.931428e+01  4.120723e+01
     vertex  5.270130e+01  3.868730e+01  4.120723e+01
   endloop
 endfacet
 facet normal -4.935379e-02 -1.048821e-01  9.932593e-01
   outer loop
     vertex  5.293339e+01  4.268457e+01  4.262571e+01
     vertex  5.421802e+01  4.663824e+01  4.310702e+01
     vertex  5.199051e+01  4.312825e+01  4.262571e+01
   endloop
 endfacet
 facet normal -1.432621e-01 -3.044474e-01  9.416941e-01
   outer loop
     vertex  5.293339e+01  4.268457e+01  4.262571e+01
     vertex  5.199051e+01  4.312825e+01  4.262571e+01
     vertex  5.077163e+01  3.931428e+01  4.120723e+01
   endloop
 endfacet
 facet normal  9.527719e-01 -5.994333e-02  2.977120e-01
   outer loop
     vertex  7.071292e+01  4.455444e+01  3.230105e+01
     vertex  7.209216e+01  4.663824e+01  2.830660e+01
     vertex  7.084402e+01  4.663824e+01  3.230105e+01
   endloop
 endfacet
 facet normal  9.560664e-01 -1.207793e-01  2.671131e-01
   outer loop
     vertex  7.071292e+01  4.455444e+01  3.230105e+01
     vertex  7.153061e+01  4.219312e+01  2.830660e+01
     vertex  7.209216e+01  4.663824e+01  2.830660e+01
   endloop
 endfacet
 facet normal  8.598268e-01 -5.409572e-02  5.077120e-01
   outer loop
     vertex  7.071292e+01  4.455444e+01  3.230105e+01
     vertex  7.084402e+01  4.663824e+01  3.230105e+01
     vertex  6.871618e+01  4.663824e+01  3.590462e+01
   endloop
 endfacet
 facet normal  9.155417e-01 -2.350712e-01  3.263815e-01
   outer loop
     vertex  7.071292e+01  4.455444e+01  3.230105e+01
     vertex  6.967649e+01  4.051779e+01  3.230105e+01
     vertex  7.153061e+01  4.219312e+01  2.830660e+01
   endloop
 endfacet
 facet normal  7.665028e-01 -4.213885e-01  4.846703e-01
   outer loop
     vertex  6.692285e+01  3.965369e+01  3.590462e+01
     vertex  6.766874e+01  3.686571e+01  3.230105e+01
     vertex  6.967649e+01  4.051779e+01  3.230105e+01
   endloop
 endfacet
 facet normal  6.869061e-01 -4.990665e-01  5.282922e-01
   outer loop
     vertex  6.692285e+01  3.965369e+01  3.590462e+01
     vertex  6.478672e+01  3.671356e+01  3.590462e+01
     vertex  6.766874e+01  3.686571e+01  3.230105e+01
   endloop
 endfacet
 facet normal  4.690716e-01 -5.670101e-01  6.771052e-01
   outer loop
     vertex  6.161418e+01  3.769781e+01  3.892664e+01
     vertex  6.198652e+01  3.439703e+01  3.590462e+01
     vertex  6.478672e+01  3.671356e+01  3.590462e+01
   endloop
 endfacet
 facet normal  3.811235e-01 -6.005545e-01  7.029077e-01
   outer loop
     vertex  6.161418e+01  3.769781e+01  3.892664e+01
     vertex  5.915842e+01  3.613934e+01  3.892664e+01
     vertex  6.198652e+01  3.439703e+01  3.590462e+01
   endloop
 endfacet
 facet normal  1.008218e-01 -5.285261e-01  8.429087e-01
   outer loop
     vertex  5.671930e+01  3.894009e+01  4.120723e+01
     vertex  5.472626e+01  3.855990e+01  4.120723e+01
     vertex  5.639224e+01  3.524055e+01  3.892664e+01
   endloop
 endfacet
 facet normal  1.715326e-01 -5.279229e-01  8.317896e-01
   outer loop
     vertex  5.671930e+01  3.894009e+01  4.120723e+01
     vertex  5.639224e+01  3.524055e+01  3.892664e+01
     vertex  5.915842e+01  3.613934e+01  3.892664e+01
   endloop
 endfacet
 facet normal -2.172012e-02 -1.138609e-01  9.932593e-01
   outer loop
     vertex  5.395699e+01  4.248930e+01  4.262571e+01
     vertex  5.421802e+01  4.663824e+01  4.310702e+01
     vertex  5.293339e+01  4.268457e+01  4.262571e+01
   endloop
 endfacet
 facet normal -2.159244e-02 -3.432020e-01  9.390134e-01
   outer loop
     vertex  5.395699e+01  4.248930e+01  4.262571e+01
     vertex  5.270130e+01  3.868730e+01  4.120723e+01
     vertex  5.472626e+01  3.855990e+01  4.120723e+01
   endloop
 endfacet
 facet normal -6.304824e-02 -3.305104e-01  9.416941e-01
   outer loop
     vertex  5.395699e+01  4.248930e+01  4.262571e+01
     vertex  5.293339e+01  4.268457e+01  4.262571e+01
     vertex  5.270130e+01  3.868730e+01  4.120723e+01
   endloop
 endfacet
 facet normal  8.423675e-01 -1.064158e-01  5.282922e-01
   outer loop
     vertex  6.826069e+01  4.303269e+01  3.590462e+01
     vertex  7.071292e+01  4.455444e+01  3.230105e+01
     vertex  6.871618e+01  4.663824e+01  3.590462e+01
   endloop
 endfacet
 facet normal  8.472167e-01 -2.175283e-01  4.846703e-01
   outer loop
     vertex  6.826069e+01  4.303269e+01  3.590462e+01
     vertex  6.967649e+01  4.051779e+01  3.230105e+01
     vertex  7.071292e+01  4.455444e+01  3.230105e+01
   endloop
 endfacet
 facet normal  7.894384e-01 -3.125608e-01  5.282922e-01
   outer loop
     vertex  6.826069e+01  4.303269e+01  3.590462e+01
     vertex  6.692285e+01  3.965369e+01  3.590462e+01
     vertex  6.967649e+01  4.051779e+01  3.230105e+01
   endloop
 endfacet
 facet normal  5.953445e-01 -4.325431e-01  6.771052e-01
   outer loop
     vertex  6.360521e+01  3.981804e+01  3.892664e+01
     vertex  6.478672e+01  3.671356e+01  3.590462e+01
     vertex  6.692285e+01  3.965369e+01  3.590462e+01
   endloop
 endfacet
 facet normal  5.185016e-01 -4.869054e-01  7.029077e-01
   outer loop
     vertex  6.360521e+01  3.981804e+01  3.892664e+01
     vertex  6.161418e+01  3.769781e+01  3.892664e+01
     vertex  6.478672e+01  3.671356e+01  3.590462e+01
   endloop
 endfacet
 facet normal  2.974326e-01 -4.686788e-01  8.317896e-01
   outer loop
     vertex  5.855517e+01  3.980398e+01  4.120723e+01
     vertex  5.915842e+01  3.613934e+01  3.892664e+01
     vertex  6.161418e+01  3.769781e+01  3.892664e+01
   endloop
 endfacet
 facet normal  2.290934e-01 -4.868482e-01  8.429087e-01
   outer loop
     vertex  5.855517e+01  3.980398e+01  4.120723e+01
     vertex  5.671930e+01  3.894009e+01  4.120723e+01
     vertex  5.915842e+01  3.613934e+01  3.892664e+01
   endloop
 endfacet
 facet normal  6.443679e-02 -3.377895e-01  9.390134e-01
   outer loop
     vertex  5.499699e+01  4.255474e+01  4.262571e+01
     vertex  5.472626e+01  3.855990e+01  4.120723e+01
     vertex  5.671930e+01  3.894009e+01  4.120723e+01
   endloop
 endfacet
 facet normal  7.278301e-03 -1.156853e-01  9.932593e-01
   outer loop
     vertex  5.499699e+01  4.255474e+01  4.262571e+01
     vertex  5.421802e+01  4.663824e+01  4.310702e+01
     vertex  5.395699e+01  4.248930e+01  4.262571e+01
   endloop
 endfacet
 facet normal  2.112714e-02 -3.358063e-01  9.416941e-01
   outer loop
     vertex  5.499699e+01  4.255474e+01  4.262571e+01
     vertex  5.395699e+01  4.248930e+01  4.262571e+01
     vertex  5.472626e+01  3.855990e+01  4.120723e+01
   endloop
 endfacet
 facet normal  6.842098e-01 -2.708978e-01  6.771052e-01
   outer loop
     vertex  6.500641e+01  4.236681e+01  3.892664e+01
     vertex  6.692285e+01  3.965369e+01  3.590462e+01
     vertex  6.826069e+01  4.303269e+01  3.590462e+01
   endloop
 endfacet
 facet normal  6.233004e-01 -3.426623e-01  7.029077e-01
   outer loop
     vertex  6.500641e+01  4.236681e+01  3.892664e+01
     vertex  6.360521e+01  3.981804e+01  3.892664e+01
     vertex  6.692285e+01  3.965369e+01  3.590462e+01
   endloop
 endfacet
 facet normal  4.046439e-01 -3.799859e-01  8.317896e-01
   outer loop
     vertex  6.011852e+01  4.109730e+01  4.120723e+01
     vertex  6.161418e+01  3.769781e+01  3.892664e+01
     vertex  6.360521e+01  3.981804e+01  3.892664e+01
   endloop
 endfacet
 facet normal  3.429702e-01 -4.145797e-01  8.429087e-01
   outer loop
     vertex  6.011852e+01  4.109730e+01  4.120723e+01
     vertex  5.855517e+01  3.980398e+01  4.120723e+01
     vertex  6.161418e+01  3.769781e+01  3.892664e+01
   endloop
 endfacet
 facet normal  1.039750e-01 -3.200022e-01  9.416941e-01
   outer loop
     vertex  5.598804e+01  4.287675e+01  4.262571e+01
     vertex  5.499699e+01  4.255474e+01  4.262571e+01
     vertex  5.671930e+01  3.894009e+01  4.120723e+01
   endloop
 endfacet
 facet normal  1.464172e-01 -3.111524e-01  9.390134e-01
   outer loop
     vertex  5.598804e+01  4.287675e+01  4.262571e+01
     vertex  5.671930e+01  3.894009e+01  4.120723e+01
     vertex  5.855517e+01  3.980398e+01  4.120723e+01
   endloop
 endfacet
 facet normal  3.581940e-02 -1.102408e-01  9.932593e-01
   outer loop
     vertex  5.598804e+01  4.287675e+01  4.262571e+01
     vertex  5.421802e+01  4.663824e+01  4.310702e+01
     vertex  5.499699e+01  4.255474e+01  4.262571e+01
   endloop
 endfacet
 facet normal  7.213817e-01 -4.538549e-02  6.910489e-01
   outer loop
     vertex  6.572973e+01  4.518397e+01  3.892664e+01
     vertex  6.871618e+01  4.663824e+01  3.590462e+01
     vertex  6.582122e+01  4.663824e+01  3.892664e+01
   endloop
 endfacet
 facet normal  5.446355e-01 -3.426556e-02  8.379726e-01
   outer loop
     vertex  6.572973e+01  4.518397e+01  3.892664e+01
     vertex  6.582122e+01  4.663824e+01  3.892664e+01
     vertex  6.231233e+01  4.663824e+01  4.120723e+01
   endloop
 endfacet
 facet normal  6.889349e-01 -1.768884e-01  7.029077e-01
   outer loop
     vertex  6.572973e+01  4.518397e+01  3.892664e+01
     vertex  6.500641e+01  4.236681e+01  3.892664e+01
     vertex  6.826069e+01  4.303269e+01  3.590462e+01
   endloop
 endfacet
 facet normal  7.300836e-01 -9.223101e-02  6.771052e-01
   outer loop
     vertex  6.572973e+01  4.518397e+01  3.892664e+01
     vertex  6.826069e+01  4.303269e+01  3.590462e+01
     vertex  6.871618e+01  4.663824e+01  3.590462e+01
   endloop
 endfacet
 facet normal  4.864300e-01 -2.674171e-01  8.317896e-01
   outer loop
     vertex  6.131112e+01  4.273877e+01  4.120723e+01
     vertex  6.360521e+01  3.981804e+01  3.892664e+01
     vertex  6.500641e+01  4.236681e+01  3.892664e+01
   endloop
 endfacet
 facet normal  4.352969e-01 -3.162617e-01  8.429087e-01
   outer loop
     vertex  6.131112e+01  4.273877e+01  4.120723e+01
     vertex  6.011852e+01  4.109730e+01  4.120723e+01
     vertex  6.360521e+01  3.981804e+01  3.892664e+01
   endloop
 endfacet
 facet normal  6.210984e-02 -9.786944e-02  9.932593e-01
   outer loop
     vertex  5.686788e+01  4.343511e+01  4.262571e+01
     vertex  5.421802e+01  4.663824e+01  4.310702e+01
     vertex  5.598804e+01  4.287675e+01  4.262571e+01
   endloop
 endfacet
 facet normal  2.191977e-01 -2.649645e-01  9.390134e-01
   outer loop
     vertex  5.686788e+01  4.343511e+01  4.262571e+01
     vertex  5.855517e+01  3.980398e+01  4.120723e+01
     vertex  6.011852e+01  4.109730e+01  4.120723e+01
   endloop
 endfacet
 facet normal  1.802898e-01 -2.840912e-01  9.416941e-01
   outer loop
     vertex  5.686788e+01  4.343511e+01  4.262571e+01
     vertex  5.598804e+01  4.287675e+01  4.262571e+01
     vertex  5.855517e+01  3.980398e+01  4.120723e+01
   endloop
 endfacet
 facet normal  5.338139e-01 -6.743637e-02  8.429087e-01
   outer loop
     vertex  6.205803e+01  4.462526e+01  4.120723e+01
     vertex  6.572973e+01  4.518397e+01  3.892664e+01
     vertex  6.231233e+01  4.663824e+01  4.120723e+01
   endloop
 endfacet
 facet normal  5.376518e-01 -1.380455e-01  8.317896e-01
   outer loop
     vertex  6.205803e+01  4.462526e+01  4.120723e+01
     vertex  6.500641e+01  4.236681e+01  3.892664e+01
     vertex  6.572973e+01  4.518397e+01  3.892664e+01
   endloop
 endfacet
 facet normal  5.002724e-01 -1.980718e-01  8.429087e-01
   outer loop
     vertex  6.205803e+01  4.462526e+01  4.120723e+01
     vertex  6.131112e+01  4.273877e+01  4.120723e+01
     vertex  6.500641e+01  4.236681e+01  3.892664e+01
   endloop
 endfacet
 facet normal  8.449768e-02 -7.934860e-02  9.932593e-01
   outer loop
     vertex  5.758121e+01  4.419473e+01  4.262571e+01
     vertex  5.421802e+01  4.663824e+01  4.310702e+01
     vertex  5.686788e+01  4.343511e+01  4.262571e+01
   endloop
 endfacet
 facet normal  2.782052e-01 -2.021279e-01  9.390134e-01
   outer loop
     vertex  5.758121e+01  4.419473e+01  4.262571e+01
     vertex  6.011852e+01  4.109730e+01  4.120723e+01
     vertex  6.131112e+01  4.273877e+01  4.120723e+01
   endloop
 endfacet
 facet normal  2.452763e-01 -2.303297e-01  9.416941e-01
   outer loop
     vertex  5.758121e+01  4.419473e+01  4.262571e+01
     vertex  5.686788e+01  4.343511e+01  4.262571e+01
     vertex  6.011852e+01  4.109730e+01  4.120723e+01
   endloop
 endfacet
 facet normal  1.015762e-01 -5.584200e-02  9.932593e-01
   outer loop
     vertex  5.808322e+01  4.510789e+01  4.262571e+01
     vertex  5.421802e+01  4.663824e+01  4.310702e+01
     vertex  5.758121e+01  4.419473e+01  4.262571e+01
   endloop
 endfacet
 facet normal  3.197321e-01 -1.265909e-01  9.390134e-01
   outer loop
     vertex  5.808322e+01  4.510789e+01  4.262571e+01
     vertex  6.131112e+01  4.273877e+01  4.120723e+01
     vertex  6.205803e+01  4.462526e+01  4.120723e+01
   endloop
 endfacet
 facet normal  2.948511e-01 -1.620958e-01  9.416941e-01
   outer loop
     vertex  5.808322e+01  4.510789e+01  4.262571e+01
     vertex  5.758121e+01  4.419473e+01  4.262571e+01
     vertex  6.131112e+01  4.273877e+01  4.120723e+01
   endloop
 endfacet
 facet normal  3.388739e-01 -2.132014e-02  9.405902e-01
   outer loop
     vertex  5.834237e+01  4.611721e+01  4.262571e+01
     vertex  6.231233e+01  4.663824e+01  4.120723e+01
     vertex  5.837515e+01  4.663824e+01  4.262571e+01
   endloop
 endfacet
 facet normal  1.150091e-01 -7.235761e-03  9.933381e-01
   outer loop
     vertex  5.834237e+01  4.611721e+01  4.262571e+01
     vertex  5.837515e+01  4.663824e+01  4.262571e+01
     vertex  5.421802e+01  4.663824e+01  4.310702e+01
   endloop
 endfacet
 facet normal  1.122724e-01 -2.882664e-02  9.932593e-01
   outer loop
     vertex  5.834237e+01  4.611721e+01  4.262571e+01
     vertex  5.421802e+01  4.663824e+01  4.310702e+01
     vertex  5.808322e+01  4.510789e+01  4.262571e+01
   endloop
 endfacet
 facet normal  3.411690e-01 -4.309966e-02  9.390134e-01
   outer loop
     vertex  5.834237e+01  4.611721e+01  4.262571e+01
     vertex  6.205803e+01  4.462526e+01  4.120723e+01
     vertex  6.231233e+01  4.663824e+01  4.120723e+01
   endloop
 endfacet
 facet normal  3.258994e-01 -8.367675e-02  9.416941e-01
   outer loop
     vertex  5.834237e+01  4.611721e+01  4.262571e+01
     vertex  5.808322e+01  4.510789e+01  4.262571e+01
     vertex  6.205803e+01  4.462526e+01  4.120723e+01
   endloop
 endfacet
endsolid
